match_id,year,cup_name,round,date,team,opponent,goals_for,goals_against,goal_difference,is_winner,is_draw,is_loser,match_played
1930_1,1930,World Cup 1930,Matchday 1,1930-07-13,France,Mexico,4,1,3,True,False,False,True
1930_1,1930,World Cup 1930,Matchday 1,1930-07-13,Mexico,France,1,4,-3,False,False,True,True
1930_2,1930,World Cup 1930,Matchday 3,1930-07-15,Argentina,France,1,0,1,True,False,False,True
1930_2,1930,World Cup 1930,Matchday 3,1930-07-15,France,Argentina,0,1,-1,False,False,True,True
1930_3,1930,World Cup 1930,Matchday 4,1930-07-16,Chile,Mexico,3,0,3,True,False,False,True
1930_3,1930,World Cup 1930,Matchday 4,1930-07-16,Mexico,Chile,0,3,-3,False,False,True,True
1930_4,1930,World Cup 1930,Matchday 7,1930-07-19,Chile,France,1,0,1,True,False,False,True
1930_4,1930,World Cup 1930,Matchday 7,1930-07-19,France,Chile,0,1,-1,False,False,True,True
1930_5,1930,World Cup 1930,Matchday 7,1930-07-19,Argentina,Mexico,6,3,3,True,False,False,True
1930_5,1930,World Cup 1930,Matchday 7,1930-07-19,Mexico,Argentina,3,6,-3,False,False,True,True
1930_6,1930,World Cup 1930,Matchday 10,1930-07-22,Argentina,Chile,3,1,2,True,False,False,True
1930_6,1930,World Cup 1930,Matchday 10,1930-07-22,Chile,Argentina,1,3,-2,False,False,True,True
1930_7,1930,World Cup 1930,Matchday 2,1930-07-14,Yugoslavia,Brazil,2,1,1,True,False,False,True
1930_7,1930,World Cup 1930,Matchday 2,1930-07-14,Brazil,Yugoslavia,1,2,-1,False,False,True,True
1930_8,1930,World Cup 1930,Matchday 5,1930-07-17,Yugoslavia,Bolivia,4,0,4,True,False,False,True
1930_8,1930,World Cup 1930,Matchday 5,1930-07-17,Bolivia,Yugoslavia,0,4,-4,False,False,True,True
1930_9,1930,World Cup 1930,Matchday 8,1930-07-20,Brazil,Bolivia,4,0,4,True,False,False,True
1930_9,1930,World Cup 1930,Matchday 8,1930-07-20,Bolivia,Brazil,0,4,-4,False,False,True,True
1930_10,1930,World Cup 1930,Matchday 2,1930-07-14,Romania,Peru,3,1,2,True,False,False,True
1930_10,1930,World Cup 1930,Matchday 2,1930-07-14,Peru,Romania,1,3,-2,False,False,True,True
1930_11,1930,World Cup 1930,Matchday 6,1930-07-18,Uruguay,Peru,1,0,1,True,False,False,True
1930_11,1930,World Cup 1930,Matchday 6,1930-07-18,Peru,Uruguay,0,1,-1,False,False,True,True
1930_12,1930,World Cup 1930,Matchday 9,1930-07-21,Uruguay,Romania,4,0,4,True,False,False,True
1930_12,1930,World Cup 1930,Matchday 9,1930-07-21,Romania,Uruguay,0,4,-4,False,False,True,True
1930_13,1930,World Cup 1930,Matchday 1,1930-07-13,United States,Belgium,3,0,3,True,False,False,True
1930_13,1930,World Cup 1930,Matchday 1,1930-07-13,Belgium,United States,0,3,-3,False,False,True,True
1930_14,1930,World Cup 1930,Matchday 5,1930-07-17,United States,Paraguay,3,0,3,True,False,False,True
1930_14,1930,World Cup 1930,Matchday 5,1930-07-17,Paraguay,United States,0,3,-3,False,False,True,True
1930_15,1930,World Cup 1930,Matchday 8,1930-07-20,Paraguay,Belgium,1,0,1,True,False,False,True
1930_15,1930,World Cup 1930,Matchday 8,1930-07-20,Belgium,Paraguay,0,1,-1,False,False,True,True
1930_16,1930,World Cup 1930,Semi-finals,1930-07-26,Argentina,United States,6,1,5,True,False,False,True
1930_16,1930,World Cup 1930,Semi-finals,1930-07-26,United States,Argentina,1,6,-5,False,False,True,True
1930_17,1930,World Cup 1930,Semi-finals,1930-07-27,Uruguay,Yugoslavia,6,1,5,True,False,False,True
1930_17,1930,World Cup 1930,Semi-finals,1930-07-27,Yugoslavia,Uruguay,1,6,-5,False,False,True,True
1930_18,1930,World Cup 1930,Final,1930-07-30,Uruguay,Argentina,4,2,2,True,False,False,True
1930_18,1930,World Cup 1930,Final,1930-07-30,Argentina,Uruguay,2,4,-2,False,False,True,True
1934_1,1934,World Cup 1934,Preliminary round,1934-05-27,Sweden,Argentina,3,2,1,True,False,False,True
1934_1,1934,World Cup 1934,Preliminary round,1934-05-27,Argentina,Sweden,2,3,-1,False,False,True,True
1934_2,1934,World Cup 1934,Preliminary round,1934-05-27,Austria,France,3,2,1,True,False,False,True
1934_2,1934,World Cup 1934,Preliminary round,1934-05-27,France,Austria,2,3,-1,False,False,True,True
1934_3,1934,World Cup 1934,Preliminary round,1934-05-27,Germany,Belgium,5,2,3,True,False,False,True
1934_3,1934,World Cup 1934,Preliminary round,1934-05-27,Belgium,Germany,2,5,-3,False,False,True,True
1934_4,1934,World Cup 1934,Preliminary round,1934-05-27,Spain,Brazil,3,1,2,True,False,False,True
1934_4,1934,World Cup 1934,Preliminary round,1934-05-27,Brazil,Spain,1,3,-2,False,False,True,True
1934_5,1934,World Cup 1934,Preliminary round,1934-05-27,Hungary,Egypt,4,2,2,True,False,False,True
1934_5,1934,World Cup 1934,Preliminary round,1934-05-27,Egypt,Hungary,2,4,-2,False,False,True,True
1934_6,1934,World Cup 1934,Preliminary round,1934-05-27,Switzerland,Netherlands,3,2,1,True,False,False,True
1934_6,1934,World Cup 1934,Preliminary round,1934-05-27,Netherlands,Switzerland,2,3,-1,False,False,True,True
1934_7,1934,World Cup 1934,Preliminary round,1934-05-27,Italy,United States,7,1,6,True,False,False,True
1934_7,1934,World Cup 1934,Preliminary round,1934-05-27,United States,Italy,1,7,-6,False,False,True,True
1934_8,1934,World Cup 1934,Preliminary round,1934-05-27,Czechoslovakia,Romania,2,1,1,True,False,False,True
1934_8,1934,World Cup 1934,Preliminary round,1934-05-27,Romania,Czechoslovakia,1,2,-1,False,False,True,True
1934_9,1934,World Cup 1934,Quarter-finals,1934-05-31,Czechoslovakia,Switzerland,3,2,1,True,False,False,True
1934_9,1934,World Cup 1934,Quarter-finals,1934-05-31,Switzerland,Czechoslovakia,2,3,-1,False,False,True,True
1934_10,1934,World Cup 1934,Quarter-finals,1934-05-31,Germany,Sweden,2,1,1,True,False,False,True
1934_10,1934,World Cup 1934,Quarter-finals,1934-05-31,Sweden,Germany,1,2,-1,False,False,True,True
1934_11,1934,World Cup 1934,Quarter-finals,1934-05-31,Italy,Spain,1,1,0,False,True,False,True
1934_11,1934,World Cup 1934,Quarter-finals,1934-05-31,Spain,Italy,1,1,0,False,True,False,True
1934_12,1934,World Cup 1934,Quarter-finals,1934-05-31,Austria,Hungary,2,1,1,True,False,False,True
1934_12,1934,World Cup 1934,Quarter-finals,1934-05-31,Hungary,Austria,1,2,-1,False,False,True,True
1934_13,1934,World Cup 1934,"Quarter-finals, Replays",1934-06-01,Italy,Spain,1,0,1,True,False,False,True
1934_13,1934,World Cup 1934,"Quarter-finals, Replays",1934-06-01,Spain,Italy,0,1,-1,False,False,True,True
1934_14,1934,World Cup 1934,Semi-finals,1934-06-03,Italy,Austria,1,0,1,True,False,False,True
1934_14,1934,World Cup 1934,Semi-finals,1934-06-03,Austria,Italy,0,1,-1,False,False,True,True
1934_15,1934,World Cup 1934,Semi-finals,1934-06-03,Czechoslovakia,Germany,3,1,2,True,False,False,True
1934_15,1934,World Cup 1934,Semi-finals,1934-06-03,Germany,Czechoslovakia,1,3,-2,False,False,True,True
1934_16,1934,World Cup 1934,Third-place match,1934-06-07,Germany,Austria,3,2,1,True,False,False,True
1934_16,1934,World Cup 1934,Third-place match,1934-06-07,Austria,Germany,2,3,-1,False,False,True,True
1934_17,1934,World Cup 1934,Final,1934-06-10,Italy,Czechoslovakia,2,1,1,True,False,False,True
1934_17,1934,World Cup 1934,Final,1934-06-10,Czechoslovakia,Italy,1,2,-1,False,False,True,True
1938_1,1938,World Cup 1938,First round,1938-06-04,Switzerland,Germany,1,1,0,False,True,False,True
1938_1,1938,World Cup 1938,First round,1938-06-04,Germany,Switzerland,1,1,0,False,True,False,True
1938_2,1938,World Cup 1938,First round,1938-06-05,Hungary,Dutch East Indies,6,0,6,True,False,False,True
1938_2,1938,World Cup 1938,First round,1938-06-05,Dutch East Indies,Hungary,0,6,-6,False,False,True,True
1938_3,1938,World Cup 1938,First round,1938-06-05,France,Belgium,3,1,2,True,False,False,True
1938_3,1938,World Cup 1938,First round,1938-06-05,Belgium,France,1,3,-2,False,False,True,True
1938_4,1938,World Cup 1938,First round,1938-06-05,Cuba,Romania,3,3,0,False,True,False,True
1938_4,1938,World Cup 1938,First round,1938-06-05,Romania,Cuba,3,3,0,False,True,False,True
1938_5,1938,World Cup 1938,First round,1938-06-05,Italy,Norway,2,1,1,True,False,False,True
1938_5,1938,World Cup 1938,First round,1938-06-05,Norway,Italy,1,2,-1,False,False,True,True
1938_6,1938,World Cup 1938,First round,1938-06-05,Brazil,Poland,6,5,1,True,False,False,True
1938_6,1938,World Cup 1938,First round,1938-06-05,Poland,Brazil,5,6,-1,False,False,True,True
1938_7,1938,World Cup 1938,First round,1938-06-05,Czechoslovakia,Netherlands,3,0,3,True,False,False,True
1938_7,1938,World Cup 1938,First round,1938-06-05,Netherlands,Czechoslovakia,0,3,-3,False,False,True,True
1938_9,1938,World Cup 1938,"First round, Replays",1938-06-09,Cuba,Romania,2,1,1,True,False,False,True
1938_9,1938,World Cup 1938,"First round, Replays",1938-06-09,Romania,Cuba,1,2,-1,False,False,True,True
1938_10,1938,World Cup 1938,"First round, Replays",1938-06-09,Germany,Switzerland,2,4,-2,False,False,True,True
1938_10,1938,World Cup 1938,"First round, Replays",1938-06-09,Switzerland,Germany,4,2,2,True,False,False,True
1938_11,1938,World Cup 1938,Quarter-finals,1938-06-12,Brazil,Czechoslovakia,1,1,0,False,True,False,True
1938_11,1938,World Cup 1938,Quarter-finals,1938-06-12,Czechoslovakia,Brazil,1,1,0,False,True,False,True
1938_12,1938,World Cup 1938,Quarter-finals,1938-06-12,Switzerland,Hungary,0,2,-2,False,False,True,True
1938_12,1938,World Cup 1938,Quarter-finals,1938-06-12,Hungary,Switzerland,2,0,2,True,False,False,True
1938_13,1938,World Cup 1938,Quarter-finals,1938-06-12,Sweden,Cuba,8,0,8,True,False,False,True
1938_13,1938,World Cup 1938,Quarter-finals,1938-06-12,Cuba,Sweden,0,8,-8,False,False,True,True
1938_14,1938,World Cup 1938,Quarter-finals,1938-06-12,France,Italy,1,3,-2,False,False,True,True
1938_14,1938,World Cup 1938,Quarter-finals,1938-06-12,Italy,France,3,1,2,True,False,False,True
1938_15,1938,World Cup 1938,"Quarter-finals, Replays",1938-06-14,Brazil,Czechoslovakia,2,1,1,True,False,False,True
1938_15,1938,World Cup 1938,"Quarter-finals, Replays",1938-06-14,Czechoslovakia,Brazil,1,2,-1,False,False,True,True
1938_16,1938,World Cup 1938,Semi-finals,1938-06-16,Hungary,Sweden,5,1,4,True,False,False,True
1938_16,1938,World Cup 1938,Semi-finals,1938-06-16,Sweden,Hungary,1,5,-4,False,False,True,True
1938_17,1938,World Cup 1938,Semi-finals,1938-06-16,Italy,Brazil,2,1,1,True,False,False,True
1938_17,1938,World Cup 1938,Semi-finals,1938-06-16,Brazil,Italy,1,2,-1,False,False,True,True
1938_18,1938,World Cup 1938,Match for third place,1938-06-19,Sweden,Brazil,2,4,-2,False,False,True,True
1938_18,1938,World Cup 1938,Match for third place,1938-06-19,Brazil,Sweden,4,2,2,True,False,False,True
1938_19,1938,World Cup 1938,Final,1938-06-19,Hungary,Italy,2,4,-2,False,False,True,True
1938_19,1938,World Cup 1938,Final,1938-06-19,Italy,Hungary,4,2,2,True,False,False,True
1950_1,1950,World Cup 1950,First round,1950-06-24,Brazil,Mexico,4,0,4,True,False,False,True
1950_1,1950,World Cup 1950,First round,1950-06-24,Mexico,Brazil,0,4,-4,False,False,True,True
1950_2,1950,World Cup 1950,First round,1950-06-25,Yugoslavia,Switzerland,3,0,3,True,False,False,True
1950_2,1950,World Cup 1950,First round,1950-06-25,Switzerland,Yugoslavia,0,3,-3,False,False,True,True
1950_3,1950,World Cup 1950,First round,1950-06-28,Brazil,Switzerland,2,2,0,False,True,False,True
1950_3,1950,World Cup 1950,First round,1950-06-28,Switzerland,Brazil,2,2,0,False,True,False,True
1950_4,1950,World Cup 1950,First round,1950-06-28,Yugoslavia,Mexico,4,1,3,True,False,False,True
1950_4,1950,World Cup 1950,First round,1950-06-28,Mexico,Yugoslavia,1,4,-3,False,False,True,True
1950_5,1950,World Cup 1950,First round,1950-07-01,Brazil,Yugoslavia,2,0,2,True,False,False,True
1950_5,1950,World Cup 1950,First round,1950-07-01,Yugoslavia,Brazil,0,2,-2,False,False,True,True
1950_6,1950,World Cup 1950,First round,1950-07-02,Switzerland,Mexico,2,1,1,True,False,False,True
1950_6,1950,World Cup 1950,First round,1950-07-02,Mexico,Switzerland,1,2,-1,False,False,True,True
1950_7,1950,World Cup 1950,First round,1950-06-25,England,Chile,2,0,2,True,False,False,True
1950_7,1950,World Cup 1950,First round,1950-06-25,Chile,England,0,2,-2,False,False,True,True
1950_8,1950,World Cup 1950,First round,1950-06-25,Spain,United States,3,1,2,True,False,False,True
1950_8,1950,World Cup 1950,First round,1950-06-25,United States,Spain,1,3,-2,False,False,True,True
1950_9,1950,World Cup 1950,First round,1950-06-29,Spain,Chile,2,0,2,True,False,False,True
1950_9,1950,World Cup 1950,First round,1950-06-29,Chile,Spain,0,2,-2,False,False,True,True
1950_10,1950,World Cup 1950,First round,1950-06-29,United States,England,1,0,1,True,False,False,True
1950_10,1950,World Cup 1950,First round,1950-06-29,England,United States,0,1,-1,False,False,True,True
1950_11,1950,World Cup 1950,First round,1950-07-02,Spain,England,1,0,1,True,False,False,True
1950_11,1950,World Cup 1950,First round,1950-07-02,England,Spain,0,1,-1,False,False,True,True
1950_12,1950,World Cup 1950,First round,1950-07-02,Chile,United States,5,2,3,True,False,False,True
1950_12,1950,World Cup 1950,First round,1950-07-02,United States,Chile,2,5,-3,False,False,True,True
1950_13,1950,World Cup 1950,First round,1950-06-25,Sweden,Italy,3,2,1,True,False,False,True
1950_13,1950,World Cup 1950,First round,1950-06-25,Italy,Sweden,2,3,-1,False,False,True,True
1950_14,1950,World Cup 1950,First round,1950-06-29,Sweden,Paraguay,2,2,0,False,True,False,True
1950_14,1950,World Cup 1950,First round,1950-06-29,Paraguay,Sweden,2,2,0,False,True,False,True
1950_15,1950,World Cup 1950,First round,1950-07-02,Italy,Paraguay,2,0,2,True,False,False,True
1950_15,1950,World Cup 1950,First round,1950-07-02,Paraguay,Italy,0,2,-2,False,False,True,True
1950_16,1950,World Cup 1950,First round,1950-07-02,Uruguay,Bolivia,8,0,8,True,False,False,True
1950_16,1950,World Cup 1950,First round,1950-07-02,Bolivia,Uruguay,0,8,-8,False,False,True,True
1950_17,1950,World Cup 1950,Final Round,1950-07-09,Uruguay,Spain,2,2,0,False,True,False,True
1950_17,1950,World Cup 1950,Final Round,1950-07-09,Spain,Uruguay,2,2,0,False,True,False,True
1950_18,1950,World Cup 1950,Final Round,1950-07-09,Brazil,Sweden,7,1,6,True,False,False,True
1950_18,1950,World Cup 1950,Final Round,1950-07-09,Sweden,Brazil,1,7,-6,False,False,True,True
1950_19,1950,World Cup 1950,Final Round,1950-07-13,Brazil,Spain,6,1,5,True,False,False,True
1950_19,1950,World Cup 1950,Final Round,1950-07-13,Spain,Brazil,1,6,-5,False,False,True,True
1950_20,1950,World Cup 1950,Final Round,1950-07-13,Uruguay,Sweden,3,2,1,True,False,False,True
1950_20,1950,World Cup 1950,Final Round,1950-07-13,Sweden,Uruguay,2,3,-1,False,False,True,True
1950_21,1950,World Cup 1950,Final Round,1950-07-16,Sweden,Spain,3,1,2,True,False,False,True
1950_21,1950,World Cup 1950,Final Round,1950-07-16,Spain,Sweden,1,3,-2,False,False,True,True
1950_22,1950,World Cup 1950,Final Round,1950-07-16,Uruguay,Brazil,2,1,1,True,False,False,True
1950_22,1950,World Cup 1950,Final Round,1950-07-16,Brazil,Uruguay,1,2,-1,False,False,True,True
1954_1,1954,World Cup 1954,Matchday 1,1954-06-16,Brazil,Mexico,5,0,5,True,False,False,True
1954_1,1954,World Cup 1954,Matchday 1,1954-06-16,Mexico,Brazil,0,5,-5,False,False,True,True
1954_2,1954,World Cup 1954,Matchday 1,1954-06-16,Yugoslavia,France,1,0,1,True,False,False,True
1954_2,1954,World Cup 1954,Matchday 1,1954-06-16,France,Yugoslavia,0,1,-1,False,False,True,True
1954_3,1954,World Cup 1954,Matchday 2,1954-06-19,Brazil,Yugoslavia,1,1,0,False,True,False,True
1954_3,1954,World Cup 1954,Matchday 2,1954-06-19,Yugoslavia,Brazil,1,1,0,False,True,False,True
1954_4,1954,World Cup 1954,Matchday 2,1954-06-19,France,Mexico,3,2,1,True,False,False,True
1954_4,1954,World Cup 1954,Matchday 2,1954-06-19,Mexico,France,2,3,-1,False,False,True,True
1954_5,1954,World Cup 1954,Matchday 1,1954-06-17,West Germany,Turkey,4,1,3,True,False,False,True
1954_5,1954,World Cup 1954,Matchday 1,1954-06-17,Turkey,West Germany,1,4,-3,False,False,True,True
1954_6,1954,World Cup 1954,Matchday 1,1954-06-17,Hungary,South Korea,9,0,9,True,False,False,True
1954_6,1954,World Cup 1954,Matchday 1,1954-06-17,South Korea,Hungary,0,9,-9,False,False,True,True
1954_7,1954,World Cup 1954,Matchday 2,1954-06-20,Hungary,West Germany,8,3,5,True,False,False,True
1954_7,1954,World Cup 1954,Matchday 2,1954-06-20,West Germany,Hungary,3,8,-5,False,False,True,True
1954_8,1954,World Cup 1954,Matchday 2,1954-06-20,Turkey,South Korea,7,0,7,True,False,False,True
1954_8,1954,World Cup 1954,Matchday 2,1954-06-20,South Korea,Turkey,0,7,-7,False,False,True,True
1954_9,1954,World Cup 1954,Group 2 Play-off,1954-06-23,West Germany,Turkey,7,2,5,True,False,False,True
1954_9,1954,World Cup 1954,Group 2 Play-off,1954-06-23,Turkey,West Germany,2,7,-5,False,False,True,True
1954_10,1954,World Cup 1954,Matchday 1,1954-06-16,Uruguay,Czechoslovakia,2,0,2,True,False,False,True
1954_10,1954,World Cup 1954,Matchday 1,1954-06-16,Czechoslovakia,Uruguay,0,2,-2,False,False,True,True
1954_11,1954,World Cup 1954,Matchday 1,1954-06-16,Austria,Scotland,1,0,1,True,False,False,True
1954_11,1954,World Cup 1954,Matchday 1,1954-06-16,Scotland,Austria,0,1,-1,False,False,True,True
1954_12,1954,World Cup 1954,Matchday 2,1954-06-19,Austria,Czechoslovakia,5,0,5,True,False,False,True
1954_12,1954,World Cup 1954,Matchday 2,1954-06-19,Czechoslovakia,Austria,0,5,-5,False,False,True,True
1954_13,1954,World Cup 1954,Matchday 2,1954-06-19,Uruguay,Scotland,7,0,7,True,False,False,True
1954_13,1954,World Cup 1954,Matchday 2,1954-06-19,Scotland,Uruguay,0,7,-7,False,False,True,True
1954_14,1954,World Cup 1954,Matchday 1,1954-06-17,England,Belgium,4,4,0,False,True,False,True
1954_14,1954,World Cup 1954,Matchday 1,1954-06-17,Belgium,England,4,4,0,False,True,False,True
1954_15,1954,World Cup 1954,Matchday 1,1954-06-17,Switzerland,Italy,2,1,1,True,False,False,True
1954_15,1954,World Cup 1954,Matchday 1,1954-06-17,Italy,Switzerland,1,2,-1,False,False,True,True
1954_16,1954,World Cup 1954,Matchday 2,1954-06-20,England,Switzerland,2,0,2,True,False,False,True
1954_16,1954,World Cup 1954,Matchday 2,1954-06-20,Switzerland,England,0,2,-2,False,False,True,True
1954_17,1954,World Cup 1954,Matchday 2,1954-06-20,Italy,Belgium,4,1,3,True,False,False,True
1954_17,1954,World Cup 1954,Matchday 2,1954-06-20,Belgium,Italy,1,4,-3,False,False,True,True
1954_18,1954,World Cup 1954,Group 4 Play-off,1954-06-23,Switzerland,Italy,4,1,3,True,False,False,True
1954_18,1954,World Cup 1954,Group 4 Play-off,1954-06-23,Italy,Switzerland,1,4,-3,False,False,True,True
1954_19,1954,World Cup 1954,Quarter-finals,1954-06-26,Austria,Switzerland,7,5,2,True,False,False,True
1954_19,1954,World Cup 1954,Quarter-finals,1954-06-26,Switzerland,Austria,5,7,-2,False,False,True,True
1954_20,1954,World Cup 1954,Quarter-finals,1954-06-26,Uruguay,England,4,2,2,True,False,False,True
1954_20,1954,World Cup 1954,Quarter-finals,1954-06-26,England,Uruguay,2,4,-2,False,False,True,True
1954_21,1954,World Cup 1954,Quarter-finals,1954-06-27,Yugoslavia,West Germany,0,2,-2,False,False,True,True
1954_21,1954,World Cup 1954,Quarter-finals,1954-06-27,West Germany,Yugoslavia,2,0,2,True,False,False,True
1954_22,1954,World Cup 1954,Quarter-finals,1954-06-27,Brazil,Hungary,2,4,-2,False,False,True,True
1954_22,1954,World Cup 1954,Quarter-finals,1954-06-27,Hungary,Brazil,4,2,2,True,False,False,True
1954_23,1954,World Cup 1954,Semi-finals,1954-06-30,West Germany,Austria,6,1,5,True,False,False,True
1954_23,1954,World Cup 1954,Semi-finals,1954-06-30,Austria,West Germany,1,6,-5,False,False,True,True
1954_24,1954,World Cup 1954,Semi-finals,1954-06-30,Hungary,Uruguay,4,2,2,True,False,False,True
1954_24,1954,World Cup 1954,Semi-finals,1954-06-30,Uruguay,Hungary,2,4,-2,False,False,True,True
1954_25,1954,World Cup 1954,Third-place match,1954-07-03,Uruguay,Austria,1,3,-2,False,False,True,True
1954_25,1954,World Cup 1954,Third-place match,1954-07-03,Austria,Uruguay,3,1,2,True,False,False,True
1954_26,1954,World Cup 1954,Final,1954-07-04,Hungary,West Germany,2,3,-1,False,False,True,True
1954_26,1954,World Cup 1954,Final,1954-07-04,West Germany,Hungary,3,2,1,True,False,False,True
1958_1,1958,World Cup 1958,Matchday 1,1958-06-08,West Germany,Argentina,3,1,2,True,False,False,True
1958_1,1958,World Cup 1958,Matchday 1,1958-06-08,Argentina,West Germany,1,3,-2,False,False,True,True
1958_2,1958,World Cup 1958,Matchday 1,1958-06-08,Northern Ireland,Czechoslovakia,1,0,1,True,False,False,True
1958_2,1958,World Cup 1958,Matchday 1,1958-06-08,Czechoslovakia,Northern Ireland,0,1,-1,False,False,True,True
1958_3,1958,World Cup 1958,Matchday 2,1958-06-11,Argentina,Northern Ireland,3,1,2,True,False,False,True
1958_3,1958,World Cup 1958,Matchday 2,1958-06-11,Northern Ireland,Argentina,1,3,-2,False,False,True,True
1958_4,1958,World Cup 1958,Matchday 2,1958-06-11,West Germany,Czechoslovakia,2,2,0,False,True,False,True
1958_4,1958,World Cup 1958,Matchday 2,1958-06-11,Czechoslovakia,West Germany,2,2,0,False,True,False,True
1958_5,1958,World Cup 1958,Matchday 3,1958-06-15,West Germany,Northern Ireland,2,2,0,False,True,False,True
1958_5,1958,World Cup 1958,Matchday 3,1958-06-15,Northern Ireland,West Germany,2,2,0,False,True,False,True
1958_6,1958,World Cup 1958,Matchday 3,1958-06-15,Czechoslovakia,Argentina,6,1,5,True,False,False,True
1958_6,1958,World Cup 1958,Matchday 3,1958-06-15,Argentina,Czechoslovakia,1,6,-5,False,False,True,True
1958_7,1958,World Cup 1958,Group 1 Play-off,1958-06-17,Northern Ireland,Czechoslovakia,2,1,1,True,False,False,True
1958_7,1958,World Cup 1958,Group 1 Play-off,1958-06-17,Czechoslovakia,Northern Ireland,1,2,-1,False,False,True,True
1958_8,1958,World Cup 1958,Matchday 1,1958-06-08,France,Paraguay,7,3,4,True,False,False,True
1958_8,1958,World Cup 1958,Matchday 1,1958-06-08,Paraguay,France,3,7,-4,False,False,True,True
1958_9,1958,World Cup 1958,Matchday 1,1958-06-08,Yugoslavia,Scotland,1,1,0,False,True,False,True
1958_9,1958,World Cup 1958,Matchday 1,1958-06-08,Scotland,Yugoslavia,1,1,0,False,True,False,True
1958_10,1958,World Cup 1958,Matchday 2,1958-06-11,Yugoslavia,France,3,2,1,True,False,False,True
1958_10,1958,World Cup 1958,Matchday 2,1958-06-11,France,Yugoslavia,2,3,-1,False,False,True,True
1958_11,1958,World Cup 1958,Matchday 2,1958-06-11,Paraguay,Scotland,3,2,1,True,False,False,True
1958_11,1958,World Cup 1958,Matchday 2,1958-06-11,Scotland,Paraguay,2,3,-1,False,False,True,True
1958_12,1958,World Cup 1958,Matchday 3,1958-06-15,France,Scotland,2,1,1,True,False,False,True
1958_12,1958,World Cup 1958,Matchday 3,1958-06-15,Scotland,France,1,2,-1,False,False,True,True
1958_13,1958,World Cup 1958,Matchday 3,1958-06-15,Paraguay,Yugoslavia,3,3,0,False,True,False,True
1958_13,1958,World Cup 1958,Matchday 3,1958-06-15,Yugoslavia,Paraguay,3,3,0,False,True,False,True
1958_14,1958,World Cup 1958,Matchday 1,1958-06-08,Sweden,Mexico,3,0,3,True,False,False,True
1958_14,1958,World Cup 1958,Matchday 1,1958-06-08,Mexico,Sweden,0,3,-3,False,False,True,True
1958_15,1958,World Cup 1958,Matchday 1,1958-06-08,Hungary,Wales,1,1,0,False,True,False,True
1958_15,1958,World Cup 1958,Matchday 1,1958-06-08,Wales,Hungary,1,1,0,False,True,False,True
1958_16,1958,World Cup 1958,Matchday 2,1958-06-11,Mexico,Wales,1,1,0,False,True,False,True
1958_16,1958,World Cup 1958,Matchday 2,1958-06-11,Wales,Mexico,1,1,0,False,True,False,True
1958_17,1958,World Cup 1958,Matchday 2,1958-06-12,Sweden,Hungary,2,1,1,True,False,False,True
1958_17,1958,World Cup 1958,Matchday 2,1958-06-12,Hungary,Sweden,1,2,-1,False,False,True,True
1958_18,1958,World Cup 1958,Matchday 3,1958-06-15,Sweden,Wales,0,0,0,False,True,False,True
1958_18,1958,World Cup 1958,Matchday 3,1958-06-15,Wales,Sweden,0,0,0,False,True,False,True
1958_19,1958,World Cup 1958,Matchday 3,1958-06-15,Hungary,Mexico,4,0,4,True,False,False,True
1958_19,1958,World Cup 1958,Matchday 3,1958-06-15,Mexico,Hungary,0,4,-4,False,False,True,True
1958_20,1958,World Cup 1958,Group 3 Play-off,1958-06-17,Wales,Hungary,2,1,1,True,False,False,True
1958_20,1958,World Cup 1958,Group 3 Play-off,1958-06-17,Hungary,Wales,1,2,-1,False,False,True,True
1958_21,1958,World Cup 1958,Matchday 1,1958-06-08,Brazil,Austria,3,0,3,True,False,False,True
1958_21,1958,World Cup 1958,Matchday 1,1958-06-08,Austria,Brazil,0,3,-3,False,False,True,True
1958_22,1958,World Cup 1958,Matchday 1,1958-06-08,Soviet Union,England,2,2,0,False,True,False,True
1958_22,1958,World Cup 1958,Matchday 1,1958-06-08,England,Soviet Union,2,2,0,False,True,False,True
1958_23,1958,World Cup 1958,Matchday 2,1958-06-11,Brazil,England,0,0,0,False,True,False,True
1958_23,1958,World Cup 1958,Matchday 2,1958-06-11,England,Brazil,0,0,0,False,True,False,True
1958_24,1958,World Cup 1958,Matchday 2,1958-06-11,Soviet Union,Austria,2,0,2,True,False,False,True
1958_24,1958,World Cup 1958,Matchday 2,1958-06-11,Austria,Soviet Union,0,2,-2,False,False,True,True
1958_25,1958,World Cup 1958,Matchday 3,1958-06-15,England,Austria,2,2,0,False,True,False,True
1958_25,1958,World Cup 1958,Matchday 3,1958-06-15,Austria,England,2,2,0,False,True,False,True
1958_26,1958,World Cup 1958,Matchday 3,1958-06-15,Brazil,Soviet Union,2,0,2,True,False,False,True
1958_26,1958,World Cup 1958,Matchday 3,1958-06-15,Soviet Union,Brazil,0,2,-2,False,False,True,True
1958_27,1958,World Cup 1958,Group 4 Play-off,1958-06-17,Soviet Union,England,1,0,1,True,False,False,True
1958_27,1958,World Cup 1958,Group 4 Play-off,1958-06-17,England,Soviet Union,0,1,-1,False,False,True,True
1958_28,1958,World Cup 1958,Quarter-finals,1958-06-19,France,Northern Ireland,4,0,4,True,False,False,True
1958_28,1958,World Cup 1958,Quarter-finals,1958-06-19,Northern Ireland,France,0,4,-4,False,False,True,True
1958_29,1958,World Cup 1958,Quarter-finals,1958-06-19,Sweden,Soviet Union,2,0,2,True,False,False,True
1958_29,1958,World Cup 1958,Quarter-finals,1958-06-19,Soviet Union,Sweden,0,2,-2,False,False,True,True
1958_30,1958,World Cup 1958,Quarter-finals,1958-06-19,Brazil,Wales,1,0,1,True,False,False,True
1958_30,1958,World Cup 1958,Quarter-finals,1958-06-19,Wales,Brazil,0,1,-1,False,False,True,True
1958_31,1958,World Cup 1958,Quarter-finals,1958-06-19,West Germany,Yugoslavia,1,0,1,True,False,False,True
1958_31,1958,World Cup 1958,Quarter-finals,1958-06-19,Yugoslavia,West Germany,0,1,-1,False,False,True,True
1958_32,1958,World Cup 1958,Semi-finals,1958-06-24,France,Brazil,2,5,-3,False,False,True,True
1958_32,1958,World Cup 1958,Semi-finals,1958-06-24,Brazil,France,5,2,3,True,False,False,True
1958_33,1958,World Cup 1958,Semi-finals,1958-06-24,West Germany,Sweden,1,3,-2,False,False,True,True
1958_33,1958,World Cup 1958,Semi-finals,1958-06-24,Sweden,West Germany,3,1,2,True,False,False,True
1958_34,1958,World Cup 1958,Match for third place,1958-06-28,West Germany,France,3,6,-3,False,False,True,True
1958_34,1958,World Cup 1958,Match for third place,1958-06-28,France,West Germany,6,3,3,True,False,False,True
1958_35,1958,World Cup 1958,Final,1958-06-29,Sweden,Brazil,2,5,-3,False,False,True,True
1958_35,1958,World Cup 1958,Final,1958-06-29,Brazil,Sweden,5,2,3,True,False,False,True
1962_1,1962,World Cup 1962,Matchday 1,1962-05-30,Uruguay,Colombia,2,1,1,True,False,False,True
1962_1,1962,World Cup 1962,Matchday 1,1962-05-30,Colombia,Uruguay,1,2,-1,False,False,True,True
1962_2,1962,World Cup 1962,Matchday 1,1962-05-31,Soviet Union,Yugoslavia,2,0,2,True,False,False,True
1962_2,1962,World Cup 1962,Matchday 1,1962-05-31,Yugoslavia,Soviet Union,0,2,-2,False,False,True,True
1962_3,1962,World Cup 1962,Matchday 2,1962-06-02,Yugoslavia,Uruguay,3,1,2,True,False,False,True
1962_3,1962,World Cup 1962,Matchday 2,1962-06-02,Uruguay,Yugoslavia,1,3,-2,False,False,True,True
1962_4,1962,World Cup 1962,Matchday 2,1962-06-03,Soviet Union,Colombia,4,4,0,False,True,False,True
1962_4,1962,World Cup 1962,Matchday 2,1962-06-03,Colombia,Soviet Union,4,4,0,False,True,False,True
1962_5,1962,World Cup 1962,Matchday 3,1962-06-06,Soviet Union,Uruguay,2,1,1,True,False,False,True
1962_5,1962,World Cup 1962,Matchday 3,1962-06-06,Uruguay,Soviet Union,1,2,-1,False,False,True,True
1962_6,1962,World Cup 1962,Matchday 3,1962-06-07,Yugoslavia,Colombia,5,0,5,True,False,False,True
1962_6,1962,World Cup 1962,Matchday 3,1962-06-07,Colombia,Yugoslavia,0,5,-5,False,False,True,True
1962_7,1962,World Cup 1962,Matchday 1,1962-05-30,Chile,Switzerland,3,1,2,True,False,False,True
1962_7,1962,World Cup 1962,Matchday 1,1962-05-30,Switzerland,Chile,1,3,-2,False,False,True,True
1962_8,1962,World Cup 1962,Matchday 1,1962-05-31,West Germany,Italy,0,0,0,False,True,False,True
1962_8,1962,World Cup 1962,Matchday 1,1962-05-31,Italy,West Germany,0,0,0,False,True,False,True
1962_9,1962,World Cup 1962,Matchday 2,1962-06-02,Chile,Italy,2,0,2,True,False,False,True
1962_9,1962,World Cup 1962,Matchday 2,1962-06-02,Italy,Chile,0,2,-2,False,False,True,True
1962_10,1962,World Cup 1962,Matchday 2,1962-06-03,West Germany,Switzerland,2,1,1,True,False,False,True
1962_10,1962,World Cup 1962,Matchday 2,1962-06-03,Switzerland,West Germany,1,2,-1,False,False,True,True
1962_11,1962,World Cup 1962,Matchday 3,1962-06-06,West Germany,Chile,2,0,2,True,False,False,True
1962_11,1962,World Cup 1962,Matchday 3,1962-06-06,Chile,West Germany,0,2,-2,False,False,True,True
1962_12,1962,World Cup 1962,Matchday 3,1962-06-07,Italy,Switzerland,3,0,3,True,False,False,True
1962_12,1962,World Cup 1962,Matchday 3,1962-06-07,Switzerland,Italy,0,3,-3,False,False,True,True
1962_13,1962,World Cup 1962,Matchday 1,1962-05-30,Brazil,Mexico,2,0,2,True,False,False,True
1962_13,1962,World Cup 1962,Matchday 1,1962-05-30,Mexico,Brazil,0,2,-2,False,False,True,True
1962_14,1962,World Cup 1962,Matchday 1,1962-05-31,Czechoslovakia,Spain,1,0,1,True,False,False,True
1962_14,1962,World Cup 1962,Matchday 1,1962-05-31,Spain,Czechoslovakia,0,1,-1,False,False,True,True
1962_15,1962,World Cup 1962,Matchday 2,1962-06-02,Brazil,Czechoslovakia,0,0,0,False,True,False,True
1962_15,1962,World Cup 1962,Matchday 2,1962-06-02,Czechoslovakia,Brazil,0,0,0,False,True,False,True
1962_16,1962,World Cup 1962,Matchday 2,1962-06-03,Spain,Mexico,1,0,1,True,False,False,True
1962_16,1962,World Cup 1962,Matchday 2,1962-06-03,Mexico,Spain,0,1,-1,False,False,True,True
1962_17,1962,World Cup 1962,Matchday 3,1962-06-06,Brazil,Spain,2,1,1,True,False,False,True
1962_17,1962,World Cup 1962,Matchday 3,1962-06-06,Spain,Brazil,1,2,-1,False,False,True,True
1962_18,1962,World Cup 1962,Matchday 3,1962-06-07,Mexico,Czechoslovakia,3,1,2,True,False,False,True
1962_18,1962,World Cup 1962,Matchday 3,1962-06-07,Czechoslovakia,Mexico,1,3,-2,False,False,True,True
1962_19,1962,World Cup 1962,Matchday 1,1962-05-30,Argentina,Bulgaria,1,0,1,True,False,False,True
1962_19,1962,World Cup 1962,Matchday 1,1962-05-30,Bulgaria,Argentina,0,1,-1,False,False,True,True
1962_20,1962,World Cup 1962,Matchday 1,1962-05-31,Hungary,England,2,1,1,True,False,False,True
1962_20,1962,World Cup 1962,Matchday 1,1962-05-31,England,Hungary,1,2,-1,False,False,True,True
1962_21,1962,World Cup 1962,Matchday 2,1962-06-02,England,Argentina,3,1,2,True,False,False,True
1962_21,1962,World Cup 1962,Matchday 2,1962-06-02,Argentina,England,1,3,-2,False,False,True,True
1962_22,1962,World Cup 1962,Matchday 2,1962-06-03,Hungary,Bulgaria,6,1,5,True,False,False,True
1962_22,1962,World Cup 1962,Matchday 2,1962-06-03,Bulgaria,Hungary,1,6,-5,False,False,True,True
1962_23,1962,World Cup 1962,Matchday 3,1962-06-06,Hungary,Argentina,0,0,0,False,True,False,True
1962_23,1962,World Cup 1962,Matchday 3,1962-06-06,Argentina,Hungary,0,0,0,False,True,False,True
1962_24,1962,World Cup 1962,Matchday 3,1962-06-07,England,Bulgaria,0,0,0,False,True,False,True
1962_24,1962,World Cup 1962,Matchday 3,1962-06-07,Bulgaria,England,0,0,0,False,True,False,True
1962_25,1962,World Cup 1962,Quarter-finals,1962-06-10,Chile,Soviet Union,2,1,1,True,False,False,True
1962_25,1962,World Cup 1962,Quarter-finals,1962-06-10,Soviet Union,Chile,1,2,-1,False,False,True,True
1962_26,1962,World Cup 1962,Quarter-finals,1962-06-10,Yugoslavia,West Germany,1,0,1,True,False,False,True
1962_26,1962,World Cup 1962,Quarter-finals,1962-06-10,West Germany,Yugoslavia,0,1,-1,False,False,True,True
1962_27,1962,World Cup 1962,Quarter-finals,1962-06-10,Brazil,England,3,1,2,True,False,False,True
1962_27,1962,World Cup 1962,Quarter-finals,1962-06-10,England,Brazil,1,3,-2,False,False,True,True
1962_28,1962,World Cup 1962,Quarter-finals,1962-06-10,Czechoslovakia,Hungary,1,0,1,True,False,False,True
1962_28,1962,World Cup 1962,Quarter-finals,1962-06-10,Hungary,Czechoslovakia,0,1,-1,False,False,True,True
1962_29,1962,World Cup 1962,Semi-finals,1962-06-13,Brazil,Chile,4,2,2,True,False,False,True
1962_29,1962,World Cup 1962,Semi-finals,1962-06-13,Chile,Brazil,2,4,-2,False,False,True,True
1962_30,1962,World Cup 1962,Semi-finals,1962-06-13,Czechoslovakia,Yugoslavia,3,1,2,True,False,False,True
1962_30,1962,World Cup 1962,Semi-finals,1962-06-13,Yugoslavia,Czechoslovakia,1,3,-2,False,False,True,True
1962_31,1962,World Cup 1962,Third-place match,1962-06-16,Chile,Yugoslavia,1,0,1,True,False,False,True
1962_31,1962,World Cup 1962,Third-place match,1962-06-16,Yugoslavia,Chile,0,1,-1,False,False,True,True
1962_32,1962,World Cup 1962,Final,1962-06-17,Brazil,Czechoslovakia,3,1,2,True,False,False,True
1962_32,1962,World Cup 1962,Final,1962-06-17,Czechoslovakia,Brazil,1,3,-2,False,False,True,True
1966_1,1966,World Cup 1966,Matchday 1,1966-07-11,England,Uruguay,0,0,0,False,True,False,True
1966_1,1966,World Cup 1966,Matchday 1,1966-07-11,Uruguay,England,0,0,0,False,True,False,True
1966_2,1966,World Cup 1966,Matchday 1,1966-07-13,France,Mexico,1,1,0,False,True,False,True
1966_2,1966,World Cup 1966,Matchday 1,1966-07-13,Mexico,France,1,1,0,False,True,False,True
1966_3,1966,World Cup 1966,Matchday 2,1966-07-15,Uruguay,France,2,1,1,True,False,False,True
1966_3,1966,World Cup 1966,Matchday 2,1966-07-15,France,Uruguay,1,2,-1,False,False,True,True
1966_4,1966,World Cup 1966,Matchday 2,1966-07-16,England,Mexico,2,0,2,True,False,False,True
1966_4,1966,World Cup 1966,Matchday 2,1966-07-16,Mexico,England,0,2,-2,False,False,True,True
1966_5,1966,World Cup 1966,Matchday 3,1966-07-19,Mexico,Uruguay,0,0,0,False,True,False,True
1966_5,1966,World Cup 1966,Matchday 3,1966-07-19,Uruguay,Mexico,0,0,0,False,True,False,True
1966_6,1966,World Cup 1966,Matchday 3,1966-07-20,England,France,2,0,2,True,False,False,True
1966_6,1966,World Cup 1966,Matchday 3,1966-07-20,France,England,0,2,-2,False,False,True,True
1966_7,1966,World Cup 1966,Matchday 1,1966-07-12,West Germany,Switzerland,5,0,5,True,False,False,True
1966_7,1966,World Cup 1966,Matchday 1,1966-07-12,Switzerland,West Germany,0,5,-5,False,False,True,True
1966_8,1966,World Cup 1966,Matchday 1,1966-07-13,Argentina,Spain,2,1,1,True,False,False,True
1966_8,1966,World Cup 1966,Matchday 1,1966-07-13,Spain,Argentina,1,2,-1,False,False,True,True
1966_9,1966,World Cup 1966,Matchday 2,1966-07-15,Spain,Switzerland,2,1,1,True,False,False,True
1966_9,1966,World Cup 1966,Matchday 2,1966-07-15,Switzerland,Spain,1,2,-1,False,False,True,True
1966_10,1966,World Cup 1966,Matchday 2,1966-07-16,Argentina,West Germany,0,0,0,False,True,False,True
1966_10,1966,World Cup 1966,Matchday 2,1966-07-16,West Germany,Argentina,0,0,0,False,True,False,True
1966_11,1966,World Cup 1966,Matchday 3,1966-07-19,Argentina,Switzerland,2,0,2,True,False,False,True
1966_11,1966,World Cup 1966,Matchday 3,1966-07-19,Switzerland,Argentina,0,2,-2,False,False,True,True
1966_12,1966,World Cup 1966,Matchday 3,1966-07-20,West Germany,Spain,2,1,1,True,False,False,True
1966_12,1966,World Cup 1966,Matchday 3,1966-07-20,Spain,West Germany,1,2,-1,False,False,True,True
1966_13,1966,World Cup 1966,Matchday 1,1966-07-12,Brazil,Bulgaria,2,0,2,True,False,False,True
1966_13,1966,World Cup 1966,Matchday 1,1966-07-12,Bulgaria,Brazil,0,2,-2,False,False,True,True
1966_14,1966,World Cup 1966,Matchday 1,1966-07-13,Portugal,Hungary,3,1,2,True,False,False,True
1966_14,1966,World Cup 1966,Matchday 1,1966-07-13,Hungary,Portugal,1,3,-2,False,False,True,True
1966_15,1966,World Cup 1966,Matchday 2,1966-07-15,Hungary,Brazil,3,1,2,True,False,False,True
1966_15,1966,World Cup 1966,Matchday 2,1966-07-15,Brazil,Hungary,1,3,-2,False,False,True,True
1966_16,1966,World Cup 1966,Matchday 2,1966-07-16,Portugal,Bulgaria,3,0,3,True,False,False,True
1966_16,1966,World Cup 1966,Matchday 2,1966-07-16,Bulgaria,Portugal,0,3,-3,False,False,True,True
1966_17,1966,World Cup 1966,Matchday 3,1966-07-19,Portugal,Brazil,3,1,2,True,False,False,True
1966_17,1966,World Cup 1966,Matchday 3,1966-07-19,Brazil,Portugal,1,3,-2,False,False,True,True
1966_18,1966,World Cup 1966,Matchday 3,1966-07-20,Hungary,Bulgaria,3,1,2,True,False,False,True
1966_18,1966,World Cup 1966,Matchday 3,1966-07-20,Bulgaria,Hungary,1,3,-2,False,False,True,True
1966_19,1966,World Cup 1966,Matchday 1,1966-07-12,Soviet Union,North Korea,3,0,3,True,False,False,True
1966_19,1966,World Cup 1966,Matchday 1,1966-07-12,North Korea,Soviet Union,0,3,-3,False,False,True,True
1966_20,1966,World Cup 1966,Matchday 1,1966-07-13,Italy,Chile,2,0,2,True,False,False,True
1966_20,1966,World Cup 1966,Matchday 1,1966-07-13,Chile,Italy,0,2,-2,False,False,True,True
1966_21,1966,World Cup 1966,Matchday 2,1966-07-15,Chile,North Korea,1,1,0,False,True,False,True
1966_21,1966,World Cup 1966,Matchday 2,1966-07-15,North Korea,Chile,1,1,0,False,True,False,True
1966_22,1966,World Cup 1966,Matchday 2,1966-07-16,Soviet Union,Italy,1,0,1,True,False,False,True
1966_22,1966,World Cup 1966,Matchday 2,1966-07-16,Italy,Soviet Union,0,1,-1,False,False,True,True
1966_23,1966,World Cup 1966,Matchday 3,1966-07-19,North Korea,Italy,1,0,1,True,False,False,True
1966_23,1966,World Cup 1966,Matchday 3,1966-07-19,Italy,North Korea,0,1,-1,False,False,True,True
1966_24,1966,World Cup 1966,Matchday 3,1966-07-20,Soviet Union,Chile,2,1,1,True,False,False,True
1966_24,1966,World Cup 1966,Matchday 3,1966-07-20,Chile,Soviet Union,1,2,-1,False,False,True,True
1966_25,1966,World Cup 1966,Quarter-finals,1966-07-23,England,Argentina,1,0,1,True,False,False,True
1966_25,1966,World Cup 1966,Quarter-finals,1966-07-23,Argentina,England,0,1,-1,False,False,True,True
1966_26,1966,World Cup 1966,Quarter-finals,1966-07-23,West Germany,Uruguay,4,0,4,True,False,False,True
1966_26,1966,World Cup 1966,Quarter-finals,1966-07-23,Uruguay,West Germany,0,4,-4,False,False,True,True
1966_27,1966,World Cup 1966,Quarter-finals,1966-07-23,Soviet Union,Hungary,2,1,1,True,False,False,True
1966_27,1966,World Cup 1966,Quarter-finals,1966-07-23,Hungary,Soviet Union,1,2,-1,False,False,True,True
1966_28,1966,World Cup 1966,Quarter-finals,1966-07-23,Portugal,North Korea,5,3,2,True,False,False,True
1966_28,1966,World Cup 1966,Quarter-finals,1966-07-23,North Korea,Portugal,3,5,-2,False,False,True,True
1966_29,1966,World Cup 1966,Semi-finals,1966-07-25,West Germany,Soviet Union,2,1,1,True,False,False,True
1966_29,1966,World Cup 1966,Semi-finals,1966-07-25,Soviet Union,West Germany,1,2,-1,False,False,True,True
1966_30,1966,World Cup 1966,Semi-finals,1966-07-26,England,Portugal,2,1,1,True,False,False,True
1966_30,1966,World Cup 1966,Semi-finals,1966-07-26,Portugal,England,1,2,-1,False,False,True,True
1966_31,1966,World Cup 1966,Third-place match,1966-07-28,Portugal,Soviet Union,2,1,1,True,False,False,True
1966_31,1966,World Cup 1966,Third-place match,1966-07-28,Soviet Union,Portugal,1,2,-1,False,False,True,True
1966_32,1966,World Cup 1966,Final,1966-07-30,England,West Germany,4,2,2,True,False,False,True
1966_32,1966,World Cup 1966,Final,1966-07-30,West Germany,England,2,4,-2,False,False,True,True
1970_1,1970,World Cup 1970,Matchday 1,1970-05-31,Mexico,Soviet Union,0,0,0,False,True,False,True
1970_1,1970,World Cup 1970,Matchday 1,1970-05-31,Soviet Union,Mexico,0,0,0,False,True,False,True
1970_2,1970,World Cup 1970,Matchday 1,1970-06-03,Belgium,El Salvador,3,0,3,True,False,False,True
1970_2,1970,World Cup 1970,Matchday 1,1970-06-03,El Salvador,Belgium,0,3,-3,False,False,True,True
1970_3,1970,World Cup 1970,Matchday 2,1970-06-06,Soviet Union,Belgium,4,1,3,True,False,False,True
1970_3,1970,World Cup 1970,Matchday 2,1970-06-06,Belgium,Soviet Union,1,4,-3,False,False,True,True
1970_4,1970,World Cup 1970,Matchday 2,1970-06-07,Mexico,El Salvador,4,0,4,True,False,False,True
1970_4,1970,World Cup 1970,Matchday 2,1970-06-07,El Salvador,Mexico,0,4,-4,False,False,True,True
1970_5,1970,World Cup 1970,Matchday 3,1970-06-10,Soviet Union,El Salvador,2,0,2,True,False,False,True
1970_5,1970,World Cup 1970,Matchday 3,1970-06-10,El Salvador,Soviet Union,0,2,-2,False,False,True,True
1970_6,1970,World Cup 1970,Matchday 3,1970-06-11,Mexico,Belgium,1,0,1,True,False,False,True
1970_6,1970,World Cup 1970,Matchday 3,1970-06-11,Belgium,Mexico,0,1,-1,False,False,True,True
1970_7,1970,World Cup 1970,Matchday 1,1970-06-02,Uruguay,Israel,2,0,2,True,False,False,True
1970_7,1970,World Cup 1970,Matchday 1,1970-06-02,Israel,Uruguay,0,2,-2,False,False,True,True
1970_8,1970,World Cup 1970,Matchday 1,1970-06-03,Italy,Sweden,1,0,1,True,False,False,True
1970_8,1970,World Cup 1970,Matchday 1,1970-06-03,Sweden,Italy,0,1,-1,False,False,True,True
1970_9,1970,World Cup 1970,Matchday 2,1970-06-06,Uruguay,Italy,0,0,0,False,True,False,True
1970_9,1970,World Cup 1970,Matchday 2,1970-06-06,Italy,Uruguay,0,0,0,False,True,False,True
1970_10,1970,World Cup 1970,Matchday 2,1970-06-07,Sweden,Israel,1,1,0,False,True,False,True
1970_10,1970,World Cup 1970,Matchday 2,1970-06-07,Israel,Sweden,1,1,0,False,True,False,True
1970_11,1970,World Cup 1970,Matchday 3,1970-06-10,Uruguay,Sweden,0,1,-1,False,False,True,True
1970_11,1970,World Cup 1970,Matchday 3,1970-06-10,Sweden,Uruguay,1,0,1,True,False,False,True
1970_12,1970,World Cup 1970,Matchday 3,1970-06-11,Israel,Italy,0,0,0,False,True,False,True
1970_12,1970,World Cup 1970,Matchday 3,1970-06-11,Italy,Israel,0,0,0,False,True,False,True
1970_13,1970,World Cup 1970,Matchday 1,1970-06-02,Romania,England,0,1,-1,False,False,True,True
1970_13,1970,World Cup 1970,Matchday 1,1970-06-02,England,Romania,1,0,1,True,False,False,True
1970_14,1970,World Cup 1970,Matchday 1,1970-06-03,Czechoslovakia,Brazil,1,4,-3,False,False,True,True
1970_14,1970,World Cup 1970,Matchday 1,1970-06-03,Brazil,Czechoslovakia,4,1,3,True,False,False,True
1970_15,1970,World Cup 1970,Matchday 2,1970-06-06,Romania,Czechoslovakia,2,1,1,True,False,False,True
1970_15,1970,World Cup 1970,Matchday 2,1970-06-06,Czechoslovakia,Romania,1,2,-1,False,False,True,True
1970_16,1970,World Cup 1970,Matchday 2,1970-06-07,England,Brazil,0,1,-1,False,False,True,True
1970_16,1970,World Cup 1970,Matchday 2,1970-06-07,Brazil,England,1,0,1,True,False,False,True
1970_17,1970,World Cup 1970,Matchday 3,1970-06-10,Romania,Brazil,2,3,-1,False,False,True,True
1970_17,1970,World Cup 1970,Matchday 3,1970-06-10,Brazil,Romania,3,2,1,True,False,False,True
1970_18,1970,World Cup 1970,Matchday 3,1970-06-11,England,Czechoslovakia,1,0,1,True,False,False,True
1970_18,1970,World Cup 1970,Matchday 3,1970-06-11,Czechoslovakia,England,0,1,-1,False,False,True,True
1970_19,1970,World Cup 1970,Matchday 1,1970-06-02,Peru,Bulgaria,3,2,1,True,False,False,True
1970_19,1970,World Cup 1970,Matchday 1,1970-06-02,Bulgaria,Peru,2,3,-1,False,False,True,True
1970_20,1970,World Cup 1970,Matchday 1,1970-06-03,Morocco,West Germany,1,2,-1,False,False,True,True
1970_20,1970,World Cup 1970,Matchday 1,1970-06-03,West Germany,Morocco,2,1,1,True,False,False,True
1970_21,1970,World Cup 1970,Matchday 2,1970-06-06,Peru,Morocco,3,0,3,True,False,False,True
1970_21,1970,World Cup 1970,Matchday 2,1970-06-06,Morocco,Peru,0,3,-3,False,False,True,True
1970_22,1970,World Cup 1970,Matchday 2,1970-06-07,Bulgaria,West Germany,2,5,-3,False,False,True,True
1970_22,1970,World Cup 1970,Matchday 2,1970-06-07,West Germany,Bulgaria,5,2,3,True,False,False,True
1970_23,1970,World Cup 1970,Matchday 3,1970-06-10,Peru,West Germany,1,3,-2,False,False,True,True
1970_23,1970,World Cup 1970,Matchday 3,1970-06-10,West Germany,Peru,3,1,2,True,False,False,True
1970_24,1970,World Cup 1970,Matchday 3,1970-06-11,Bulgaria,Morocco,1,1,0,False,True,False,True
1970_24,1970,World Cup 1970,Matchday 3,1970-06-11,Morocco,Bulgaria,1,1,0,False,True,False,True
1970_25,1970,World Cup 1970,Quarter-finals,1970-06-14,Soviet Union,Uruguay,0,1,-1,False,False,True,True
1970_25,1970,World Cup 1970,Quarter-finals,1970-06-14,Uruguay,Soviet Union,1,0,1,True,False,False,True
1970_26,1970,World Cup 1970,Quarter-finals,1970-06-14,Italy,Mexico,4,1,3,True,False,False,True
1970_26,1970,World Cup 1970,Quarter-finals,1970-06-14,Mexico,Italy,1,4,-3,False,False,True,True
1970_27,1970,World Cup 1970,Quarter-finals,1970-06-14,Brazil,Peru,4,2,2,True,False,False,True
1970_27,1970,World Cup 1970,Quarter-finals,1970-06-14,Peru,Brazil,2,4,-2,False,False,True,True
1970_28,1970,World Cup 1970,Quarter-finals,1970-06-14,West Germany,England,3,2,1,True,False,False,True
1970_28,1970,World Cup 1970,Quarter-finals,1970-06-14,England,West Germany,2,3,-1,False,False,True,True
1970_29,1970,World Cup 1970,Semi-finals,1970-06-17,Uruguay,Brazil,1,3,-2,False,False,True,True
1970_29,1970,World Cup 1970,Semi-finals,1970-06-17,Brazil,Uruguay,3,1,2,True,False,False,True
1970_30,1970,World Cup 1970,Semi-finals,1970-06-17,Italy,West Germany,4,3,1,True,False,False,True
1970_30,1970,World Cup 1970,Semi-finals,1970-06-17,West Germany,Italy,3,4,-1,False,False,True,True
1970_31,1970,World Cup 1970,Match for third place,1970-06-20,Uruguay,West Germany,0,1,-1,False,False,True,True
1970_31,1970,World Cup 1970,Match for third place,1970-06-20,West Germany,Uruguay,1,0,1,True,False,False,True
1970_32,1970,World Cup 1970,Final,1970-06-21,Brazil,Italy,4,1,3,True,False,False,True
1970_32,1970,World Cup 1970,Final,1970-06-21,Italy,Brazil,1,4,-3,False,False,True,True
1974_1,1974,World Cup 1974,Matchday 1,1974-06-14,West Germany,Chile,1,0,1,True,False,False,True
1974_1,1974,World Cup 1974,Matchday 1,1974-06-14,Chile,West Germany,0,1,-1,False,False,True,True
1974_2,1974,World Cup 1974,Matchday 1,1974-06-14,East Germany,Australia,2,0,2,True,False,False,True
1974_2,1974,World Cup 1974,Matchday 1,1974-06-14,Australia,East Germany,0,2,-2,False,False,True,True
1974_3,1974,World Cup 1974,Matchday 2,1974-06-18,Chile,East Germany,1,1,0,False,True,False,True
1974_3,1974,World Cup 1974,Matchday 2,1974-06-18,East Germany,Chile,1,1,0,False,True,False,True
1974_4,1974,World Cup 1974,Matchday 2,1974-06-18,Australia,West Germany,0,3,-3,False,False,True,True
1974_4,1974,World Cup 1974,Matchday 2,1974-06-18,West Germany,Australia,3,0,3,True,False,False,True
1974_5,1974,World Cup 1974,Matchday 3,1974-06-22,Australia,Chile,0,0,0,False,True,False,True
1974_5,1974,World Cup 1974,Matchday 3,1974-06-22,Chile,Australia,0,0,0,False,True,False,True
1974_6,1974,World Cup 1974,Matchday 3,1974-06-22,East Germany,West Germany,1,0,1,True,False,False,True
1974_6,1974,World Cup 1974,Matchday 3,1974-06-22,West Germany,East Germany,0,1,-1,False,False,True,True
1974_7,1974,World Cup 1974,Matchday 1,1974-06-13,Brazil,Yugoslavia,0,0,0,False,True,False,True
1974_7,1974,World Cup 1974,Matchday 1,1974-06-13,Yugoslavia,Brazil,0,0,0,False,True,False,True
1974_8,1974,World Cup 1974,Matchday 1,1974-06-14,Zaire,Scotland,0,2,-2,False,False,True,True
1974_8,1974,World Cup 1974,Matchday 1,1974-06-14,Scotland,Zaire,2,0,2,True,False,False,True
1974_9,1974,World Cup 1974,Matchday 2,1974-06-18,Yugoslavia,Zaire,9,0,9,True,False,False,True
1974_9,1974,World Cup 1974,Matchday 2,1974-06-18,Zaire,Yugoslavia,0,9,-9,False,False,True,True
1974_10,1974,World Cup 1974,Matchday 2,1974-06-18,Scotland,Brazil,0,0,0,False,True,False,True
1974_10,1974,World Cup 1974,Matchday 2,1974-06-18,Brazil,Scotland,0,0,0,False,True,False,True
1974_11,1974,World Cup 1974,Matchday 3,1974-06-22,Scotland,Yugoslavia,1,1,0,False,True,False,True
1974_11,1974,World Cup 1974,Matchday 3,1974-06-22,Yugoslavia,Scotland,1,1,0,False,True,False,True
1974_12,1974,World Cup 1974,Matchday 3,1974-06-22,Zaire,Brazil,0,3,-3,False,False,True,True
1974_12,1974,World Cup 1974,Matchday 3,1974-06-22,Brazil,Zaire,3,0,3,True,False,False,True
1974_13,1974,World Cup 1974,Matchday 1,1974-06-15,Uruguay,Netherlands,0,2,-2,False,False,True,True
1974_13,1974,World Cup 1974,Matchday 1,1974-06-15,Netherlands,Uruguay,2,0,2,True,False,False,True
1974_14,1974,World Cup 1974,Matchday 1,1974-06-15,Sweden,Bulgaria,0,0,0,False,True,False,True
1974_14,1974,World Cup 1974,Matchday 1,1974-06-15,Bulgaria,Sweden,0,0,0,False,True,False,True
1974_15,1974,World Cup 1974,Matchday 2,1974-06-19,Netherlands,Sweden,0,0,0,False,True,False,True
1974_15,1974,World Cup 1974,Matchday 2,1974-06-19,Sweden,Netherlands,0,0,0,False,True,False,True
1974_16,1974,World Cup 1974,Matchday 2,1974-06-19,Uruguay,Bulgaria,1,1,0,False,True,False,True
1974_16,1974,World Cup 1974,Matchday 2,1974-06-19,Bulgaria,Uruguay,1,1,0,False,True,False,True
1974_17,1974,World Cup 1974,Matchday 3,1974-06-23,Netherlands,Bulgaria,4,1,3,True,False,False,True
1974_17,1974,World Cup 1974,Matchday 3,1974-06-23,Bulgaria,Netherlands,1,4,-3,False,False,True,True
1974_18,1974,World Cup 1974,Matchday 3,1974-06-23,Sweden,Uruguay,3,0,3,True,False,False,True
1974_18,1974,World Cup 1974,Matchday 3,1974-06-23,Uruguay,Sweden,0,3,-3,False,False,True,True
1974_19,1974,World Cup 1974,Matchday 1,1974-06-15,Italy,Haiti,3,1,2,True,False,False,True
1974_19,1974,World Cup 1974,Matchday 1,1974-06-15,Haiti,Italy,1,3,-2,False,False,True,True
1974_20,1974,World Cup 1974,Matchday 1,1974-06-15,Poland,Argentina,3,2,1,True,False,False,True
1974_20,1974,World Cup 1974,Matchday 1,1974-06-15,Argentina,Poland,2,3,-1,False,False,True,True
1974_21,1974,World Cup 1974,Matchday 2,1974-06-19,Haiti,Poland,0,7,-7,False,False,True,True
1974_21,1974,World Cup 1974,Matchday 2,1974-06-19,Poland,Haiti,7,0,7,True,False,False,True
1974_22,1974,World Cup 1974,Matchday 2,1974-06-19,Argentina,Italy,1,1,0,False,True,False,True
1974_22,1974,World Cup 1974,Matchday 2,1974-06-19,Italy,Argentina,1,1,0,False,True,False,True
1974_23,1974,World Cup 1974,Matchday 3,1974-06-23,Argentina,Haiti,4,1,3,True,False,False,True
1974_23,1974,World Cup 1974,Matchday 3,1974-06-23,Haiti,Argentina,1,4,-3,False,False,True,True
1974_24,1974,World Cup 1974,Matchday 3,1974-06-23,Poland,Italy,2,1,1,True,False,False,True
1974_24,1974,World Cup 1974,Matchday 3,1974-06-23,Italy,Poland,1,2,-1,False,False,True,True
1974_25,1974,World Cup 1974,Matchday 4,1974-06-26,Brazil,East Germany,1,0,1,True,False,False,True
1974_25,1974,World Cup 1974,Matchday 4,1974-06-26,East Germany,Brazil,0,1,-1,False,False,True,True
1974_26,1974,World Cup 1974,Matchday 4,1974-06-26,Netherlands,Argentina,4,0,4,True,False,False,True
1974_26,1974,World Cup 1974,Matchday 4,1974-06-26,Argentina,Netherlands,0,4,-4,False,False,True,True
1974_27,1974,World Cup 1974,Matchday 5,1974-06-30,East Germany,Netherlands,0,2,-2,False,False,True,True
1974_27,1974,World Cup 1974,Matchday 5,1974-06-30,Netherlands,East Germany,2,0,2,True,False,False,True
1974_28,1974,World Cup 1974,Matchday 5,1974-06-30,Argentina,Brazil,1,2,-1,False,False,True,True
1974_28,1974,World Cup 1974,Matchday 5,1974-06-30,Brazil,Argentina,2,1,1,True,False,False,True
1974_29,1974,World Cup 1974,Matchday 6,1974-07-03,Argentina,East Germany,1,1,0,False,True,False,True
1974_29,1974,World Cup 1974,Matchday 6,1974-07-03,East Germany,Argentina,1,1,0,False,True,False,True
1974_30,1974,World Cup 1974,Matchday 6,1974-07-03,Netherlands,Brazil,2,0,2,True,False,False,True
1974_30,1974,World Cup 1974,Matchday 6,1974-07-03,Brazil,Netherlands,0,2,-2,False,False,True,True
1974_31,1974,World Cup 1974,Matchday 4,1974-06-26,Yugoslavia,West Germany,0,2,-2,False,False,True,True
1974_31,1974,World Cup 1974,Matchday 4,1974-06-26,West Germany,Yugoslavia,2,0,2,True,False,False,True
1974_32,1974,World Cup 1974,Matchday 4,1974-06-26,Sweden,Poland,0,1,-1,False,False,True,True
1974_32,1974,World Cup 1974,Matchday 4,1974-06-26,Poland,Sweden,1,0,1,True,False,False,True
1974_33,1974,World Cup 1974,Matchday 5,1974-06-30,West Germany,Sweden,4,2,2,True,False,False,True
1974_33,1974,World Cup 1974,Matchday 5,1974-06-30,Sweden,West Germany,2,4,-2,False,False,True,True
1974_34,1974,World Cup 1974,Matchday 5,1974-06-30,Poland,Yugoslavia,2,1,1,True,False,False,True
1974_34,1974,World Cup 1974,Matchday 5,1974-06-30,Yugoslavia,Poland,1,2,-1,False,False,True,True
1974_35,1974,World Cup 1974,Matchday 6,1974-07-03,Poland,West Germany,0,1,-1,False,False,True,True
1974_35,1974,World Cup 1974,Matchday 6,1974-07-03,West Germany,Poland,1,0,1,True,False,False,True
1974_36,1974,World Cup 1974,Matchday 6,1974-07-03,Sweden,Yugoslavia,2,1,1,True,False,False,True
1974_36,1974,World Cup 1974,Matchday 6,1974-07-03,Yugoslavia,Sweden,1,2,-1,False,False,True,True
1974_37,1974,World Cup 1974,Match for third place,1974-07-06,Brazil,Poland,0,1,-1,False,False,True,True
1974_37,1974,World Cup 1974,Match for third place,1974-07-06,Poland,Brazil,1,0,1,True,False,False,True
1974_38,1974,World Cup 1974,Final,1974-07-07,Netherlands,West Germany,1,2,-1,False,False,True,True
1974_38,1974,World Cup 1974,Final,1974-07-07,West Germany,Netherlands,2,1,1,True,False,False,True
1978_1,1978,World Cup 1978,Matchday 1,1978-06-02,Argentina,Hungary,2,1,1,True,False,False,True
1978_1,1978,World Cup 1978,Matchday 1,1978-06-02,Hungary,Argentina,1,2,-1,False,False,True,True
1978_2,1978,World Cup 1978,Matchday 1,1978-06-02,Italy,France,2,1,1,True,False,False,True
1978_2,1978,World Cup 1978,Matchday 1,1978-06-02,France,Italy,1,2,-1,False,False,True,True
1978_3,1978,World Cup 1978,Matchday 2,1978-06-06,Argentina,France,2,1,1,True,False,False,True
1978_3,1978,World Cup 1978,Matchday 2,1978-06-06,France,Argentina,1,2,-1,False,False,True,True
1978_4,1978,World Cup 1978,Matchday 2,1978-06-06,Italy,Hungary,3,1,2,True,False,False,True
1978_4,1978,World Cup 1978,Matchday 2,1978-06-06,Hungary,Italy,1,3,-2,False,False,True,True
1978_5,1978,World Cup 1978,Matchday 3,1978-06-10,Argentina,Italy,0,1,-1,False,False,True,True
1978_5,1978,World Cup 1978,Matchday 3,1978-06-10,Italy,Argentina,1,0,1,True,False,False,True
1978_6,1978,World Cup 1978,Matchday 3,1978-06-10,France,Hungary,3,1,2,True,False,False,True
1978_6,1978,World Cup 1978,Matchday 3,1978-06-10,Hungary,France,1,3,-2,False,False,True,True
1978_7,1978,World Cup 1978,Matchday 1,1978-06-01,West Germany,Poland,0,0,0,False,True,False,True
1978_7,1978,World Cup 1978,Matchday 1,1978-06-01,Poland,West Germany,0,0,0,False,True,False,True
1978_8,1978,World Cup 1978,Matchday 1,1978-06-02,Tunisia,Mexico,3,1,2,True,False,False,True
1978_8,1978,World Cup 1978,Matchday 1,1978-06-02,Mexico,Tunisia,1,3,-2,False,False,True,True
1978_9,1978,World Cup 1978,Matchday 2,1978-06-06,Poland,Tunisia,1,0,1,True,False,False,True
1978_9,1978,World Cup 1978,Matchday 2,1978-06-06,Tunisia,Poland,0,1,-1,False,False,True,True
1978_10,1978,World Cup 1978,Matchday 2,1978-06-06,West Germany,Mexico,6,0,6,True,False,False,True
1978_10,1978,World Cup 1978,Matchday 2,1978-06-06,Mexico,West Germany,0,6,-6,False,False,True,True
1978_11,1978,World Cup 1978,Matchday 3,1978-06-10,Poland,Mexico,3,1,2,True,False,False,True
1978_11,1978,World Cup 1978,Matchday 3,1978-06-10,Mexico,Poland,1,3,-2,False,False,True,True
1978_12,1978,World Cup 1978,Matchday 3,1978-06-10,West Germany,Tunisia,0,0,0,False,True,False,True
1978_12,1978,World Cup 1978,Matchday 3,1978-06-10,Tunisia,West Germany,0,0,0,False,True,False,True
1978_13,1978,World Cup 1978,Matchday 1,1978-06-03,Austria,Spain,2,1,1,True,False,False,True
1978_13,1978,World Cup 1978,Matchday 1,1978-06-03,Spain,Austria,1,2,-1,False,False,True,True
1978_14,1978,World Cup 1978,Matchday 1,1978-06-03,Brazil,Sweden,1,1,0,False,True,False,True
1978_14,1978,World Cup 1978,Matchday 1,1978-06-03,Sweden,Brazil,1,1,0,False,True,False,True
1978_15,1978,World Cup 1978,Matchday 2,1978-06-07,Austria,Sweden,1,0,1,True,False,False,True
1978_15,1978,World Cup 1978,Matchday 2,1978-06-07,Sweden,Austria,0,1,-1,False,False,True,True
1978_16,1978,World Cup 1978,Matchday 2,1978-06-07,Brazil,Spain,0,0,0,False,True,False,True
1978_16,1978,World Cup 1978,Matchday 2,1978-06-07,Spain,Brazil,0,0,0,False,True,False,True
1978_17,1978,World Cup 1978,Matchday 3,1978-06-11,Spain,Sweden,1,0,1,True,False,False,True
1978_17,1978,World Cup 1978,Matchday 3,1978-06-11,Sweden,Spain,0,1,-1,False,False,True,True
1978_18,1978,World Cup 1978,Matchday 3,1978-06-11,Brazil,Austria,1,0,1,True,False,False,True
1978_18,1978,World Cup 1978,Matchday 3,1978-06-11,Austria,Brazil,0,1,-1,False,False,True,True
1978_19,1978,World Cup 1978,Matchday 1,1978-06-03,Peru,Scotland,3,1,2,True,False,False,True
1978_19,1978,World Cup 1978,Matchday 1,1978-06-03,Scotland,Peru,1,3,-2,False,False,True,True
1978_20,1978,World Cup 1978,Matchday 1,1978-06-03,Netherlands,Iran,3,0,3,True,False,False,True
1978_20,1978,World Cup 1978,Matchday 1,1978-06-03,Iran,Netherlands,0,3,-3,False,False,True,True
1978_21,1978,World Cup 1978,Matchday 2,1978-06-07,Scotland,Iran,1,1,0,False,True,False,True
1978_21,1978,World Cup 1978,Matchday 2,1978-06-07,Iran,Scotland,1,1,0,False,True,False,True
1978_22,1978,World Cup 1978,Matchday 2,1978-06-07,Netherlands,Peru,0,0,0,False,True,False,True
1978_22,1978,World Cup 1978,Matchday 2,1978-06-07,Peru,Netherlands,0,0,0,False,True,False,True
1978_23,1978,World Cup 1978,Matchday 3,1978-06-11,Peru,Iran,4,1,3,True,False,False,True
1978_23,1978,World Cup 1978,Matchday 3,1978-06-11,Iran,Peru,1,4,-3,False,False,True,True
1978_24,1978,World Cup 1978,Matchday 3,1978-06-11,Scotland,Netherlands,3,2,1,True,False,False,True
1978_24,1978,World Cup 1978,Matchday 3,1978-06-11,Netherlands,Scotland,2,3,-1,False,False,True,True
1978_25,1978,World Cup 1978,Matchday 4,1978-06-14,Italy,West Germany,0,0,0,False,True,False,True
1978_25,1978,World Cup 1978,Matchday 4,1978-06-14,West Germany,Italy,0,0,0,False,True,False,True
1978_26,1978,World Cup 1978,Matchday 4,1978-06-14,Austria,Netherlands,1,5,-4,False,False,True,True
1978_26,1978,World Cup 1978,Matchday 4,1978-06-14,Netherlands,Austria,5,1,4,True,False,False,True
1978_27,1978,World Cup 1978,Matchday 5,1978-06-18,Italy,Austria,1,0,1,True,False,False,True
1978_27,1978,World Cup 1978,Matchday 5,1978-06-18,Austria,Italy,0,1,-1,False,False,True,True
1978_28,1978,World Cup 1978,Matchday 5,1978-06-18,Netherlands,West Germany,2,2,0,False,True,False,True
1978_28,1978,World Cup 1978,Matchday 5,1978-06-18,West Germany,Netherlands,2,2,0,False,True,False,True
1978_29,1978,World Cup 1978,Matchday 6,1978-06-21,Italy,Netherlands,1,2,-1,False,False,True,True
1978_29,1978,World Cup 1978,Matchday 6,1978-06-21,Netherlands,Italy,2,1,1,True,False,False,True
1978_30,1978,World Cup 1978,Matchday 6,1978-06-21,Austria,West Germany,3,2,1,True,False,False,True
1978_30,1978,World Cup 1978,Matchday 6,1978-06-21,West Germany,Austria,2,3,-1,False,False,True,True
1978_31,1978,World Cup 1978,Matchday 4,1978-06-14,Argentina,Poland,2,0,2,True,False,False,True
1978_31,1978,World Cup 1978,Matchday 4,1978-06-14,Poland,Argentina,0,2,-2,False,False,True,True
1978_32,1978,World Cup 1978,Matchday 4,1978-06-14,Peru,Brazil,0,3,-3,False,False,True,True
1978_32,1978,World Cup 1978,Matchday 4,1978-06-14,Brazil,Peru,3,0,3,True,False,False,True
1978_33,1978,World Cup 1978,Matchday 5,1978-06-18,Argentina,Brazil,0,0,0,False,True,False,True
1978_33,1978,World Cup 1978,Matchday 5,1978-06-18,Brazil,Argentina,0,0,0,False,True,False,True
1978_34,1978,World Cup 1978,Matchday 5,1978-06-18,Peru,Poland,0,1,-1,False,False,True,True
1978_34,1978,World Cup 1978,Matchday 5,1978-06-18,Poland,Peru,1,0,1,True,False,False,True
1978_35,1978,World Cup 1978,Matchday 6,1978-06-21,Argentina,Peru,6,0,6,True,False,False,True
1978_35,1978,World Cup 1978,Matchday 6,1978-06-21,Peru,Argentina,0,6,-6,False,False,True,True
1978_36,1978,World Cup 1978,Matchday 6,1978-06-21,Poland,Brazil,1,3,-2,False,False,True,True
1978_36,1978,World Cup 1978,Matchday 6,1978-06-21,Brazil,Poland,3,1,2,True,False,False,True
1978_37,1978,World Cup 1978,Third place match,1978-06-24,Brazil,Italy,2,1,1,True,False,False,True
1978_37,1978,World Cup 1978,Third place match,1978-06-24,Italy,Brazil,1,2,-1,False,False,True,True
1978_38,1978,World Cup 1978,Final,1978-06-25,Netherlands,Argentina,1,3,-2,False,False,True,True
1978_38,1978,World Cup 1978,Final,1978-06-25,Argentina,Netherlands,3,1,2,True,False,False,True
1982_1,1982,World Cup 1982,Matchday 1,1982-06-14,Italy,Poland,0,0,0,False,True,False,True
1982_1,1982,World Cup 1982,Matchday 1,1982-06-14,Poland,Italy,0,0,0,False,True,False,True
1982_2,1982,World Cup 1982,Matchday 1,1982-06-15,Peru,Cameroon,0,0,0,False,True,False,True
1982_2,1982,World Cup 1982,Matchday 1,1982-06-15,Cameroon,Peru,0,0,0,False,True,False,True
1982_3,1982,World Cup 1982,Matchday 2,1982-06-18,Italy,Peru,1,1,0,False,True,False,True
1982_3,1982,World Cup 1982,Matchday 2,1982-06-18,Peru,Italy,1,1,0,False,True,False,True
1982_4,1982,World Cup 1982,Matchday 2,1982-06-19,Poland,Cameroon,0,0,0,False,True,False,True
1982_4,1982,World Cup 1982,Matchday 2,1982-06-19,Cameroon,Poland,0,0,0,False,True,False,True
1982_5,1982,World Cup 1982,Matchday 3,1982-06-22,Poland,Peru,5,1,4,True,False,False,True
1982_5,1982,World Cup 1982,Matchday 3,1982-06-22,Peru,Poland,1,5,-4,False,False,True,True
1982_6,1982,World Cup 1982,Matchday 3,1982-06-23,Italy,Cameroon,1,1,0,False,True,False,True
1982_6,1982,World Cup 1982,Matchday 3,1982-06-23,Cameroon,Italy,1,1,0,False,True,False,True
1982_7,1982,World Cup 1982,Matchday 1,1982-06-16,West Germany,Algeria,1,2,-1,False,False,True,True
1982_7,1982,World Cup 1982,Matchday 1,1982-06-16,Algeria,West Germany,2,1,1,True,False,False,True
1982_8,1982,World Cup 1982,Matchday 1,1982-06-17,Chile,Austria,0,1,-1,False,False,True,True
1982_8,1982,World Cup 1982,Matchday 1,1982-06-17,Austria,Chile,1,0,1,True,False,False,True
1982_9,1982,World Cup 1982,Matchday 2,1982-06-20,West Germany,Chile,4,1,3,True,False,False,True
1982_9,1982,World Cup 1982,Matchday 2,1982-06-20,Chile,West Germany,1,4,-3,False,False,True,True
1982_10,1982,World Cup 1982,Matchday 2,1982-06-21,Algeria,Austria,0,2,-2,False,False,True,True
1982_10,1982,World Cup 1982,Matchday 2,1982-06-21,Austria,Algeria,2,0,2,True,False,False,True
1982_11,1982,World Cup 1982,Matchday 3,1982-06-24,Algeria,Chile,3,2,1,True,False,False,True
1982_11,1982,World Cup 1982,Matchday 3,1982-06-24,Chile,Algeria,2,3,-1,False,False,True,True
1982_12,1982,World Cup 1982,Matchday 3,1982-06-25,West Germany,Austria,1,0,1,True,False,False,True
1982_12,1982,World Cup 1982,Matchday 3,1982-06-25,Austria,West Germany,0,1,-1,False,False,True,True
1982_13,1982,World Cup 1982,Matchday 1,1982-06-13,Argentina,Belgium,0,1,-1,False,False,True,True
1982_13,1982,World Cup 1982,Matchday 1,1982-06-13,Belgium,Argentina,1,0,1,True,False,False,True
1982_14,1982,World Cup 1982,Matchday 1,1982-06-15,Hungary,El Salvador,10,1,9,True,False,False,True
1982_14,1982,World Cup 1982,Matchday 1,1982-06-15,El Salvador,Hungary,1,10,-9,False,False,True,True
1982_15,1982,World Cup 1982,Matchday 2,1982-06-18,Argentina,Hungary,4,1,3,True,False,False,True
1982_15,1982,World Cup 1982,Matchday 2,1982-06-18,Hungary,Argentina,1,4,-3,False,False,True,True
1982_16,1982,World Cup 1982,Matchday 2,1982-06-19,Belgium,El Salvador,1,0,1,True,False,False,True
1982_16,1982,World Cup 1982,Matchday 2,1982-06-19,El Salvador,Belgium,0,1,-1,False,False,True,True
1982_17,1982,World Cup 1982,Matchday 3,1982-06-22,Belgium,Hungary,1,1,0,False,True,False,True
1982_17,1982,World Cup 1982,Matchday 3,1982-06-22,Hungary,Belgium,1,1,0,False,True,False,True
1982_18,1982,World Cup 1982,Matchday 3,1982-06-23,Argentina,El Salvador,2,0,2,True,False,False,True
1982_18,1982,World Cup 1982,Matchday 3,1982-06-23,El Salvador,Argentina,0,2,-2,False,False,True,True
1982_19,1982,World Cup 1982,Matchday 1,1982-06-16,England,France,3,1,2,True,False,False,True
1982_19,1982,World Cup 1982,Matchday 1,1982-06-16,France,England,1,3,-2,False,False,True,True
1982_20,1982,World Cup 1982,Matchday 1,1982-06-17,Czechoslovakia,Kuwait,1,1,0,False,True,False,True
1982_20,1982,World Cup 1982,Matchday 1,1982-06-17,Kuwait,Czechoslovakia,1,1,0,False,True,False,True
1982_21,1982,World Cup 1982,Matchday 2,1982-06-20,England,Czechoslovakia,2,0,2,True,False,False,True
1982_21,1982,World Cup 1982,Matchday 2,1982-06-20,Czechoslovakia,England,0,2,-2,False,False,True,True
1982_22,1982,World Cup 1982,Matchday 2,1982-06-21,France,Kuwait,4,1,3,True,False,False,True
1982_22,1982,World Cup 1982,Matchday 2,1982-06-21,Kuwait,France,1,4,-3,False,False,True,True
1982_23,1982,World Cup 1982,Matchday 3,1982-06-24,France,Czechoslovakia,1,1,0,False,True,False,True
1982_23,1982,World Cup 1982,Matchday 3,1982-06-24,Czechoslovakia,France,1,1,0,False,True,False,True
1982_24,1982,World Cup 1982,Matchday 3,1982-06-25,England,Kuwait,1,0,1,True,False,False,True
1982_24,1982,World Cup 1982,Matchday 3,1982-06-25,Kuwait,England,0,1,-1,False,False,True,True
1982_25,1982,World Cup 1982,Matchday 1,1982-06-16,Spain,Honduras,1,1,0,False,True,False,True
1982_25,1982,World Cup 1982,Matchday 1,1982-06-16,Honduras,Spain,1,1,0,False,True,False,True
1982_26,1982,World Cup 1982,Matchday 1,1982-06-17,Yugoslavia,Northern Ireland,0,0,0,False,True,False,True
1982_26,1982,World Cup 1982,Matchday 1,1982-06-17,Northern Ireland,Yugoslavia,0,0,0,False,True,False,True
1982_27,1982,World Cup 1982,Matchday 2,1982-06-20,Spain,Yugoslavia,2,1,1,True,False,False,True
1982_27,1982,World Cup 1982,Matchday 2,1982-06-20,Yugoslavia,Spain,1,2,-1,False,False,True,True
1982_28,1982,World Cup 1982,Matchday 2,1982-06-21,Honduras,Northern Ireland,1,1,0,False,True,False,True
1982_28,1982,World Cup 1982,Matchday 2,1982-06-21,Northern Ireland,Honduras,1,1,0,False,True,False,True
1982_29,1982,World Cup 1982,Matchday 3,1982-06-24,Honduras,Yugoslavia,0,1,-1,False,False,True,True
1982_29,1982,World Cup 1982,Matchday 3,1982-06-24,Yugoslavia,Honduras,1,0,1,True,False,False,True
1982_30,1982,World Cup 1982,Matchday 3,1982-06-25,Spain,Northern Ireland,0,1,-1,False,False,True,True
1982_30,1982,World Cup 1982,Matchday 3,1982-06-25,Northern Ireland,Spain,1,0,1,True,False,False,True
1982_31,1982,World Cup 1982,Matchday 1,1982-06-14,Brazil,Soviet Union,2,1,1,True,False,False,True
1982_31,1982,World Cup 1982,Matchday 1,1982-06-14,Soviet Union,Brazil,1,2,-1,False,False,True,True
1982_32,1982,World Cup 1982,Matchday 1,1982-06-15,Scotland,New Zealand,5,2,3,True,False,False,True
1982_32,1982,World Cup 1982,Matchday 1,1982-06-15,New Zealand,Scotland,2,5,-3,False,False,True,True
1982_33,1982,World Cup 1982,Matchday 2,1982-06-18,Brazil,Scotland,4,1,3,True,False,False,True
1982_33,1982,World Cup 1982,Matchday 2,1982-06-18,Scotland,Brazil,1,4,-3,False,False,True,True
1982_34,1982,World Cup 1982,Matchday 2,1982-06-19,Soviet Union,New Zealand,3,0,3,True,False,False,True
1982_34,1982,World Cup 1982,Matchday 2,1982-06-19,New Zealand,Soviet Union,0,3,-3,False,False,True,True
1982_35,1982,World Cup 1982,Matchday 3,1982-06-22,Soviet Union,Scotland,2,2,0,False,True,False,True
1982_35,1982,World Cup 1982,Matchday 3,1982-06-22,Scotland,Soviet Union,2,2,0,False,True,False,True
1982_36,1982,World Cup 1982,Matchday 3,1982-06-23,Brazil,New Zealand,4,0,4,True,False,False,True
1982_36,1982,World Cup 1982,Matchday 3,1982-06-23,New Zealand,Brazil,0,4,-4,False,False,True,True
1982_37,1982,World Cup 1982,Matchday 4,1982-06-28,Poland,Belgium,3,0,3,True,False,False,True
1982_37,1982,World Cup 1982,Matchday 4,1982-06-28,Belgium,Poland,0,3,-3,False,False,True,True
1982_38,1982,World Cup 1982,Matchday 5,1982-07-01,Belgium,Soviet Union,0,1,-1,False,False,True,True
1982_38,1982,World Cup 1982,Matchday 5,1982-07-01,Soviet Union,Belgium,1,0,1,True,False,False,True
1982_39,1982,World Cup 1982,Matchday 6,1982-07-04,Soviet Union,Poland,0,0,0,False,True,False,True
1982_39,1982,World Cup 1982,Matchday 6,1982-07-04,Poland,Soviet Union,0,0,0,False,True,False,True
1982_40,1982,World Cup 1982,Matchday 4,1982-06-29,West Germany,England,0,0,0,False,True,False,True
1982_40,1982,World Cup 1982,Matchday 4,1982-06-29,England,West Germany,0,0,0,False,True,False,True
1982_41,1982,World Cup 1982,Matchday 5,1982-07-02,West Germany,Spain,2,1,1,True,False,False,True
1982_41,1982,World Cup 1982,Matchday 5,1982-07-02,Spain,West Germany,1,2,-1,False,False,True,True
1982_42,1982,World Cup 1982,Matchday 6,1982-07-05,Spain,England,0,0,0,False,True,False,True
1982_42,1982,World Cup 1982,Matchday 6,1982-07-05,England,Spain,0,0,0,False,True,False,True
1982_43,1982,World Cup 1982,Matchday 4,1982-06-29,Italy,Argentina,2,1,1,True,False,False,True
1982_43,1982,World Cup 1982,Matchday 4,1982-06-29,Argentina,Italy,1,2,-1,False,False,True,True
1982_44,1982,World Cup 1982,Matchday 5,1982-07-02,Argentina,Brazil,1,3,-2,False,False,True,True
1982_44,1982,World Cup 1982,Matchday 5,1982-07-02,Brazil,Argentina,3,1,2,True,False,False,True
1982_45,1982,World Cup 1982,Matchday 6,1982-07-05,Italy,Brazil,3,2,1,True,False,False,True
1982_45,1982,World Cup 1982,Matchday 6,1982-07-05,Brazil,Italy,2,3,-1,False,False,True,True
1982_46,1982,World Cup 1982,Matchday 4,1982-06-28,Austria,France,0,1,-1,False,False,True,True
1982_46,1982,World Cup 1982,Matchday 4,1982-06-28,France,Austria,1,0,1,True,False,False,True
1982_47,1982,World Cup 1982,Matchday 5,1982-07-01,Austria,Northern Ireland,2,2,0,False,True,False,True
1982_47,1982,World Cup 1982,Matchday 5,1982-07-01,Northern Ireland,Austria,2,2,0,False,True,False,True
1982_48,1982,World Cup 1982,Matchday 6,1982-07-04,Northern Ireland,France,1,4,-3,False,False,True,True
1982_48,1982,World Cup 1982,Matchday 6,1982-07-04,France,Northern Ireland,4,1,3,True,False,False,True
1982_49,1982,World Cup 1982,Semi-finals,1982-07-08,Poland,Italy,0,2,-2,False,False,True,True
1982_49,1982,World Cup 1982,Semi-finals,1982-07-08,Italy,Poland,2,0,2,True,False,False,True
1982_50,1982,World Cup 1982,Semi-finals,1982-07-08,West Germany,France,3,3,0,False,True,False,True
1982_50,1982,World Cup 1982,Semi-finals,1982-07-08,France,West Germany,3,3,0,False,True,False,True
1982_51,1982,World Cup 1982,Third place match,1982-07-10,Poland,France,3,2,1,True,False,False,True
1982_51,1982,World Cup 1982,Third place match,1982-07-10,France,Poland,2,3,-1,False,False,True,True
1982_52,1982,World Cup 1982,Final,1982-07-11,Italy,West Germany,3,1,2,True,False,False,True
1982_52,1982,World Cup 1982,Final,1982-07-11,West Germany,Italy,1,3,-2,False,False,True,True
1986_1,1986,World Cup 1986,Matchday 1,1986-05-31,Bulgaria,Italy,1,1,0,False,True,False,True
1986_1,1986,World Cup 1986,Matchday 1,1986-05-31,Italy,Bulgaria,1,1,0,False,True,False,True
1986_2,1986,World Cup 1986,Matchday 1,1986-06-02,Argentina,South Korea,3,1,2,True,False,False,True
1986_2,1986,World Cup 1986,Matchday 1,1986-06-02,South Korea,Argentina,1,3,-2,False,False,True,True
1986_3,1986,World Cup 1986,Matchday 2,1986-06-05,Italy,Argentina,1,1,0,False,True,False,True
1986_3,1986,World Cup 1986,Matchday 2,1986-06-05,Argentina,Italy,1,1,0,False,True,False,True
1986_4,1986,World Cup 1986,Matchday 2,1986-06-05,South Korea,Bulgaria,1,1,0,False,True,False,True
1986_4,1986,World Cup 1986,Matchday 2,1986-06-05,Bulgaria,South Korea,1,1,0,False,True,False,True
1986_5,1986,World Cup 1986,Matchday 3,1986-06-10,South Korea,Italy,2,3,-1,False,False,True,True
1986_5,1986,World Cup 1986,Matchday 3,1986-06-10,Italy,South Korea,3,2,1,True,False,False,True
1986_6,1986,World Cup 1986,Matchday 3,1986-06-10,Argentina,Bulgaria,2,0,2,True,False,False,True
1986_6,1986,World Cup 1986,Matchday 3,1986-06-10,Bulgaria,Argentina,0,2,-2,False,False,True,True
1986_7,1986,World Cup 1986,Matchday 1,1986-06-03,Belgium,Mexico,1,2,-1,False,False,True,True
1986_7,1986,World Cup 1986,Matchday 1,1986-06-03,Mexico,Belgium,2,1,1,True,False,False,True
1986_8,1986,World Cup 1986,Matchday 1,1986-06-04,Paraguay,Iraq,1,0,1,True,False,False,True
1986_8,1986,World Cup 1986,Matchday 1,1986-06-04,Iraq,Paraguay,0,1,-1,False,False,True,True
1986_9,1986,World Cup 1986,Matchday 2,1986-06-07,Mexico,Paraguay,1,1,0,False,True,False,True
1986_9,1986,World Cup 1986,Matchday 2,1986-06-07,Paraguay,Mexico,1,1,0,False,True,False,True
1986_10,1986,World Cup 1986,Matchday 2,1986-06-08,Iraq,Belgium,1,2,-1,False,False,True,True
1986_10,1986,World Cup 1986,Matchday 2,1986-06-08,Belgium,Iraq,2,1,1,True,False,False,True
1986_11,1986,World Cup 1986,Matchday 3,1986-06-11,Iraq,Mexico,0,1,-1,False,False,True,True
1986_11,1986,World Cup 1986,Matchday 3,1986-06-11,Mexico,Iraq,1,0,1,True,False,False,True
1986_12,1986,World Cup 1986,Matchday 3,1986-06-11,Paraguay,Belgium,2,2,0,False,True,False,True
1986_12,1986,World Cup 1986,Matchday 3,1986-06-11,Belgium,Paraguay,2,2,0,False,True,False,True
1986_13,1986,World Cup 1986,Matchday 1,1986-06-01,Canada,France,0,1,-1,False,False,True,True
1986_13,1986,World Cup 1986,Matchday 1,1986-06-01,France,Canada,1,0,1,True,False,False,True
1986_14,1986,World Cup 1986,Matchday 1,1986-06-02,Soviet Union,Hungary,6,0,6,True,False,False,True
1986_14,1986,World Cup 1986,Matchday 1,1986-06-02,Hungary,Soviet Union,0,6,-6,False,False,True,True
1986_15,1986,World Cup 1986,Matchday 2,1986-06-05,France,Soviet Union,1,1,0,False,True,False,True
1986_15,1986,World Cup 1986,Matchday 2,1986-06-05,Soviet Union,France,1,1,0,False,True,False,True
1986_16,1986,World Cup 1986,Matchday 2,1986-06-06,Hungary,Canada,2,0,2,True,False,False,True
1986_16,1986,World Cup 1986,Matchday 2,1986-06-06,Canada,Hungary,0,2,-2,False,False,True,True
1986_17,1986,World Cup 1986,Matchday 3,1986-06-09,Hungary,France,0,3,-3,False,False,True,True
1986_17,1986,World Cup 1986,Matchday 3,1986-06-09,France,Hungary,3,0,3,True,False,False,True
1986_18,1986,World Cup 1986,Matchday 3,1986-06-09,Soviet Union,Canada,2,0,2,True,False,False,True
1986_18,1986,World Cup 1986,Matchday 3,1986-06-09,Canada,Soviet Union,0,2,-2,False,False,True,True
1986_19,1986,World Cup 1986,Matchday 1,1986-06-01,Spain,Brazil,0,1,-1,False,False,True,True
1986_19,1986,World Cup 1986,Matchday 1,1986-06-01,Brazil,Spain,1,0,1,True,False,False,True
1986_20,1986,World Cup 1986,Matchday 1,1986-06-03,Algeria,Northern Ireland,1,1,0,False,True,False,True
1986_20,1986,World Cup 1986,Matchday 1,1986-06-03,Northern Ireland,Algeria,1,1,0,False,True,False,True
1986_21,1986,World Cup 1986,Matchday 2,1986-06-06,Brazil,Algeria,1,0,1,True,False,False,True
1986_21,1986,World Cup 1986,Matchday 2,1986-06-06,Algeria,Brazil,0,1,-1,False,False,True,True
1986_22,1986,World Cup 1986,Matchday 2,1986-06-07,Northern Ireland,Spain,1,2,-1,False,False,True,True
1986_22,1986,World Cup 1986,Matchday 2,1986-06-07,Spain,Northern Ireland,2,1,1,True,False,False,True
1986_23,1986,World Cup 1986,Matchday 3,1986-06-12,Northern Ireland,Brazil,0,3,-3,False,False,True,True
1986_23,1986,World Cup 1986,Matchday 3,1986-06-12,Brazil,Northern Ireland,3,0,3,True,False,False,True
1986_24,1986,World Cup 1986,Matchday 3,1986-06-12,Algeria,Spain,0,3,-3,False,False,True,True
1986_24,1986,World Cup 1986,Matchday 3,1986-06-12,Spain,Algeria,3,0,3,True,False,False,True
1986_25,1986,World Cup 1986,Matchday 1,1986-06-04,Uruguay,West Germany,1,1,0,False,True,False,True
1986_25,1986,World Cup 1986,Matchday 1,1986-06-04,West Germany,Uruguay,1,1,0,False,True,False,True
1986_26,1986,World Cup 1986,Matchday 1,1986-06-04,Scotland,Denmark,0,1,-1,False,False,True,True
1986_26,1986,World Cup 1986,Matchday 1,1986-06-04,Denmark,Scotland,1,0,1,True,False,False,True
1986_27,1986,World Cup 1986,Matchday 2,1986-06-08,West Germany,Scotland,2,1,1,True,False,False,True
1986_27,1986,World Cup 1986,Matchday 2,1986-06-08,Scotland,West Germany,1,2,-1,False,False,True,True
1986_28,1986,World Cup 1986,Matchday 2,1986-06-08,Denmark,Uruguay,6,1,5,True,False,False,True
1986_28,1986,World Cup 1986,Matchday 2,1986-06-08,Uruguay,Denmark,1,6,-5,False,False,True,True
1986_29,1986,World Cup 1986,Matchday 3,1986-06-13,Denmark,West Germany,2,0,2,True,False,False,True
1986_29,1986,World Cup 1986,Matchday 3,1986-06-13,West Germany,Denmark,0,2,-2,False,False,True,True
1986_30,1986,World Cup 1986,Matchday 3,1986-06-13,Scotland,Uruguay,0,0,0,False,True,False,True
1986_30,1986,World Cup 1986,Matchday 3,1986-06-13,Uruguay,Scotland,0,0,0,False,True,False,True
1986_31,1986,World Cup 1986,Matchday 1,1986-06-02,Morocco,Poland,0,0,0,False,True,False,True
1986_31,1986,World Cup 1986,Matchday 1,1986-06-02,Poland,Morocco,0,0,0,False,True,False,True
1986_32,1986,World Cup 1986,Matchday 1,1986-06-03,Portugal,England,1,0,1,True,False,False,True
1986_32,1986,World Cup 1986,Matchday 1,1986-06-03,England,Portugal,0,1,-1,False,False,True,True
1986_33,1986,World Cup 1986,Matchday 2,1986-06-06,England,Morocco,0,0,0,False,True,False,True
1986_33,1986,World Cup 1986,Matchday 2,1986-06-06,Morocco,England,0,0,0,False,True,False,True
1986_34,1986,World Cup 1986,Matchday 2,1986-06-07,Poland,Portugal,1,0,1,True,False,False,True
1986_34,1986,World Cup 1986,Matchday 2,1986-06-07,Portugal,Poland,0,1,-1,False,False,True,True
1986_35,1986,World Cup 1986,Matchday 3,1986-06-11,Portugal,Morocco,1,3,-2,False,False,True,True
1986_35,1986,World Cup 1986,Matchday 3,1986-06-11,Morocco,Portugal,3,1,2,True,False,False,True
1986_36,1986,World Cup 1986,Matchday 3,1986-06-11,England,Poland,3,0,3,True,False,False,True
1986_36,1986,World Cup 1986,Matchday 3,1986-06-11,Poland,England,0,3,-3,False,False,True,True
1986_37,1986,World Cup 1986,Round of 16,1986-06-15,Mexico,Bulgaria,2,0,2,True,False,False,True
1986_37,1986,World Cup 1986,Round of 16,1986-06-15,Bulgaria,Mexico,0,2,-2,False,False,True,True
1986_38,1986,World Cup 1986,Round of 16,1986-06-15,Soviet Union,Belgium,3,4,-1,False,False,True,True
1986_38,1986,World Cup 1986,Round of 16,1986-06-15,Belgium,Soviet Union,4,3,1,True,False,False,True
1986_39,1986,World Cup 1986,Round of 16,1986-06-16,Argentina,Uruguay,1,0,1,True,False,False,True
1986_39,1986,World Cup 1986,Round of 16,1986-06-16,Uruguay,Argentina,0,1,-1,False,False,True,True
1986_40,1986,World Cup 1986,Round of 16,1986-06-16,Brazil,Poland,4,0,4,True,False,False,True
1986_40,1986,World Cup 1986,Round of 16,1986-06-16,Poland,Brazil,0,4,-4,False,False,True,True
1986_41,1986,World Cup 1986,Round of 16,1986-06-17,Italy,France,0,2,-2,False,False,True,True
1986_41,1986,World Cup 1986,Round of 16,1986-06-17,France,Italy,2,0,2,True,False,False,True
1986_42,1986,World Cup 1986,Round of 16,1986-06-17,Morocco,West Germany,0,1,-1,False,False,True,True
1986_42,1986,World Cup 1986,Round of 16,1986-06-17,West Germany,Morocco,1,0,1,True,False,False,True
1986_43,1986,World Cup 1986,Round of 16,1986-06-18,England,Paraguay,3,0,3,True,False,False,True
1986_43,1986,World Cup 1986,Round of 16,1986-06-18,Paraguay,England,0,3,-3,False,False,True,True
1986_44,1986,World Cup 1986,Round of 16,1986-06-18,Denmark,Spain,1,5,-4,False,False,True,True
1986_44,1986,World Cup 1986,Round of 16,1986-06-18,Spain,Denmark,5,1,4,True,False,False,True
1986_45,1986,World Cup 1986,Quarter-finals,1986-06-21,Brazil,France,1,1,0,False,True,False,True
1986_45,1986,World Cup 1986,Quarter-finals,1986-06-21,France,Brazil,1,1,0,False,True,False,True
1986_46,1986,World Cup 1986,Quarter-finals,1986-06-21,West Germany,Mexico,0,0,0,False,True,False,True
1986_46,1986,World Cup 1986,Quarter-finals,1986-06-21,Mexico,West Germany,0,0,0,False,True,False,True
1986_47,1986,World Cup 1986,Quarter-finals,1986-06-22,Spain,Belgium,1,1,0,False,True,False,True
1986_47,1986,World Cup 1986,Quarter-finals,1986-06-22,Belgium,Spain,1,1,0,False,True,False,True
1986_48,1986,World Cup 1986,Quarter-finals,1986-06-22,Argentina,England,2,1,1,True,False,False,True
1986_48,1986,World Cup 1986,Quarter-finals,1986-06-22,England,Argentina,1,2,-1,False,False,True,True
1986_49,1986,World Cup 1986,Semi-finals,1986-06-25,Argentina,Belgium,2,0,2,True,False,False,True
1986_49,1986,World Cup 1986,Semi-finals,1986-06-25,Belgium,Argentina,0,2,-2,False,False,True,True
1986_50,1986,World Cup 1986,Semi-finals,1986-06-25,France,West Germany,0,2,-2,False,False,True,True
1986_50,1986,World Cup 1986,Semi-finals,1986-06-25,West Germany,France,2,0,2,True,False,False,True
1986_51,1986,World Cup 1986,Third place match,1986-06-28,France,Belgium,4,2,2,True,False,False,True
1986_51,1986,World Cup 1986,Third place match,1986-06-28,Belgium,France,2,4,-2,False,False,True,True
1986_52,1986,World Cup 1986,Final,1986-06-29,Argentina,West Germany,3,2,1,True,False,False,True
1986_52,1986,World Cup 1986,Final,1986-06-29,West Germany,Argentina,2,3,-1,False,False,True,True
1990_1,1990,World Cup 1990,Matchday 1,1990-06-09,Italy,Austria,1,0,1,True,False,False,True
1990_1,1990,World Cup 1990,Matchday 1,1990-06-09,Austria,Italy,0,1,-1,False,False,True,True
1990_2,1990,World Cup 1990,Matchday 1,1990-06-10,United States,Czechoslovakia,1,5,-4,False,False,True,True
1990_2,1990,World Cup 1990,Matchday 1,1990-06-10,Czechoslovakia,United States,5,1,4,True,False,False,True
1990_3,1990,World Cup 1990,Matchday 2,1990-06-14,Italy,United States,1,0,1,True,False,False,True
1990_3,1990,World Cup 1990,Matchday 2,1990-06-14,United States,Italy,0,1,-1,False,False,True,True
1990_4,1990,World Cup 1990,Matchday 2,1990-06-15,Austria,Czechoslovakia,0,1,-1,False,False,True,True
1990_4,1990,World Cup 1990,Matchday 2,1990-06-15,Czechoslovakia,Austria,1,0,1,True,False,False,True
1990_5,1990,World Cup 1990,Matchday 3,1990-06-19,Italy,Czechoslovakia,2,0,2,True,False,False,True
1990_5,1990,World Cup 1990,Matchday 3,1990-06-19,Czechoslovakia,Italy,0,2,-2,False,False,True,True
1990_6,1990,World Cup 1990,Matchday 3,1990-06-19,Austria,United States,2,1,1,True,False,False,True
1990_6,1990,World Cup 1990,Matchday 3,1990-06-19,United States,Austria,1,2,-1,False,False,True,True
1990_7,1990,World Cup 1990,Matchday 1,1990-06-08,Argentina,Cameroon,0,1,-1,False,False,True,True
1990_7,1990,World Cup 1990,Matchday 1,1990-06-08,Cameroon,Argentina,1,0,1,True,False,False,True
1990_8,1990,World Cup 1990,Matchday 1,1990-06-09,Soviet Union,Romania,0,2,-2,False,False,True,True
1990_8,1990,World Cup 1990,Matchday 1,1990-06-09,Romania,Soviet Union,2,0,2,True,False,False,True
1990_9,1990,World Cup 1990,Matchday 1,1990-06-13,Argentina,Soviet Union,2,0,2,True,False,False,True
1990_9,1990,World Cup 1990,Matchday 1,1990-06-13,Soviet Union,Argentina,0,2,-2,False,False,True,True
1990_10,1990,World Cup 1990,Matchday 2,1990-06-14,Cameroon,Romania,2,1,1,True,False,False,True
1990_10,1990,World Cup 1990,Matchday 2,1990-06-14,Romania,Cameroon,1,2,-1,False,False,True,True
1990_11,1990,World Cup 1990,Matchday 3,1990-06-18,Argentina,Romania,1,1,0,False,True,False,True
1990_11,1990,World Cup 1990,Matchday 3,1990-06-18,Romania,Argentina,1,1,0,False,True,False,True
1990_12,1990,World Cup 1990,Matchday 3,1990-06-18,Cameroon,Soviet Union,0,4,-4,False,False,True,True
1990_12,1990,World Cup 1990,Matchday 3,1990-06-18,Soviet Union,Cameroon,4,0,4,True,False,False,True
1990_13,1990,World Cup 1990,Matchday 1,1990-06-10,Brazil,Sweden,2,1,1,True,False,False,True
1990_13,1990,World Cup 1990,Matchday 1,1990-06-10,Sweden,Brazil,1,2,-1,False,False,True,True
1990_14,1990,World Cup 1990,Matchday 1,1990-06-11,Costa Rica,Scotland,1,0,1,True,False,False,True
1990_14,1990,World Cup 1990,Matchday 1,1990-06-11,Scotland,Costa Rica,0,1,-1,False,False,True,True
1990_15,1990,World Cup 1990,Matchday 2,1990-06-16,Brazil,Costa Rica,1,0,1,True,False,False,True
1990_15,1990,World Cup 1990,Matchday 2,1990-06-16,Costa Rica,Brazil,0,1,-1,False,False,True,True
1990_16,1990,World Cup 1990,Matchday 2,1990-06-16,Sweden,Scotland,1,2,-1,False,False,True,True
1990_16,1990,World Cup 1990,Matchday 2,1990-06-16,Scotland,Sweden,2,1,1,True,False,False,True
1990_17,1990,World Cup 1990,Matchday 3,1990-06-20,Brazil,Scotland,1,0,1,True,False,False,True
1990_17,1990,World Cup 1990,Matchday 3,1990-06-20,Scotland,Brazil,0,1,-1,False,False,True,True
1990_18,1990,World Cup 1990,Matchday 3,1990-06-20,Sweden,Costa Rica,1,2,-1,False,False,True,True
1990_18,1990,World Cup 1990,Matchday 3,1990-06-20,Costa Rica,Sweden,2,1,1,True,False,False,True
1990_19,1990,World Cup 1990,Matchday 1,1990-06-09,United Arab Emirates,Colombia,0,2,-2,False,False,True,True
1990_19,1990,World Cup 1990,Matchday 1,1990-06-09,Colombia,United Arab Emirates,2,0,2,True,False,False,True
1990_20,1990,World Cup 1990,Matchday 1,1990-06-10,West Germany,Yugoslavia,4,1,3,True,False,False,True
1990_20,1990,World Cup 1990,Matchday 1,1990-06-10,Yugoslavia,West Germany,1,4,-3,False,False,True,True
1990_21,1990,World Cup 1990,Matchday 2,1990-06-14,Yugoslavia,Colombia,1,0,1,True,False,False,True
1990_21,1990,World Cup 1990,Matchday 2,1990-06-14,Colombia,Yugoslavia,0,1,-1,False,False,True,True
1990_22,1990,World Cup 1990,Matchday 2,1990-06-15,West Germany,United Arab Emirates,5,1,4,True,False,False,True
1990_22,1990,World Cup 1990,Matchday 2,1990-06-15,United Arab Emirates,West Germany,1,5,-4,False,False,True,True
1990_23,1990,World Cup 1990,Matchday 3,1990-06-19,West Germany,Colombia,1,1,0,False,True,False,True
1990_23,1990,World Cup 1990,Matchday 3,1990-06-19,Colombia,West Germany,1,1,0,False,True,False,True
1990_24,1990,World Cup 1990,Matchday 3,1990-06-19,Yugoslavia,United Arab Emirates,4,1,3,True,False,False,True
1990_24,1990,World Cup 1990,Matchday 3,1990-06-19,United Arab Emirates,Yugoslavia,1,4,-3,False,False,True,True
1990_25,1990,World Cup 1990,Matchday 1,1990-06-12,Belgium,South Korea,2,0,2,True,False,False,True
1990_25,1990,World Cup 1990,Matchday 1,1990-06-12,South Korea,Belgium,0,2,-2,False,False,True,True
1990_26,1990,World Cup 1990,Matchday 1,1990-06-13,Uruguay,Spain,0,0,0,False,True,False,True
1990_26,1990,World Cup 1990,Matchday 1,1990-06-13,Spain,Uruguay,0,0,0,False,True,False,True
1990_27,1990,World Cup 1990,Matchday 2,1990-06-17,Belgium,Uruguay,3,1,2,True,False,False,True
1990_27,1990,World Cup 1990,Matchday 2,1990-06-17,Uruguay,Belgium,1,3,-2,False,False,True,True
1990_28,1990,World Cup 1990,Matchday 2,1990-06-17,South Korea,Spain,1,3,-2,False,False,True,True
1990_28,1990,World Cup 1990,Matchday 2,1990-06-17,Spain,South Korea,3,1,2,True,False,False,True
1990_29,1990,World Cup 1990,Matchday 3,1990-06-21,Belgium,Spain,1,2,-1,False,False,True,True
1990_29,1990,World Cup 1990,Matchday 3,1990-06-21,Spain,Belgium,2,1,1,True,False,False,True
1990_30,1990,World Cup 1990,Matchday 3,1990-06-21,South Korea,Uruguay,0,1,-1,False,False,True,True
1990_30,1990,World Cup 1990,Matchday 3,1990-06-21,Uruguay,South Korea,1,0,1,True,False,False,True
1990_31,1990,World Cup 1990,Matchday 1,1990-06-11,England,Ireland,1,1,0,False,True,False,True
1990_31,1990,World Cup 1990,Matchday 1,1990-06-11,Ireland,England,1,1,0,False,True,False,True
1990_32,1990,World Cup 1990,Matchday 1,1990-06-12,Netherlands,Egypt,1,1,0,False,True,False,True
1990_32,1990,World Cup 1990,Matchday 1,1990-06-12,Egypt,Netherlands,1,1,0,False,True,False,True
1990_33,1990,World Cup 1990,Matchday 2,1990-06-16,England,Netherlands,0,0,0,False,True,False,True
1990_33,1990,World Cup 1990,Matchday 2,1990-06-16,Netherlands,England,0,0,0,False,True,False,True
1990_34,1990,World Cup 1990,Matchday 2,1990-06-17,Ireland,Egypt,0,0,0,False,True,False,True
1990_34,1990,World Cup 1990,Matchday 2,1990-06-17,Egypt,Ireland,0,0,0,False,True,False,True
1990_35,1990,World Cup 1990,Matchday 3,1990-06-21,England,Egypt,1,0,1,True,False,False,True
1990_35,1990,World Cup 1990,Matchday 3,1990-06-21,Egypt,England,0,1,-1,False,False,True,True
1990_36,1990,World Cup 1990,Matchday 3,1990-06-21,Ireland,Netherlands,1,1,0,False,True,False,True
1990_36,1990,World Cup 1990,Matchday 3,1990-06-21,Netherlands,Ireland,1,1,0,False,True,False,True
1990_37,1990,World Cup 1990,Round of 16,1990-06-23,Cameroon,Colombia,2,1,1,True,False,False,True
1990_37,1990,World Cup 1990,Round of 16,1990-06-23,Colombia,Cameroon,1,2,-1,False,False,True,True
1990_38,1990,World Cup 1990,Round of 16,1990-06-23,Czechoslovakia,Costa Rica,4,1,3,True,False,False,True
1990_38,1990,World Cup 1990,Round of 16,1990-06-23,Costa Rica,Czechoslovakia,1,4,-3,False,False,True,True
1990_39,1990,World Cup 1990,Round of 16,1990-06-24,Brazil,Argentina,0,1,-1,False,False,True,True
1990_39,1990,World Cup 1990,Round of 16,1990-06-24,Argentina,Brazil,1,0,1,True,False,False,True
1990_40,1990,World Cup 1990,Round of 16,1990-06-24,West Germany,Netherlands,2,1,1,True,False,False,True
1990_40,1990,World Cup 1990,Round of 16,1990-06-24,Netherlands,West Germany,1,2,-1,False,False,True,True
1990_41,1990,World Cup 1990,Round of 16,1990-06-25,Ireland,Romania,0,0,0,False,True,False,True
1990_41,1990,World Cup 1990,Round of 16,1990-06-25,Romania,Ireland,0,0,0,False,True,False,True
1990_42,1990,World Cup 1990,Round of 16,1990-06-25,Italy,Uruguay,2,0,2,True,False,False,True
1990_42,1990,World Cup 1990,Round of 16,1990-06-25,Uruguay,Italy,0,2,-2,False,False,True,True
1990_43,1990,World Cup 1990,Round of 16,1990-06-26,Spain,Yugoslavia,1,2,-1,False,False,True,True
1990_43,1990,World Cup 1990,Round of 16,1990-06-26,Yugoslavia,Spain,2,1,1,True,False,False,True
1990_44,1990,World Cup 1990,Round of 16,1990-06-26,England,Belgium,1,0,1,True,False,False,True
1990_44,1990,World Cup 1990,Round of 16,1990-06-26,Belgium,England,0,1,-1,False,False,True,True
1990_45,1990,World Cup 1990,Quarter-finals,1990-06-30,Yugoslavia,Argentina,0,0,0,False,True,False,True
1990_45,1990,World Cup 1990,Quarter-finals,1990-06-30,Argentina,Yugoslavia,0,0,0,False,True,False,True
1990_46,1990,World Cup 1990,Quarter-finals,1990-06-30,Italy,Ireland,1,0,1,True,False,False,True
1990_46,1990,World Cup 1990,Quarter-finals,1990-06-30,Ireland,Italy,0,1,-1,False,False,True,True
1990_47,1990,World Cup 1990,Quarter-finals,1990-07-01,West Germany,Czechoslovakia,1,0,1,True,False,False,True
1990_47,1990,World Cup 1990,Quarter-finals,1990-07-01,Czechoslovakia,West Germany,0,1,-1,False,False,True,True
1990_48,1990,World Cup 1990,Quarter-finals,1990-07-01,England,Cameroon,3,2,1,True,False,False,True
1990_48,1990,World Cup 1990,Quarter-finals,1990-07-01,Cameroon,England,2,3,-1,False,False,True,True
1990_49,1990,World Cup 1990,Semi-finals,1990-07-03,Italy,Argentina,1,1,0,False,True,False,True
1990_49,1990,World Cup 1990,Semi-finals,1990-07-03,Argentina,Italy,1,1,0,False,True,False,True
1990_50,1990,World Cup 1990,Semi-finals,1990-07-04,West Germany,England,1,1,0,False,True,False,True
1990_50,1990,World Cup 1990,Semi-finals,1990-07-04,England,West Germany,1,1,0,False,True,False,True
1990_51,1990,World Cup 1990,Third place match,1990-07-07,Italy,England,2,1,1,True,False,False,True
1990_51,1990,World Cup 1990,Third place match,1990-07-07,England,Italy,1,2,-1,False,False,True,True
1990_52,1990,World Cup 1990,Final,1990-07-08,West Germany,Argentina,1,0,1,True,False,False,True
1990_52,1990,World Cup 1990,Final,1990-07-08,Argentina,West Germany,0,1,-1,False,False,True,True
1994_1,1994,World Cup 1994,Matchday 1,1994-06-18,USA,Switzerland,1,1,0,False,True,False,True
1994_1,1994,World Cup 1994,Matchday 1,1994-06-18,Switzerland,USA,1,1,0,False,True,False,True
1994_2,1994,World Cup 1994,Matchday 1,1994-06-18,Colombia,Romania,1,3,-2,False,False,True,True
1994_2,1994,World Cup 1994,Matchday 1,1994-06-18,Romania,Colombia,3,1,2,True,False,False,True
1994_3,1994,World Cup 1994,Matchday 2,1994-06-22,Romania,Switzerland,1,4,-3,False,False,True,True
1994_3,1994,World Cup 1994,Matchday 2,1994-06-22,Switzerland,Romania,4,1,3,True,False,False,True
1994_4,1994,World Cup 1994,Matchday 2,1994-06-22,USA,Colombia,2,1,1,True,False,False,True
1994_4,1994,World Cup 1994,Matchday 2,1994-06-22,Colombia,USA,1,2,-1,False,False,True,True
1994_5,1994,World Cup 1994,Matchday 2,1994-06-26,USA,Romania,0,1,-1,False,False,True,True
1994_5,1994,World Cup 1994,Matchday 2,1994-06-26,Romania,USA,1,0,1,True,False,False,True
1994_6,1994,World Cup 1994,Matchday 2,1994-06-26,Switzerland,Colombia,0,2,-2,False,False,True,True
1994_6,1994,World Cup 1994,Matchday 2,1994-06-26,Colombia,Switzerland,2,0,2,True,False,False,True
1994_7,1994,World Cup 1994,Matchday 1,1994-06-19,Cameroon,Sweden,2,2,0,False,True,False,True
1994_7,1994,World Cup 1994,Matchday 1,1994-06-19,Sweden,Cameroon,2,2,0,False,True,False,True
1994_8,1994,World Cup 1994,Matchday 1,1994-06-20,Brazil,Russia,2,0,2,True,False,False,True
1994_8,1994,World Cup 1994,Matchday 1,1994-06-20,Russia,Brazil,0,2,-2,False,False,True,True
1994_9,1994,World Cup 1994,Matchday 2,1994-06-24,Brazil,Cameroon,3,0,3,True,False,False,True
1994_9,1994,World Cup 1994,Matchday 2,1994-06-24,Cameroon,Brazil,0,3,-3,False,False,True,True
1994_10,1994,World Cup 1994,Matchday 2,1994-06-24,Sweden,Russia,3,1,2,True,False,False,True
1994_10,1994,World Cup 1994,Matchday 2,1994-06-24,Russia,Sweden,1,3,-2,False,False,True,True
1994_11,1994,World Cup 1994,Matchday 3,1994-06-28,Russia,Cameroon,6,1,5,True,False,False,True
1994_11,1994,World Cup 1994,Matchday 3,1994-06-28,Cameroon,Russia,1,6,-5,False,False,True,True
1994_12,1994,World Cup 1994,Matchday 3,1994-06-28,Brazil,Sweden,1,1,0,False,True,False,True
1994_12,1994,World Cup 1994,Matchday 3,1994-06-28,Sweden,Brazil,1,1,0,False,True,False,True
1994_13,1994,World Cup 1994,Matchday 1,1994-06-17,Germany,Bolivia,1,0,1,True,False,False,True
1994_13,1994,World Cup 1994,Matchday 1,1994-06-17,Bolivia,Germany,0,1,-1,False,False,True,True
1994_14,1994,World Cup 1994,Matchday 1,1994-06-17,Spain,South Korea,2,2,0,False,True,False,True
1994_14,1994,World Cup 1994,Matchday 1,1994-06-17,South Korea,Spain,2,2,0,False,True,False,True
1994_15,1994,World Cup 1994,Matchday 1,1994-06-21,Germany,Spain,1,1,0,False,True,False,True
1994_15,1994,World Cup 1994,Matchday 1,1994-06-21,Spain,Germany,1,1,0,False,True,False,True
1994_16,1994,World Cup 1994,Matchday 2,1994-06-23,South Korea,Bolivia,0,0,0,False,True,False,True
1994_16,1994,World Cup 1994,Matchday 2,1994-06-23,Bolivia,South Korea,0,0,0,False,True,False,True
1994_17,1994,World Cup 1994,Matchday 3,1994-06-27,Bolivia,Spain,1,3,-2,False,False,True,True
1994_17,1994,World Cup 1994,Matchday 3,1994-06-27,Spain,Bolivia,3,1,2,True,False,False,True
1994_18,1994,World Cup 1994,Matchday 3,1994-06-27,Germany,South Korea,3,2,1,True,False,False,True
1994_18,1994,World Cup 1994,Matchday 3,1994-06-27,South Korea,Germany,2,3,-1,False,False,True,True
1994_19,1994,World Cup 1994,Matchday 1,1994-06-21,Argentina,Greece,4,0,4,True,False,False,True
1994_19,1994,World Cup 1994,Matchday 1,1994-06-21,Greece,Argentina,0,4,-4,False,False,True,True
1994_20,1994,World Cup 1994,Matchday 1,1994-06-21,Nigeria,Bulgaria,3,0,3,True,False,False,True
1994_20,1994,World Cup 1994,Matchday 1,1994-06-21,Bulgaria,Nigeria,0,3,-3,False,False,True,True
1994_21,1994,World Cup 1994,Matchday 2,1994-06-25,Argentina,Nigeria,2,1,1,True,False,False,True
1994_21,1994,World Cup 1994,Matchday 2,1994-06-25,Nigeria,Argentina,1,2,-1,False,False,True,True
1994_22,1994,World Cup 1994,Matchday 2,1994-06-26,Greece,Bulgaria,0,4,-4,False,False,True,True
1994_22,1994,World Cup 1994,Matchday 2,1994-06-26,Bulgaria,Greece,4,0,4,True,False,False,True
1994_23,1994,World Cup 1994,Matchday 3,1994-06-30,Greece,Nigeria,0,2,-2,False,False,True,True
1994_23,1994,World Cup 1994,Matchday 3,1994-06-30,Nigeria,Greece,2,0,2,True,False,False,True
1994_24,1994,World Cup 1994,Matchday 3,1994-06-30,Argentina,Bulgaria,0,2,-2,False,False,True,True
1994_24,1994,World Cup 1994,Matchday 3,1994-06-30,Bulgaria,Argentina,2,0,2,True,False,False,True
1994_25,1994,World Cup 1994,Matchday 1,1994-06-18,Italy,Ireland,0,1,-1,False,False,True,True
1994_25,1994,World Cup 1994,Matchday 1,1994-06-18,Ireland,Italy,1,0,1,True,False,False,True
1994_26,1994,World Cup 1994,Matchday 1,1994-06-19,Norway,Mexico,1,0,1,True,False,False,True
1994_26,1994,World Cup 1994,Matchday 1,1994-06-19,Mexico,Norway,0,1,-1,False,False,True,True
1994_27,1994,World Cup 1994,Matchday 2,1994-06-23,Italy,Norway,1,0,1,True,False,False,True
1994_27,1994,World Cup 1994,Matchday 2,1994-06-23,Norway,Italy,0,1,-1,False,False,True,True
1994_28,1994,World Cup 1994,Matchday 2,1994-06-24,Mexico,Ireland,2,1,1,True,False,False,True
1994_28,1994,World Cup 1994,Matchday 2,1994-06-24,Ireland,Mexico,1,2,-1,False,False,True,True
1994_29,1994,World Cup 1994,Matchday 3,1994-06-28,Ireland,Norway,0,0,0,False,True,False,True
1994_29,1994,World Cup 1994,Matchday 3,1994-06-28,Norway,Ireland,0,0,0,False,True,False,True
1994_30,1994,World Cup 1994,Matchday 3,1994-06-28,Italy,Mexico,1,1,0,False,True,False,True
1994_30,1994,World Cup 1994,Matchday 3,1994-06-28,Mexico,Italy,1,1,0,False,True,False,True
1994_31,1994,World Cup 1994,Matchday 1,1994-06-19,Belgium,Morocco,1,0,1,True,False,False,True
1994_31,1994,World Cup 1994,Matchday 1,1994-06-19,Morocco,Belgium,0,1,-1,False,False,True,True
1994_32,1994,World Cup 1994,Matchday 1,1994-06-20,Netherlands,Saudi Arabia,2,1,1,True,False,False,True
1994_32,1994,World Cup 1994,Matchday 1,1994-06-20,Saudi Arabia,Netherlands,1,2,-1,False,False,True,True
1994_33,1994,World Cup 1994,Matchday 2,1994-06-25,Belgium,Netherlands,1,0,1,True,False,False,True
1994_33,1994,World Cup 1994,Matchday 2,1994-06-25,Netherlands,Belgium,0,1,-1,False,False,True,True
1994_34,1994,World Cup 1994,Matchday 2,1994-06-25,Saudi Arabia,Morocco,2,1,1,True,False,False,True
1994_34,1994,World Cup 1994,Matchday 2,1994-06-25,Morocco,Saudi Arabia,1,2,-1,False,False,True,True
1994_35,1994,World Cup 1994,Matchday 3,1994-06-29,Morocco,Netherlands,1,2,-1,False,False,True,True
1994_35,1994,World Cup 1994,Matchday 3,1994-06-29,Netherlands,Morocco,2,1,1,True,False,False,True
1994_36,1994,World Cup 1994,Matchday 3,1994-06-29,Belgium,Saudi Arabia,0,1,-1,False,False,True,True
1994_36,1994,World Cup 1994,Matchday 3,1994-06-29,Saudi Arabia,Belgium,1,0,1,True,False,False,True
1994_37,1994,World Cup 1994,Round of 16,1994-07-02,Germany,Belgium,3,2,1,True,False,False,True
1994_37,1994,World Cup 1994,Round of 16,1994-07-02,Belgium,Germany,2,3,-1,False,False,True,True
1994_38,1994,World Cup 1994,Round of 16,1994-07-02,Spain,Switzerland,3,0,3,True,False,False,True
1994_38,1994,World Cup 1994,Round of 16,1994-07-02,Switzerland,Spain,0,3,-3,False,False,True,True
1994_39,1994,World Cup 1994,Round of 16,1994-07-03,Saudi Arabia,Sweden,1,3,-2,False,False,True,True
1994_39,1994,World Cup 1994,Round of 16,1994-07-03,Sweden,Saudi Arabia,3,1,2,True,False,False,True
1994_40,1994,World Cup 1994,Round of 16,1994-07-03,Romania,Argentina,3,2,1,True,False,False,True
1994_40,1994,World Cup 1994,Round of 16,1994-07-03,Argentina,Romania,2,3,-1,False,False,True,True
1994_41,1994,World Cup 1994,Round of 16,1994-07-04,Netherlands,Ireland,2,0,2,True,False,False,True
1994_41,1994,World Cup 1994,Round of 16,1994-07-04,Ireland,Netherlands,0,2,-2,False,False,True,True
1994_42,1994,World Cup 1994,Round of 16,1994-07-04,Brazil,USA,1,0,1,True,False,False,True
1994_42,1994,World Cup 1994,Round of 16,1994-07-04,USA,Brazil,0,1,-1,False,False,True,True
1994_43,1994,World Cup 1994,Round of 16,1994-07-05,Nigeria,Italy,1,2,-1,False,False,True,True
1994_43,1994,World Cup 1994,Round of 16,1994-07-05,Italy,Nigeria,2,1,1,True,False,False,True
1994_44,1994,World Cup 1994,Round of 16,1994-07-05,Mexico,Bulgaria,1,1,0,False,True,False,True
1994_44,1994,World Cup 1994,Round of 16,1994-07-05,Bulgaria,Mexico,1,1,0,False,True,False,True
1994_45,1994,World Cup 1994,Quarter-finals,1994-07-09,Italy,Spain,2,1,1,True,False,False,True
1994_45,1994,World Cup 1994,Quarter-finals,1994-07-09,Spain,Italy,1,2,-1,False,False,True,True
1994_46,1994,World Cup 1994,Quarter-finals,1994-07-09,Netherlands,Brazil,2,3,-1,False,False,True,True
1994_46,1994,World Cup 1994,Quarter-finals,1994-07-09,Brazil,Netherlands,3,2,1,True,False,False,True
1994_47,1994,World Cup 1994,Quarter-finals,1994-07-10,Bulgaria,Germany,2,1,1,True,False,False,True
1994_47,1994,World Cup 1994,Quarter-finals,1994-07-10,Germany,Bulgaria,1,2,-1,False,False,True,True
1994_48,1994,World Cup 1994,Quarter-finals,1994-07-10,Romania,Sweden,2,2,0,False,True,False,True
1994_48,1994,World Cup 1994,Quarter-finals,1994-07-10,Sweden,Romania,2,2,0,False,True,False,True
1994_49,1994,World Cup 1994,Semi-finals,1994-07-13,Bulgaria,Italy,1,2,-1,False,False,True,True
1994_49,1994,World Cup 1994,Semi-finals,1994-07-13,Italy,Bulgaria,2,1,1,True,False,False,True
1994_50,1994,World Cup 1994,Semi-finals,1994-07-13,Sweden,Brazil,0,1,-1,False,False,True,True
1994_50,1994,World Cup 1994,Semi-finals,1994-07-13,Brazil,Sweden,1,0,1,True,False,False,True
1994_51,1994,World Cup 1994,Third-place match,1994-07-16,Sweden,Bulgaria,4,0,4,True,False,False,True
1994_51,1994,World Cup 1994,Third-place match,1994-07-16,Bulgaria,Sweden,0,4,-4,False,False,True,True
1994_52,1994,World Cup 1994,Final,1994-07-17,Brazil,Italy,0,0,0,False,True,False,True
1994_52,1994,World Cup 1994,Final,1994-07-17,Italy,Brazil,0,0,0,False,True,False,True
1998_1,1998,World Cup 1998,Matchday 1,1998-06-10,Brazil,Scotland,2,1,1,True,False,False,True
1998_1,1998,World Cup 1998,Matchday 1,1998-06-10,Scotland,Brazil,1,2,-1,False,False,True,True
1998_2,1998,World Cup 1998,Matchday 1,1998-06-10,Morocco,Norway,2,2,0,False,True,False,True
1998_2,1998,World Cup 1998,Matchday 1,1998-06-10,Norway,Morocco,2,2,0,False,True,False,True
1998_3,1998,World Cup 1998,Matchday 2,1998-06-16,Scotland,Norway,1,1,0,False,True,False,True
1998_3,1998,World Cup 1998,Matchday 2,1998-06-16,Norway,Scotland,1,1,0,False,True,False,True
1998_4,1998,World Cup 1998,Matchday 2,1998-06-16,Brazil,Morocco,3,0,3,True,False,False,True
1998_4,1998,World Cup 1998,Matchday 2,1998-06-16,Morocco,Brazil,0,3,-3,False,False,True,True
1998_5,1998,World Cup 1998,Matchday 3,1998-06-23,Scotland,Morocco,0,3,-3,False,False,True,True
1998_5,1998,World Cup 1998,Matchday 3,1998-06-23,Morocco,Scotland,3,0,3,True,False,False,True
1998_6,1998,World Cup 1998,Matchday 3,1998-06-23,Brazil,Norway,1,2,-1,False,False,True,True
1998_6,1998,World Cup 1998,Matchday 3,1998-06-23,Norway,Brazil,2,1,1,True,False,False,True
1998_7,1998,World Cup 1998,Matchday 1,1998-06-11,Cameroon,Austria,1,1,0,False,True,False,True
1998_7,1998,World Cup 1998,Matchday 1,1998-06-11,Austria,Cameroon,1,1,0,False,True,False,True
1998_8,1998,World Cup 1998,Matchday 1,1998-06-11,Italy,Chile,2,2,0,False,True,False,True
1998_8,1998,World Cup 1998,Matchday 1,1998-06-11,Chile,Italy,2,2,0,False,True,False,True
1998_9,1998,World Cup 1998,Matchday 2,1998-06-17,Chile,Austria,1,1,0,False,True,False,True
1998_9,1998,World Cup 1998,Matchday 2,1998-06-17,Austria,Chile,1,1,0,False,True,False,True
1998_10,1998,World Cup 1998,Matchday 2,1998-06-17,Italy,Cameroon,3,0,3,True,False,False,True
1998_10,1998,World Cup 1998,Matchday 2,1998-06-17,Cameroon,Italy,0,3,-3,False,False,True,True
1998_11,1998,World Cup 1998,Matchday 3,1998-06-23,Italy,Austria,2,1,1,True,False,False,True
1998_11,1998,World Cup 1998,Matchday 3,1998-06-23,Austria,Italy,1,2,-1,False,False,True,True
1998_12,1998,World Cup 1998,Matchday 3,1998-06-23,Chile,Cameroon,1,1,0,False,True,False,True
1998_12,1998,World Cup 1998,Matchday 3,1998-06-23,Cameroon,Chile,1,1,0,False,True,False,True
1998_13,1998,World Cup 1998,Matchday 1,1998-06-12,Saudi Arabia,Denmark,0,1,-1,False,False,True,True
1998_13,1998,World Cup 1998,Matchday 1,1998-06-12,Denmark,Saudi Arabia,1,0,1,True,False,False,True
1998_14,1998,World Cup 1998,Matchday 1,1998-06-12,France,South Africa,3,0,3,True,False,False,True
1998_14,1998,World Cup 1998,Matchday 1,1998-06-12,South Africa,France,0,3,-3,False,False,True,True
1998_15,1998,World Cup 1998,Matchday 2,1998-06-18,France,Saudi Arabia,4,0,4,True,False,False,True
1998_15,1998,World Cup 1998,Matchday 2,1998-06-18,Saudi Arabia,France,0,4,-4,False,False,True,True
1998_16,1998,World Cup 1998,Matchday 2,1998-06-18,South Africa,Denmark,1,1,0,False,True,False,True
1998_16,1998,World Cup 1998,Matchday 2,1998-06-18,Denmark,South Africa,1,1,0,False,True,False,True
1998_17,1998,World Cup 1998,Matchday 3,1998-06-24,France,Denmark,2,1,1,True,False,False,True
1998_17,1998,World Cup 1998,Matchday 3,1998-06-24,Denmark,France,1,2,-1,False,False,True,True
1998_18,1998,World Cup 1998,Matchday 3,1998-06-24,South Africa,Saudi Arabia,2,2,0,False,True,False,True
1998_18,1998,World Cup 1998,Matchday 3,1998-06-24,Saudi Arabia,South Africa,2,2,0,False,True,False,True
1998_19,1998,World Cup 1998,Matchday 1,1998-06-12,Paraguay,Bulgaria,0,0,0,False,True,False,True
1998_19,1998,World Cup 1998,Matchday 1,1998-06-12,Bulgaria,Paraguay,0,0,0,False,True,False,True
1998_20,1998,World Cup 1998,Matchday 1,1998-06-13,Spain,Nigeria,2,3,-1,False,False,True,True
1998_20,1998,World Cup 1998,Matchday 1,1998-06-13,Nigeria,Spain,3,2,1,True,False,False,True
1998_21,1998,World Cup 1998,Matchday 2,1998-06-19,Nigeria,Bulgaria,1,0,1,True,False,False,True
1998_21,1998,World Cup 1998,Matchday 2,1998-06-19,Bulgaria,Nigeria,0,1,-1,False,False,True,True
1998_22,1998,World Cup 1998,Matchday 2,1998-06-19,Spain,Paraguay,0,0,0,False,True,False,True
1998_22,1998,World Cup 1998,Matchday 2,1998-06-19,Paraguay,Spain,0,0,0,False,True,False,True
1998_23,1998,World Cup 1998,Matchday 3,1998-06-24,Spain,Bulgaria,6,1,5,True,False,False,True
1998_23,1998,World Cup 1998,Matchday 3,1998-06-24,Bulgaria,Spain,1,6,-5,False,False,True,True
1998_24,1998,World Cup 1998,Matchday 3,1998-06-24,Nigeria,Paraguay,1,3,-2,False,False,True,True
1998_24,1998,World Cup 1998,Matchday 3,1998-06-24,Paraguay,Nigeria,3,1,2,True,False,False,True
1998_25,1998,World Cup 1998,Matchday 1,1998-06-13,Netherlands,Belgium,0,0,0,False,True,False,True
1998_25,1998,World Cup 1998,Matchday 1,1998-06-13,Belgium,Netherlands,0,0,0,False,True,False,True
1998_26,1998,World Cup 1998,Matchday 1,1998-06-13,South Korea,Mexico,1,3,-2,False,False,True,True
1998_26,1998,World Cup 1998,Matchday 1,1998-06-13,Mexico,South Korea,3,1,2,True,False,False,True
1998_27,1998,World Cup 1998,Matchday 2,1998-06-20,Netherlands,South Korea,5,0,5,True,False,False,True
1998_27,1998,World Cup 1998,Matchday 2,1998-06-20,South Korea,Netherlands,0,5,-5,False,False,True,True
1998_28,1998,World Cup 1998,Matchday 2,1998-06-20,Belgium,Mexico,2,2,0,False,True,False,True
1998_28,1998,World Cup 1998,Matchday 2,1998-06-20,Mexico,Belgium,2,2,0,False,True,False,True
1998_29,1998,World Cup 1998,Matchday 3,1998-06-25,Belgium,South Korea,1,1,0,False,True,False,True
1998_29,1998,World Cup 1998,Matchday 3,1998-06-25,South Korea,Belgium,1,1,0,False,True,False,True
1998_30,1998,World Cup 1998,Matchday 3,1998-06-25,Netherlands,Mexico,2,2,0,False,True,False,True
1998_30,1998,World Cup 1998,Matchday 3,1998-06-25,Mexico,Netherlands,2,2,0,False,True,False,True
1998_31,1998,World Cup 1998,Matchday 1,1998-06-14,Yugoslavia,Iran,1,0,1,True,False,False,True
1998_31,1998,World Cup 1998,Matchday 1,1998-06-14,Iran,Yugoslavia,0,1,-1,False,False,True,True
1998_32,1998,World Cup 1998,Matchday 1,1998-06-15,Germany,USA,2,0,2,True,False,False,True
1998_32,1998,World Cup 1998,Matchday 1,1998-06-15,USA,Germany,0,2,-2,False,False,True,True
1998_33,1998,World Cup 1998,Matchday 2,1998-06-21,Germany,Yugoslavia,2,2,0,False,True,False,True
1998_33,1998,World Cup 1998,Matchday 2,1998-06-21,Yugoslavia,Germany,2,2,0,False,True,False,True
1998_34,1998,World Cup 1998,Matchday 2,1998-06-21,USA,Iran,1,2,-1,False,False,True,True
1998_34,1998,World Cup 1998,Matchday 2,1998-06-21,Iran,USA,2,1,1,True,False,False,True
1998_35,1998,World Cup 1998,Matchday 3,1998-06-25,Germany,Iran,2,0,2,True,False,False,True
1998_35,1998,World Cup 1998,Matchday 3,1998-06-25,Iran,Germany,0,2,-2,False,False,True,True
1998_36,1998,World Cup 1998,Matchday 3,1998-06-25,USA,Yugoslavia,0,1,-1,False,False,True,True
1998_36,1998,World Cup 1998,Matchday 3,1998-06-25,Yugoslavia,USA,1,0,1,True,False,False,True
1998_37,1998,World Cup 1998,Matchday 1,1998-06-15,Romania,Colombia,1,0,1,True,False,False,True
1998_37,1998,World Cup 1998,Matchday 1,1998-06-15,Colombia,Romania,0,1,-1,False,False,True,True
1998_38,1998,World Cup 1998,Matchday 1,1998-06-15,England,Tunisia,2,0,2,True,False,False,True
1998_38,1998,World Cup 1998,Matchday 1,1998-06-15,Tunisia,England,0,2,-2,False,False,True,True
1998_39,1998,World Cup 1998,Matchday 2,1998-06-22,Colombia,Tunisia,1,0,1,True,False,False,True
1998_39,1998,World Cup 1998,Matchday 2,1998-06-22,Tunisia,Colombia,0,1,-1,False,False,True,True
1998_40,1998,World Cup 1998,Matchday 2,1998-06-22,Romania,England,2,1,1,True,False,False,True
1998_40,1998,World Cup 1998,Matchday 2,1998-06-22,England,Romania,1,2,-1,False,False,True,True
1998_41,1998,World Cup 1998,Matchday 3,1998-06-26,Romania,Tunisia,1,1,0,False,True,False,True
1998_41,1998,World Cup 1998,Matchday 3,1998-06-26,Tunisia,Romania,1,1,0,False,True,False,True
1998_42,1998,World Cup 1998,Matchday 3,1998-06-26,Colombia,England,0,2,-2,False,False,True,True
1998_42,1998,World Cup 1998,Matchday 3,1998-06-26,England,Colombia,2,0,2,True,False,False,True
1998_43,1998,World Cup 1998,Matchday 1,1998-06-14,Jamaica,Croatia,1,3,-2,False,False,True,True
1998_43,1998,World Cup 1998,Matchday 1,1998-06-14,Croatia,Jamaica,3,1,2,True,False,False,True
1998_44,1998,World Cup 1998,Matchday 1,1998-06-14,Argentina,Japan,1,0,1,True,False,False,True
1998_44,1998,World Cup 1998,Matchday 1,1998-06-14,Japan,Argentina,0,1,-1,False,False,True,True
1998_45,1998,World Cup 1998,Matchday 2,1998-06-20,Japan,Croatia,0,1,-1,False,False,True,True
1998_45,1998,World Cup 1998,Matchday 2,1998-06-20,Croatia,Japan,1,0,1,True,False,False,True
1998_46,1998,World Cup 1998,Matchday 2,1998-06-21,Argentina,Jamaica,5,0,5,True,False,False,True
1998_46,1998,World Cup 1998,Matchday 2,1998-06-21,Jamaica,Argentina,0,5,-5,False,False,True,True
1998_47,1998,World Cup 1998,Matchday 3,1998-06-26,Japan,Jamaica,1,2,-1,False,False,True,True
1998_47,1998,World Cup 1998,Matchday 3,1998-06-26,Jamaica,Japan,2,1,1,True,False,False,True
1998_48,1998,World Cup 1998,Matchday 3,1998-06-26,Argentina,Croatia,1,0,1,True,False,False,True
1998_48,1998,World Cup 1998,Matchday 3,1998-06-26,Croatia,Argentina,0,1,-1,False,False,True,True
1998_49,1998,World Cup 1998,Round of 16,1998-06-27,Brazil,Chile,4,1,3,True,False,False,True
1998_49,1998,World Cup 1998,Round of 16,1998-06-27,Chile,Brazil,1,4,-3,False,False,True,True
1998_50,1998,World Cup 1998,Round of 16,1998-06-27,Italy,Norway,1,0,1,True,False,False,True
1998_50,1998,World Cup 1998,Round of 16,1998-06-27,Norway,Italy,0,1,-1,False,False,True,True
1998_51,1998,World Cup 1998,Round of 16,1998-06-28,Nigeria,Denmark,1,4,-3,False,False,True,True
1998_51,1998,World Cup 1998,Round of 16,1998-06-28,Denmark,Nigeria,4,1,3,True,False,False,True
1998_52,1998,World Cup 1998,Round of 16,1998-06-28,France,Paraguay,1,0,1,True,False,False,True
1998_52,1998,World Cup 1998,Round of 16,1998-06-28,Paraguay,France,0,1,-1,False,False,True,True
1998_53,1998,World Cup 1998,Round of 16,1998-06-29,Germany,Mexico,2,1,1,True,False,False,True
1998_53,1998,World Cup 1998,Round of 16,1998-06-29,Mexico,Germany,1,2,-1,False,False,True,True
1998_54,1998,World Cup 1998,Round of 16,1998-06-29,Netherlands,Yugoslavia,2,1,1,True,False,False,True
1998_54,1998,World Cup 1998,Round of 16,1998-06-29,Yugoslavia,Netherlands,1,2,-1,False,False,True,True
1998_55,1998,World Cup 1998,Round of 16,1998-06-30,Argentina,England,2,2,0,False,True,False,True
1998_55,1998,World Cup 1998,Round of 16,1998-06-30,England,Argentina,2,2,0,False,True,False,True
1998_56,1998,World Cup 1998,Round of 16,1998-06-30,Romania,Croatia,0,1,-1,False,False,True,True
1998_56,1998,World Cup 1998,Round of 16,1998-06-30,Croatia,Romania,1,0,1,True,False,False,True
1998_57,1998,World Cup 1998,Quarter-finals,1998-07-03,Italy,France,0,0,0,False,True,False,True
1998_57,1998,World Cup 1998,Quarter-finals,1998-07-03,France,Italy,0,0,0,False,True,False,True
1998_58,1998,World Cup 1998,Quarter-finals,1998-07-03,Brazil,Denmark,3,2,1,True,False,False,True
1998_58,1998,World Cup 1998,Quarter-finals,1998-07-03,Denmark,Brazil,2,3,-1,False,False,True,True
1998_59,1998,World Cup 1998,Quarter-finals,1998-07-04,Germany,Croatia,0,3,-3,False,False,True,True
1998_59,1998,World Cup 1998,Quarter-finals,1998-07-04,Croatia,Germany,3,0,3,True,False,False,True
1998_60,1998,World Cup 1998,Quarter-finals,1998-07-04,Netherlands,Argentina,2,1,1,True,False,False,True
1998_60,1998,World Cup 1998,Quarter-finals,1998-07-04,Argentina,Netherlands,1,2,-1,False,False,True,True
1998_61,1998,World Cup 1998,Semi-finals,1998-07-07,Brazil,Netherlands,1,1,0,False,True,False,True
1998_61,1998,World Cup 1998,Semi-finals,1998-07-07,Netherlands,Brazil,1,1,0,False,True,False,True
1998_62,1998,World Cup 1998,Semi-finals,1998-07-08,France,Croatia,2,1,1,True,False,False,True
1998_62,1998,World Cup 1998,Semi-finals,1998-07-08,Croatia,France,1,2,-1,False,False,True,True
1998_63,1998,World Cup 1998,Third place match,1998-07-11,Netherlands,Croatia,1,2,-1,False,False,True,True
1998_63,1998,World Cup 1998,Third place match,1998-07-11,Croatia,Netherlands,2,1,1,True,False,False,True
1998_64,1998,World Cup 1998,Final,1998-07-12,Brazil,France,0,3,-3,False,False,True,True
1998_64,1998,World Cup 1998,Final,1998-07-12,France,Brazil,3,0,3,True,False,False,True
2002_1,2002,World Cup 2002,Matchday 1,2002-05-31,France,Senegal,0,1,-1,False,False,True,True
2002_1,2002,World Cup 2002,Matchday 1,2002-05-31,Senegal,France,1,0,1,True,False,False,True
2002_2,2002,World Cup 2002,Matchday 1,2002-06-01,Uruguay,Denmark,1,2,-1,False,False,True,True
2002_2,2002,World Cup 2002,Matchday 1,2002-06-01,Denmark,Uruguay,2,1,1,True,False,False,True
2002_3,2002,World Cup 2002,Matchday 2,2002-06-06,France,Uruguay,0,0,0,False,True,False,True
2002_3,2002,World Cup 2002,Matchday 2,2002-06-06,Uruguay,France,0,0,0,False,True,False,True
2002_4,2002,World Cup 2002,Matchday 2,2002-06-06,Denmark,Senegal,1,1,0,False,True,False,True
2002_4,2002,World Cup 2002,Matchday 2,2002-06-06,Senegal,Denmark,1,1,0,False,True,False,True
2002_5,2002,World Cup 2002,Matchday 3,2002-06-11,Denmark,France,2,0,2,True,False,False,True
2002_5,2002,World Cup 2002,Matchday 3,2002-06-11,France,Denmark,0,2,-2,False,False,True,True
2002_6,2002,World Cup 2002,Matchday 3,2002-06-11,Senegal,Uruguay,3,3,0,False,True,False,True
2002_6,2002,World Cup 2002,Matchday 3,2002-06-11,Uruguay,Senegal,3,3,0,False,True,False,True
2002_7,2002,World Cup 2002,Matchday 1,2002-06-02,Paraguay,South Africa,2,2,0,False,True,False,True
2002_7,2002,World Cup 2002,Matchday 1,2002-06-02,South Africa,Paraguay,2,2,0,False,True,False,True
2002_8,2002,World Cup 2002,Matchday 1,2002-06-02,Spain,Slovenia,3,1,2,True,False,False,True
2002_8,2002,World Cup 2002,Matchday 1,2002-06-02,Slovenia,Spain,1,3,-2,False,False,True,True
2002_9,2002,World Cup 2002,Matchday 2,2002-06-07,Spain,Paraguay,3,1,2,True,False,False,True
2002_9,2002,World Cup 2002,Matchday 2,2002-06-07,Paraguay,Spain,1,3,-2,False,False,True,True
2002_10,2002,World Cup 2002,Matchday 2,2002-06-08,South Africa,Slovenia,1,0,1,True,False,False,True
2002_10,2002,World Cup 2002,Matchday 2,2002-06-08,Slovenia,South Africa,0,1,-1,False,False,True,True
2002_11,2002,World Cup 2002,Matchday 3,2002-06-12,South Africa,Spain,2,3,-1,False,False,True,True
2002_11,2002,World Cup 2002,Matchday 3,2002-06-12,Spain,South Africa,3,2,1,True,False,False,True
2002_12,2002,World Cup 2002,Matchday 3,2002-06-12,Slovenia,Paraguay,1,3,-2,False,False,True,True
2002_12,2002,World Cup 2002,Matchday 3,2002-06-12,Paraguay,Slovenia,3,1,2,True,False,False,True
2002_13,2002,World Cup 2002,Matchday 1,2002-06-03,Brazil,Turkey,2,1,1,True,False,False,True
2002_13,2002,World Cup 2002,Matchday 1,2002-06-03,Turkey,Brazil,1,2,-1,False,False,True,True
2002_14,2002,World Cup 2002,Matchday 1,2002-06-04,China,Costa Rica,0,2,-2,False,False,True,True
2002_14,2002,World Cup 2002,Matchday 1,2002-06-04,Costa Rica,China,2,0,2,True,False,False,True
2002_15,2002,World Cup 2002,Matchday 2,2002-06-08,Brazil,China,4,0,4,True,False,False,True
2002_15,2002,World Cup 2002,Matchday 2,2002-06-08,China,Brazil,0,4,-4,False,False,True,True
2002_16,2002,World Cup 2002,Matchday 2,2002-06-09,Costa Rica,Turkey,1,1,0,False,True,False,True
2002_16,2002,World Cup 2002,Matchday 2,2002-06-09,Turkey,Costa Rica,1,1,0,False,True,False,True
2002_17,2002,World Cup 2002,Matchday 3,2002-06-13,Costa Rica,Brazil,2,5,-3,False,False,True,True
2002_17,2002,World Cup 2002,Matchday 3,2002-06-13,Brazil,Costa Rica,5,2,3,True,False,False,True
2002_18,2002,World Cup 2002,Matchday 3,2002-06-13,Turkey,China,3,0,3,True,False,False,True
2002_18,2002,World Cup 2002,Matchday 3,2002-06-13,China,Turkey,0,3,-3,False,False,True,True
2002_19,2002,World Cup 2002,Matchday 1,2002-06-04,South Korea,Poland,2,0,2,True,False,False,True
2002_19,2002,World Cup 2002,Matchday 1,2002-06-04,Poland,South Korea,0,2,-2,False,False,True,True
2002_20,2002,World Cup 2002,Matchday 1,2002-06-05,USA,Portugal,3,2,1,True,False,False,True
2002_20,2002,World Cup 2002,Matchday 1,2002-06-05,Portugal,USA,2,3,-1,False,False,True,True
2002_21,2002,World Cup 2002,Matchday 2,2002-06-10,South Korea,USA,1,1,0,False,True,False,True
2002_21,2002,World Cup 2002,Matchday 2,2002-06-10,USA,South Korea,1,1,0,False,True,False,True
2002_22,2002,World Cup 2002,Matchday 2,2002-06-10,Portugal,Poland,4,0,4,True,False,False,True
2002_22,2002,World Cup 2002,Matchday 2,2002-06-10,Poland,Portugal,0,4,-4,False,False,True,True
2002_23,2002,World Cup 2002,Matchday 3,2002-06-14,Portugal,South Korea,0,1,-1,False,False,True,True
2002_23,2002,World Cup 2002,Matchday 3,2002-06-14,South Korea,Portugal,1,0,1,True,False,False,True
2002_24,2002,World Cup 2002,Matchday 3,2002-06-14,Poland,USA,3,1,2,True,False,False,True
2002_24,2002,World Cup 2002,Matchday 3,2002-06-14,USA,Poland,1,3,-2,False,False,True,True
2002_25,2002,World Cup 2002,Matchday 1,2002-06-01,Ireland,Cameroon,1,1,0,False,True,False,True
2002_25,2002,World Cup 2002,Matchday 1,2002-06-01,Cameroon,Ireland,1,1,0,False,True,False,True
2002_26,2002,World Cup 2002,Matchday 1,2002-06-01,Germany,Saudi Arabia,8,0,8,True,False,False,True
2002_26,2002,World Cup 2002,Matchday 1,2002-06-01,Saudi Arabia,Germany,0,8,-8,False,False,True,True
2002_27,2002,World Cup 2002,Matchday 1,2002-06-05,Germany,Ireland,1,1,0,False,True,False,True
2002_27,2002,World Cup 2002,Matchday 1,2002-06-05,Ireland,Germany,1,1,0,False,True,False,True
2002_28,2002,World Cup 2002,Matchday 2,2002-06-06,Cameroon,Saudi Arabia,1,0,1,True,False,False,True
2002_28,2002,World Cup 2002,Matchday 2,2002-06-06,Saudi Arabia,Cameroon,0,1,-1,False,False,True,True
2002_29,2002,World Cup 2002,Matchday 3,2002-06-11,Cameroon,Germany,0,2,-2,False,False,True,True
2002_29,2002,World Cup 2002,Matchday 3,2002-06-11,Germany,Cameroon,2,0,2,True,False,False,True
2002_30,2002,World Cup 2002,Matchday 3,2002-06-11,Saudi Arabia,Ireland,0,3,-3,False,False,True,True
2002_30,2002,World Cup 2002,Matchday 3,2002-06-11,Ireland,Saudi Arabia,3,0,3,True,False,False,True
2002_31,2002,World Cup 2002,Matchday 1,2002-06-02,England,Sweden,1,1,0,False,True,False,True
2002_31,2002,World Cup 2002,Matchday 1,2002-06-02,Sweden,England,1,1,0,False,True,False,True
2002_32,2002,World Cup 2002,Matchday 1,2002-06-02,Argentina,Nigeria,1,0,1,True,False,False,True
2002_32,2002,World Cup 2002,Matchday 1,2002-06-02,Nigeria,Argentina,0,1,-1,False,False,True,True
2002_33,2002,World Cup 2002,Matchday 2,2002-06-07,Sweden,Nigeria,2,1,1,True,False,False,True
2002_33,2002,World Cup 2002,Matchday 2,2002-06-07,Nigeria,Sweden,1,2,-1,False,False,True,True
2002_34,2002,World Cup 2002,Matchday 2,2002-06-07,Argentina,England,0,1,-1,False,False,True,True
2002_34,2002,World Cup 2002,Matchday 2,2002-06-07,England,Argentina,1,0,1,True,False,False,True
2002_35,2002,World Cup 2002,Matchday 3,2002-06-12,Sweden,Argentina,1,1,0,False,True,False,True
2002_35,2002,World Cup 2002,Matchday 3,2002-06-12,Argentina,Sweden,1,1,0,False,True,False,True
2002_36,2002,World Cup 2002,Matchday 3,2002-06-12,Nigeria,England,0,0,0,False,True,False,True
2002_36,2002,World Cup 2002,Matchday 3,2002-06-12,England,Nigeria,0,0,0,False,True,False,True
2002_37,2002,World Cup 2002,Matchday 1,2002-06-03,Croatia,Mexico,0,1,-1,False,False,True,True
2002_37,2002,World Cup 2002,Matchday 1,2002-06-03,Mexico,Croatia,1,0,1,True,False,False,True
2002_38,2002,World Cup 2002,Matchday 1,2002-06-03,Italy,Ecuador,2,0,2,True,False,False,True
2002_38,2002,World Cup 2002,Matchday 1,2002-06-03,Ecuador,Italy,0,2,-2,False,False,True,True
2002_39,2002,World Cup 2002,Matchday 2,2002-06-08,Italy,Croatia,1,2,-1,False,False,True,True
2002_39,2002,World Cup 2002,Matchday 2,2002-06-08,Croatia,Italy,2,1,1,True,False,False,True
2002_40,2002,World Cup 2002,Matchday 2,2002-06-09,Mexico,Ecuador,2,1,1,True,False,False,True
2002_40,2002,World Cup 2002,Matchday 2,2002-06-09,Ecuador,Mexico,1,2,-1,False,False,True,True
2002_41,2002,World Cup 2002,Matchday 3,2002-06-13,Mexico,Italy,1,1,0,False,True,False,True
2002_41,2002,World Cup 2002,Matchday 3,2002-06-13,Italy,Mexico,1,1,0,False,True,False,True
2002_42,2002,World Cup 2002,Matchday 3,2002-06-13,Ecuador,Croatia,1,0,1,True,False,False,True
2002_42,2002,World Cup 2002,Matchday 3,2002-06-13,Croatia,Ecuador,0,1,-1,False,False,True,True
2002_43,2002,World Cup 2002,Matchday 1,2002-06-04,Japan,Belgium,2,2,0,False,True,False,True
2002_43,2002,World Cup 2002,Matchday 1,2002-06-04,Belgium,Japan,2,2,0,False,True,False,True
2002_44,2002,World Cup 2002,Matchday 1,2002-06-05,Russia,Tunisia,2,0,2,True,False,False,True
2002_44,2002,World Cup 2002,Matchday 1,2002-06-05,Tunisia,Russia,0,2,-2,False,False,True,True
2002_45,2002,World Cup 2002,Matchday 2,2002-06-09,Japan,Russia,1,0,1,True,False,False,True
2002_45,2002,World Cup 2002,Matchday 2,2002-06-09,Russia,Japan,0,1,-1,False,False,True,True
2002_46,2002,World Cup 2002,Matchday 2,2002-06-10,Tunisia,Belgium,1,1,0,False,True,False,True
2002_46,2002,World Cup 2002,Matchday 2,2002-06-10,Belgium,Tunisia,1,1,0,False,True,False,True
2002_47,2002,World Cup 2002,Matchday 3,2002-06-14,Tunisia,Japan,0,2,-2,False,False,True,True
2002_47,2002,World Cup 2002,Matchday 3,2002-06-14,Japan,Tunisia,2,0,2,True,False,False,True
2002_48,2002,World Cup 2002,Matchday 3,2002-06-14,Belgium,Russia,3,2,1,True,False,False,True
2002_48,2002,World Cup 2002,Matchday 3,2002-06-14,Russia,Belgium,2,3,-1,False,False,True,True
2002_49,2002,World Cup 2002,Round of 16,2002-06-15,Germany,Paraguay,1,0,1,True,False,False,True
2002_49,2002,World Cup 2002,Round of 16,2002-06-15,Paraguay,Germany,0,1,-1,False,False,True,True
2002_50,2002,World Cup 2002,Round of 16,2002-06-15,Denmark,England,0,3,-3,False,False,True,True
2002_50,2002,World Cup 2002,Round of 16,2002-06-15,England,Denmark,3,0,3,True,False,False,True
2002_51,2002,World Cup 2002,Round of 16,2002-06-16,Sweden,Senegal,1,2,-1,False,False,True,True
2002_51,2002,World Cup 2002,Round of 16,2002-06-16,Senegal,Sweden,2,1,1,True,False,False,True
2002_52,2002,World Cup 2002,Round of 16,2002-06-16,Spain,Ireland,1,1,0,False,True,False,True
2002_52,2002,World Cup 2002,Round of 16,2002-06-16,Ireland,Spain,1,1,0,False,True,False,True
2002_53,2002,World Cup 2002,Round of 16,2002-06-17,Mexico,USA,0,2,-2,False,False,True,True
2002_53,2002,World Cup 2002,Round of 16,2002-06-17,USA,Mexico,2,0,2,True,False,False,True
2002_54,2002,World Cup 2002,Round of 16,2002-06-17,Brazil,Belgium,2,0,2,True,False,False,True
2002_54,2002,World Cup 2002,Round of 16,2002-06-17,Belgium,Brazil,0,2,-2,False,False,True,True
2002_55,2002,World Cup 2002,Round of 16,2002-06-18,Japan,Turkey,0,1,-1,False,False,True,True
2002_55,2002,World Cup 2002,Round of 16,2002-06-18,Turkey,Japan,1,0,1,True,False,False,True
2002_56,2002,World Cup 2002,Round of 16,2002-06-18,South Korea,Italy,2,1,1,True,False,False,True
2002_56,2002,World Cup 2002,Round of 16,2002-06-18,Italy,South Korea,1,2,-1,False,False,True,True
2002_57,2002,World Cup 2002,Quarter-finals,2002-06-21,England,Brazil,1,2,-1,False,False,True,True
2002_57,2002,World Cup 2002,Quarter-finals,2002-06-21,Brazil,England,2,1,1,True,False,False,True
2002_58,2002,World Cup 2002,Quarter-finals,2002-06-21,Germany,USA,1,0,1,True,False,False,True
2002_58,2002,World Cup 2002,Quarter-finals,2002-06-21,USA,Germany,0,1,-1,False,False,True,True
2002_59,2002,World Cup 2002,Quarter-finals,2002-06-22,Spain,South Korea,0,0,0,False,True,False,True
2002_59,2002,World Cup 2002,Quarter-finals,2002-06-22,South Korea,Spain,0,0,0,False,True,False,True
2002_60,2002,World Cup 2002,Quarter-finals,2002-06-22,Senegal,Turkey,0,1,-1,False,False,True,True
2002_60,2002,World Cup 2002,Quarter-finals,2002-06-22,Turkey,Senegal,1,0,1,True,False,False,True
2002_61,2002,World Cup 2002,Semi-finals,2002-06-25,Germany,South Korea,1,0,1,True,False,False,True
2002_61,2002,World Cup 2002,Semi-finals,2002-06-25,South Korea,Germany,0,1,-1,False,False,True,True
2002_62,2002,World Cup 2002,Semi-finals,2002-06-26,Brazil,Turkey,1,0,1,True,False,False,True
2002_62,2002,World Cup 2002,Semi-finals,2002-06-26,Turkey,Brazil,0,1,-1,False,False,True,True
2002_63,2002,World Cup 2002,Third place play-off,2002-06-29,South Korea,Turkey,2,3,-1,False,False,True,True
2002_63,2002,World Cup 2002,Third place play-off,2002-06-29,Turkey,South Korea,3,2,1,True,False,False,True
2002_64,2002,World Cup 2002,Final,2002-06-30,Germany,Brazil,0,2,-2,False,False,True,True
2002_64,2002,World Cup 2002,Final,2002-06-30,Brazil,Germany,2,0,2,True,False,False,True
2006_1,2006,World Cup 2006,Matchday 1,2006-06-09,Germany,Costa Rica,4,2,2,True,False,False,True
2006_1,2006,World Cup 2006,Matchday 1,2006-06-09,Costa Rica,Germany,2,4,-2,False,False,True,True
2006_2,2006,World Cup 2006,Matchday 1,2006-06-09,Poland,Ecuador,0,2,-2,False,False,True,True
2006_2,2006,World Cup 2006,Matchday 1,2006-06-09,Ecuador,Poland,2,0,2,True,False,False,True
2006_3,2006,World Cup 2006,Matchday 6,2006-06-14,Germany,Poland,1,0,1,True,False,False,True
2006_3,2006,World Cup 2006,Matchday 6,2006-06-14,Poland,Germany,0,1,-1,False,False,True,True
2006_4,2006,World Cup 2006,Matchday 7,2006-06-15,Ecuador,Costa Rica,3,0,3,True,False,False,True
2006_4,2006,World Cup 2006,Matchday 7,2006-06-15,Costa Rica,Ecuador,0,3,-3,False,False,True,True
2006_5,2006,World Cup 2006,Matchday 12,2006-06-20,Ecuador,Germany,0,3,-3,False,False,True,True
2006_5,2006,World Cup 2006,Matchday 12,2006-06-20,Germany,Ecuador,3,0,3,True,False,False,True
2006_6,2006,World Cup 2006,Matchday 12,2006-06-20,Costa Rica,Poland,1,2,-1,False,False,True,True
2006_6,2006,World Cup 2006,Matchday 12,2006-06-20,Poland,Costa Rica,2,1,1,True,False,False,True
2006_7,2006,World Cup 2006,Matchday 2,2006-06-10,England,Paraguay,1,0,1,True,False,False,True
2006_7,2006,World Cup 2006,Matchday 2,2006-06-10,Paraguay,England,0,1,-1,False,False,True,True
2006_8,2006,World Cup 2006,Matchday 2,2006-06-10,Trinidad and Tobago,Sweden,0,0,0,False,True,False,True
2006_8,2006,World Cup 2006,Matchday 2,2006-06-10,Sweden,Trinidad and Tobago,0,0,0,False,True,False,True
2006_9,2006,World Cup 2006,Matchday 7,2006-06-15,England,Trinidad and Tobago,2,0,2,True,False,False,True
2006_9,2006,World Cup 2006,Matchday 7,2006-06-15,Trinidad and Tobago,England,0,2,-2,False,False,True,True
2006_10,2006,World Cup 2006,Matchday 7,2006-06-15,Sweden,Paraguay,1,0,1,True,False,False,True
2006_10,2006,World Cup 2006,Matchday 7,2006-06-15,Paraguay,Sweden,0,1,-1,False,False,True,True
2006_11,2006,World Cup 2006,Matchday 12,2006-06-20,Sweden,England,2,2,0,False,True,False,True
2006_11,2006,World Cup 2006,Matchday 12,2006-06-20,England,Sweden,2,2,0,False,True,False,True
2006_12,2006,World Cup 2006,Matchday 12,2006-06-20,Paraguay,Trinidad and Tobago,2,0,2,True,False,False,True
2006_12,2006,World Cup 2006,Matchday 12,2006-06-20,Trinidad and Tobago,Paraguay,0,2,-2,False,False,True,True
2006_13,2006,World Cup 2006,Matchday 2,2006-06-10,Argentina,Côte d'Ivoire,2,1,1,True,False,False,True
2006_13,2006,World Cup 2006,Matchday 2,2006-06-10,Côte d'Ivoire,Argentina,1,2,-1,False,False,True,True
2006_14,2006,World Cup 2006,Matchday 3,2006-06-11,Serbia and Montenegro,Netherlands,0,1,-1,False,False,True,True
2006_14,2006,World Cup 2006,Matchday 3,2006-06-11,Netherlands,Serbia and Montenegro,1,0,1,True,False,False,True
2006_15,2006,World Cup 2006,Matchday 8,2006-06-16,Argentina,Serbia and Montenegro,6,0,6,True,False,False,True
2006_15,2006,World Cup 2006,Matchday 8,2006-06-16,Serbia and Montenegro,Argentina,0,6,-6,False,False,True,True
2006_16,2006,World Cup 2006,Matchday 8,2006-06-16,Netherlands,Côte d'Ivoire,2,1,1,True,False,False,True
2006_16,2006,World Cup 2006,Matchday 8,2006-06-16,Côte d'Ivoire,Netherlands,1,2,-1,False,False,True,True
2006_17,2006,World Cup 2006,Matchday 13,2006-06-21,Netherlands,Argentina,0,0,0,False,True,False,True
2006_17,2006,World Cup 2006,Matchday 13,2006-06-21,Argentina,Netherlands,0,0,0,False,True,False,True
2006_18,2006,World Cup 2006,Matchday 13,2006-06-21,Côte d'Ivoire,Serbia and Montenegro,3,2,1,True,False,False,True
2006_18,2006,World Cup 2006,Matchday 13,2006-06-21,Serbia and Montenegro,Côte d'Ivoire,2,3,-1,False,False,True,True
2006_19,2006,World Cup 2006,Matchday 3,2006-06-11,Mexico,Iran,3,1,2,True,False,False,True
2006_19,2006,World Cup 2006,Matchday 3,2006-06-11,Iran,Mexico,1,3,-2,False,False,True,True
2006_20,2006,World Cup 2006,Matchday 3,2006-06-11,Angola,Portugal,0,1,-1,False,False,True,True
2006_20,2006,World Cup 2006,Matchday 3,2006-06-11,Portugal,Angola,1,0,1,True,False,False,True
2006_21,2006,World Cup 2006,Matchday 8,2006-06-16,Mexico,Angola,0,0,0,False,True,False,True
2006_21,2006,World Cup 2006,Matchday 8,2006-06-16,Angola,Mexico,0,0,0,False,True,False,True
2006_22,2006,World Cup 2006,Matchday 9,2006-06-17,Portugal,Iran,2,0,2,True,False,False,True
2006_22,2006,World Cup 2006,Matchday 9,2006-06-17,Iran,Portugal,0,2,-2,False,False,True,True
2006_23,2006,World Cup 2006,Matchday 13,2006-06-21,Portugal,Mexico,2,1,1,True,False,False,True
2006_23,2006,World Cup 2006,Matchday 13,2006-06-21,Mexico,Portugal,1,2,-1,False,False,True,True
2006_24,2006,World Cup 2006,Matchday 13,2006-06-21,Iran,Angola,1,1,0,False,True,False,True
2006_24,2006,World Cup 2006,Matchday 13,2006-06-21,Angola,Iran,1,1,0,False,True,False,True
2006_25,2006,World Cup 2006,Matchday 4,2006-06-12,Italy,Ghana,2,0,2,True,False,False,True
2006_25,2006,World Cup 2006,Matchday 4,2006-06-12,Ghana,Italy,0,2,-2,False,False,True,True
2006_26,2006,World Cup 2006,Matchday 4,2006-06-12,USA,Czech Republic,0,3,-3,False,False,True,True
2006_26,2006,World Cup 2006,Matchday 4,2006-06-12,Czech Republic,USA,3,0,3,True,False,False,True
2006_27,2006,World Cup 2006,Matchday 9,2006-06-17,Italy,USA,1,1,0,False,True,False,True
2006_27,2006,World Cup 2006,Matchday 9,2006-06-17,USA,Italy,1,1,0,False,True,False,True
2006_28,2006,World Cup 2006,Matchday 9,2006-06-17,Czech Republic,Ghana,0,2,-2,False,False,True,True
2006_28,2006,World Cup 2006,Matchday 9,2006-06-17,Ghana,Czech Republic,2,0,2,True,False,False,True
2006_29,2006,World Cup 2006,Matchday 14,2006-06-22,Czech Republic,Italy,0,2,-2,False,False,True,True
2006_29,2006,World Cup 2006,Matchday 14,2006-06-22,Italy,Czech Republic,2,0,2,True,False,False,True
2006_30,2006,World Cup 2006,Matchday 14,2006-06-22,Ghana,USA,2,1,1,True,False,False,True
2006_30,2006,World Cup 2006,Matchday 14,2006-06-22,USA,Ghana,1,2,-1,False,False,True,True
2006_31,2006,World Cup 2006,Matchday 5,2006-06-13,Brazil,Croatia,1,0,1,True,False,False,True
2006_31,2006,World Cup 2006,Matchday 5,2006-06-13,Croatia,Brazil,0,1,-1,False,False,True,True
2006_32,2006,World Cup 2006,Matchday 4,2006-06-12,Australia,Japan,3,1,2,True,False,False,True
2006_32,2006,World Cup 2006,Matchday 4,2006-06-12,Japan,Australia,1,3,-2,False,False,True,True
2006_33,2006,World Cup 2006,Matchday 10,2006-06-18,Brazil,Australia,2,0,2,True,False,False,True
2006_33,2006,World Cup 2006,Matchday 10,2006-06-18,Australia,Brazil,0,2,-2,False,False,True,True
2006_34,2006,World Cup 2006,Matchday 10,2006-06-18,Japan,Croatia,0,0,0,False,True,False,True
2006_34,2006,World Cup 2006,Matchday 10,2006-06-18,Croatia,Japan,0,0,0,False,True,False,True
2006_35,2006,World Cup 2006,Matchday 14,2006-06-22,Japan,Brazil,1,4,-3,False,False,True,True
2006_35,2006,World Cup 2006,Matchday 14,2006-06-22,Brazil,Japan,4,1,3,True,False,False,True
2006_36,2006,World Cup 2006,Matchday 14,2006-06-22,Croatia,Australia,2,2,0,False,True,False,True
2006_36,2006,World Cup 2006,Matchday 14,2006-06-22,Australia,Croatia,2,2,0,False,True,False,True
2006_37,2006,World Cup 2006,Matchday 5,2006-06-13,France,Switzerland,0,0,0,False,True,False,True
2006_37,2006,World Cup 2006,Matchday 5,2006-06-13,Switzerland,France,0,0,0,False,True,False,True
2006_38,2006,World Cup 2006,Matchday 5,2006-06-13,South Korea,Togo,2,1,1,True,False,False,True
2006_38,2006,World Cup 2006,Matchday 5,2006-06-13,Togo,South Korea,1,2,-1,False,False,True,True
2006_39,2006,World Cup 2006,Matchday 10,2006-06-18,France,South Korea,1,1,0,False,True,False,True
2006_39,2006,World Cup 2006,Matchday 10,2006-06-18,South Korea,France,1,1,0,False,True,False,True
2006_40,2006,World Cup 2006,Matchday 11,2006-06-19,Togo,Switzerland,0,2,-2,False,False,True,True
2006_40,2006,World Cup 2006,Matchday 11,2006-06-19,Switzerland,Togo,2,0,2,True,False,False,True
2006_41,2006,World Cup 2006,Matchday 15,2006-06-23,Togo,France,0,2,-2,False,False,True,True
2006_41,2006,World Cup 2006,Matchday 15,2006-06-23,France,Togo,2,0,2,True,False,False,True
2006_42,2006,World Cup 2006,Matchday 15,2006-06-23,Switzerland,South Korea,2,0,2,True,False,False,True
2006_42,2006,World Cup 2006,Matchday 15,2006-06-23,South Korea,Switzerland,0,2,-2,False,False,True,True
2006_43,2006,World Cup 2006,Matchday 6,2006-06-14,Spain,Ukraine,4,0,4,True,False,False,True
2006_43,2006,World Cup 2006,Matchday 6,2006-06-14,Ukraine,Spain,0,4,-4,False,False,True,True
2006_44,2006,World Cup 2006,Matchday 6,2006-06-14,Tunisia,Saudi Arabia,2,2,0,False,True,False,True
2006_44,2006,World Cup 2006,Matchday 6,2006-06-14,Saudi Arabia,Tunisia,2,2,0,False,True,False,True
2006_45,2006,World Cup 2006,Matchday 11,2006-06-19,Spain,Tunisia,3,1,2,True,False,False,True
2006_45,2006,World Cup 2006,Matchday 11,2006-06-19,Tunisia,Spain,1,3,-2,False,False,True,True
2006_46,2006,World Cup 2006,Matchday 11,2006-06-19,Saudi Arabia,Ukraine,0,4,-4,False,False,True,True
2006_46,2006,World Cup 2006,Matchday 11,2006-06-19,Ukraine,Saudi Arabia,4,0,4,True,False,False,True
2006_47,2006,World Cup 2006,Matchday 15,2006-06-23,Saudi Arabia,Spain,0,1,-1,False,False,True,True
2006_47,2006,World Cup 2006,Matchday 15,2006-06-23,Spain,Saudi Arabia,1,0,1,True,False,False,True
2006_48,2006,World Cup 2006,Matchday 15,2006-06-23,Ukraine,Tunisia,1,0,1,True,False,False,True
2006_48,2006,World Cup 2006,Matchday 15,2006-06-23,Tunisia,Ukraine,0,1,-1,False,False,True,True
2006_49,2006,World Cup 2006,Round of 16,2006-06-24,Germany,Sweden,2,0,2,True,False,False,True
2006_49,2006,World Cup 2006,Round of 16,2006-06-24,Sweden,Germany,0,2,-2,False,False,True,True
2006_50,2006,World Cup 2006,Round of 16,2006-06-24,Argentina,Mexico,2,1,1,True,False,False,True
2006_50,2006,World Cup 2006,Round of 16,2006-06-24,Mexico,Argentina,1,2,-1,False,False,True,True
2006_51,2006,World Cup 2006,Round of 16,2006-06-25,England,Ecuador,1,0,1,True,False,False,True
2006_51,2006,World Cup 2006,Round of 16,2006-06-25,Ecuador,England,0,1,-1,False,False,True,True
2006_52,2006,World Cup 2006,Round of 16,2006-06-25,Portugal,Netherlands,1,0,1,True,False,False,True
2006_52,2006,World Cup 2006,Round of 16,2006-06-25,Netherlands,Portugal,0,1,-1,False,False,True,True
2006_53,2006,World Cup 2006,Round of 16,2006-06-26,Italy,Australia,1,0,1,True,False,False,True
2006_53,2006,World Cup 2006,Round of 16,2006-06-26,Australia,Italy,0,1,-1,False,False,True,True
2006_54,2006,World Cup 2006,Round of 16,2006-06-26,Switzerland,Ukraine,0,0,0,False,True,False,True
2006_54,2006,World Cup 2006,Round of 16,2006-06-26,Ukraine,Switzerland,0,0,0,False,True,False,True
2006_55,2006,World Cup 2006,Round of 16,2006-06-27,Brazil,Ghana,3,0,3,True,False,False,True
2006_55,2006,World Cup 2006,Round of 16,2006-06-27,Ghana,Brazil,0,3,-3,False,False,True,True
2006_56,2006,World Cup 2006,Round of 16,2006-06-27,Spain,France,1,3,-2,False,False,True,True
2006_56,2006,World Cup 2006,Round of 16,2006-06-27,France,Spain,3,1,2,True,False,False,True
2006_57,2006,World Cup 2006,Quarterfinals,2006-06-30,Germany,Argentina,1,1,0,False,True,False,True
2006_57,2006,World Cup 2006,Quarterfinals,2006-06-30,Argentina,Germany,1,1,0,False,True,False,True
2006_58,2006,World Cup 2006,Quarterfinals,2006-06-30,Italy,Ukraine,3,0,3,True,False,False,True
2006_58,2006,World Cup 2006,Quarterfinals,2006-06-30,Ukraine,Italy,0,3,-3,False,False,True,True
2006_59,2006,World Cup 2006,Quarterfinals,2006-07-01,England,Portugal,0,0,0,False,True,False,True
2006_59,2006,World Cup 2006,Quarterfinals,2006-07-01,Portugal,England,0,0,0,False,True,False,True
2006_60,2006,World Cup 2006,Quarterfinals,2006-07-01,Brazil,France,0,1,-1,False,False,True,True
2006_60,2006,World Cup 2006,Quarterfinals,2006-07-01,France,Brazil,1,0,1,True,False,False,True
2006_61,2006,World Cup 2006,Semifinals,2006-07-04,Germany,Italy,0,2,-2,False,False,True,True
2006_61,2006,World Cup 2006,Semifinals,2006-07-04,Italy,Germany,2,0,2,True,False,False,True
2006_62,2006,World Cup 2006,Semifinals,2006-07-05,Portugal,France,0,1,-1,False,False,True,True
2006_62,2006,World Cup 2006,Semifinals,2006-07-05,France,Portugal,1,0,1,True,False,False,True
2006_63,2006,World Cup 2006,Third-place play-off,2006-07-08,Germany,Portugal,3,1,2,True,False,False,True
2006_63,2006,World Cup 2006,Third-place play-off,2006-07-08,Portugal,Germany,1,3,-2,False,False,True,True
2006_64,2006,World Cup 2006,Final,2006-07-09,Italy,France,1,1,0,False,True,False,True
2006_64,2006,World Cup 2006,Final,2006-07-09,France,Italy,1,1,0,False,True,False,True
2010_1,2010,World Cup 2010,Matchday 1,2010-06-11,South Africa,Mexico,1,1,0,False,True,False,True
2010_1,2010,World Cup 2010,Matchday 1,2010-06-11,Mexico,South Africa,1,1,0,False,True,False,True
2010_2,2010,World Cup 2010,Matchday 1,2010-06-11,Uruguay,France,0,0,0,False,True,False,True
2010_2,2010,World Cup 2010,Matchday 1,2010-06-11,France,Uruguay,0,0,0,False,True,False,True
2010_3,2010,World Cup 2010,Matchday 6,2010-06-16,South Africa,Uruguay,0,3,-3,False,False,True,True
2010_3,2010,World Cup 2010,Matchday 6,2010-06-16,Uruguay,South Africa,3,0,3,True,False,False,True
2010_4,2010,World Cup 2010,Matchday 7,2010-06-17,France,Mexico,0,2,-2,False,False,True,True
2010_4,2010,World Cup 2010,Matchday 7,2010-06-17,Mexico,France,2,0,2,True,False,False,True
2010_5,2010,World Cup 2010,Matchday 12,2010-06-22,Mexico,Uruguay,0,1,-1,False,False,True,True
2010_5,2010,World Cup 2010,Matchday 12,2010-06-22,Uruguay,Mexico,1,0,1,True,False,False,True
2010_6,2010,World Cup 2010,Matchday 12,2010-06-22,France,South Africa,1,2,-1,False,False,True,True
2010_6,2010,World Cup 2010,Matchday 12,2010-06-22,South Africa,France,2,1,1,True,False,False,True
2010_7,2010,World Cup 2010,Matchday 2,2010-06-12,South Korea,Greece,2,0,2,True,False,False,True
2010_7,2010,World Cup 2010,Matchday 2,2010-06-12,Greece,South Korea,0,2,-2,False,False,True,True
2010_8,2010,World Cup 2010,Matchday 2,2010-06-12,Argentina,Nigeria,1,0,1,True,False,False,True
2010_8,2010,World Cup 2010,Matchday 2,2010-06-12,Nigeria,Argentina,0,1,-1,False,False,True,True
2010_9,2010,World Cup 2010,Matchday 7,2010-06-17,Argentina,South Korea,4,1,3,True,False,False,True
2010_9,2010,World Cup 2010,Matchday 7,2010-06-17,South Korea,Argentina,1,4,-3,False,False,True,True
2010_10,2010,World Cup 2010,Matchday 7,2010-06-17,Greece,Nigeria,2,1,1,True,False,False,True
2010_10,2010,World Cup 2010,Matchday 7,2010-06-17,Nigeria,Greece,1,2,-1,False,False,True,True
2010_11,2010,World Cup 2010,Matchday 12,2010-06-22,Nigeria,South Korea,2,2,0,False,True,False,True
2010_11,2010,World Cup 2010,Matchday 12,2010-06-22,South Korea,Nigeria,2,2,0,False,True,False,True
2010_12,2010,World Cup 2010,Matchday 12,2010-06-22,Greece,Argentina,0,2,-2,False,False,True,True
2010_12,2010,World Cup 2010,Matchday 12,2010-06-22,Argentina,Greece,2,0,2,True,False,False,True
2010_13,2010,World Cup 2010,Matchday 2,2010-06-12,England,USA,1,1,0,False,True,False,True
2010_13,2010,World Cup 2010,Matchday 2,2010-06-12,USA,England,1,1,0,False,True,False,True
2010_14,2010,World Cup 2010,Matchday 3,2010-06-13,Algeria,Slovenia,0,1,-1,False,False,True,True
2010_14,2010,World Cup 2010,Matchday 3,2010-06-13,Slovenia,Algeria,1,0,1,True,False,False,True
2010_15,2010,World Cup 2010,Matchday 8,2010-06-18,Slovenia,USA,2,2,0,False,True,False,True
2010_15,2010,World Cup 2010,Matchday 8,2010-06-18,USA,Slovenia,2,2,0,False,True,False,True
2010_16,2010,World Cup 2010,Matchday 8,2010-06-18,England,Algeria,0,0,0,False,True,False,True
2010_16,2010,World Cup 2010,Matchday 8,2010-06-18,Algeria,England,0,0,0,False,True,False,True
2010_17,2010,World Cup 2010,Matchday 13,2010-06-23,USA,Algeria,1,0,1,True,False,False,True
2010_17,2010,World Cup 2010,Matchday 13,2010-06-23,Algeria,USA,0,1,-1,False,False,True,True
2010_18,2010,World Cup 2010,Matchday 13,2010-06-23,Slovenia,England,0,1,-1,False,False,True,True
2010_18,2010,World Cup 2010,Matchday 13,2010-06-23,England,Slovenia,1,0,1,True,False,False,True
2010_19,2010,World Cup 2010,Matchday 3,2010-06-13,Serbia,Ghana,0,1,-1,False,False,True,True
2010_19,2010,World Cup 2010,Matchday 3,2010-06-13,Ghana,Serbia,1,0,1,True,False,False,True
2010_20,2010,World Cup 2010,Matchday 3,2010-06-13,Germany,Australia,4,0,4,True,False,False,True
2010_20,2010,World Cup 2010,Matchday 3,2010-06-13,Australia,Germany,0,4,-4,False,False,True,True
2010_21,2010,World Cup 2010,Matchday 8,2010-06-18,Germany,Serbia,0,1,-1,False,False,True,True
2010_21,2010,World Cup 2010,Matchday 8,2010-06-18,Serbia,Germany,1,0,1,True,False,False,True
2010_22,2010,World Cup 2010,Matchday 9,2010-06-19,Ghana,Australia,1,1,0,False,True,False,True
2010_22,2010,World Cup 2010,Matchday 9,2010-06-19,Australia,Ghana,1,1,0,False,True,False,True
2010_23,2010,World Cup 2010,Matchday 13,2010-06-23,Australia,Serbia,2,1,1,True,False,False,True
2010_23,2010,World Cup 2010,Matchday 13,2010-06-23,Serbia,Australia,1,2,-1,False,False,True,True
2010_24,2010,World Cup 2010,Matchday 13,2010-06-23,Ghana,Germany,0,1,-1,False,False,True,True
2010_24,2010,World Cup 2010,Matchday 13,2010-06-23,Germany,Ghana,1,0,1,True,False,False,True
2010_25,2010,World Cup 2010,Matchday 4,2010-06-14,Netherlands,Denmark,2,0,2,True,False,False,True
2010_25,2010,World Cup 2010,Matchday 4,2010-06-14,Denmark,Netherlands,0,2,-2,False,False,True,True
2010_26,2010,World Cup 2010,Matchday 4,2010-06-14,Japan,Cameroon,1,0,1,True,False,False,True
2010_26,2010,World Cup 2010,Matchday 4,2010-06-14,Cameroon,Japan,0,1,-1,False,False,True,True
2010_27,2010,World Cup 2010,Matchday 9,2010-06-19,Netherlands,Japan,1,0,1,True,False,False,True
2010_27,2010,World Cup 2010,Matchday 9,2010-06-19,Japan,Netherlands,0,1,-1,False,False,True,True
2010_28,2010,World Cup 2010,Matchday 9,2010-06-19,Cameroon,Denmark,1,2,-1,False,False,True,True
2010_28,2010,World Cup 2010,Matchday 9,2010-06-19,Denmark,Cameroon,2,1,1,True,False,False,True
2010_29,2010,World Cup 2010,Matchday 14,2010-06-24,Denmark,Japan,1,3,-2,False,False,True,True
2010_29,2010,World Cup 2010,Matchday 14,2010-06-24,Japan,Denmark,3,1,2,True,False,False,True
2010_30,2010,World Cup 2010,Matchday 14,2010-06-24,Cameroon,Netherlands,1,2,-1,False,False,True,True
2010_30,2010,World Cup 2010,Matchday 14,2010-06-24,Netherlands,Cameroon,2,1,1,True,False,False,True
2010_31,2010,World Cup 2010,Matchday 4,2010-06-14,Italy,Paraguay,1,1,0,False,True,False,True
2010_31,2010,World Cup 2010,Matchday 4,2010-06-14,Paraguay,Italy,1,1,0,False,True,False,True
2010_32,2010,World Cup 2010,Matchday 5,2010-06-15,New Zealand,Slovakia,1,1,0,False,True,False,True
2010_32,2010,World Cup 2010,Matchday 5,2010-06-15,Slovakia,New Zealand,1,1,0,False,True,False,True
2010_33,2010,World Cup 2010,Matchday 10,2010-06-20,Slovakia,Paraguay,0,2,-2,False,False,True,True
2010_33,2010,World Cup 2010,Matchday 10,2010-06-20,Paraguay,Slovakia,2,0,2,True,False,False,True
2010_34,2010,World Cup 2010,Matchday 10,2010-06-20,Italy,New Zealand,1,1,0,False,True,False,True
2010_34,2010,World Cup 2010,Matchday 10,2010-06-20,New Zealand,Italy,1,1,0,False,True,False,True
2010_35,2010,World Cup 2010,Matchday 14,2010-06-24,Slovakia,Italy,3,2,1,True,False,False,True
2010_35,2010,World Cup 2010,Matchday 14,2010-06-24,Italy,Slovakia,2,3,-1,False,False,True,True
2010_36,2010,World Cup 2010,Matchday 14,2010-06-24,Paraguay,New Zealand,0,0,0,False,True,False,True
2010_36,2010,World Cup 2010,Matchday 14,2010-06-24,New Zealand,Paraguay,0,0,0,False,True,False,True
2010_37,2010,World Cup 2010,Matchday 5,2010-06-15,Côte d'Ivoire,Portugal,0,0,0,False,True,False,True
2010_37,2010,World Cup 2010,Matchday 5,2010-06-15,Portugal,Côte d'Ivoire,0,0,0,False,True,False,True
2010_38,2010,World Cup 2010,Matchday 5,2010-06-15,Brazil,North Korea,2,1,1,True,False,False,True
2010_38,2010,World Cup 2010,Matchday 5,2010-06-15,North Korea,Brazil,1,2,-1,False,False,True,True
2010_39,2010,World Cup 2010,Matchday 10,2010-06-20,Brazil,Côte d'Ivoire,3,1,2,True,False,False,True
2010_39,2010,World Cup 2010,Matchday 10,2010-06-20,Côte d'Ivoire,Brazil,1,3,-2,False,False,True,True
2010_40,2010,World Cup 2010,Matchday 11,2010-06-21,Portugal,North Korea,7,0,7,True,False,False,True
2010_40,2010,World Cup 2010,Matchday 11,2010-06-21,North Korea,Portugal,0,7,-7,False,False,True,True
2010_41,2010,World Cup 2010,Matchday 15,2010-06-25,Portugal,Brazil,0,0,0,False,True,False,True
2010_41,2010,World Cup 2010,Matchday 15,2010-06-25,Brazil,Portugal,0,0,0,False,True,False,True
2010_42,2010,World Cup 2010,Matchday 15,2010-06-25,North Korea,Côte d'Ivoire,0,3,-3,False,False,True,True
2010_42,2010,World Cup 2010,Matchday 15,2010-06-25,Côte d'Ivoire,North Korea,3,0,3,True,False,False,True
2010_43,2010,World Cup 2010,Matchday 6,2010-06-16,Honduras,Chile,0,1,-1,False,False,True,True
2010_43,2010,World Cup 2010,Matchday 6,2010-06-16,Chile,Honduras,1,0,1,True,False,False,True
2010_44,2010,World Cup 2010,Matchday 6,2010-06-16,Spain,Switzerland,0,1,-1,False,False,True,True
2010_44,2010,World Cup 2010,Matchday 6,2010-06-16,Switzerland,Spain,1,0,1,True,False,False,True
2010_45,2010,World Cup 2010,Matchday 11,2010-06-21,Chile,Switzerland,1,0,1,True,False,False,True
2010_45,2010,World Cup 2010,Matchday 11,2010-06-21,Switzerland,Chile,0,1,-1,False,False,True,True
2010_46,2010,World Cup 2010,Matchday 11,2010-06-21,Spain,Honduras,2,0,2,True,False,False,True
2010_46,2010,World Cup 2010,Matchday 11,2010-06-21,Honduras,Spain,0,2,-2,False,False,True,True
2010_47,2010,World Cup 2010,Matchday 15,2010-06-25,Chile,Spain,1,2,-1,False,False,True,True
2010_47,2010,World Cup 2010,Matchday 15,2010-06-25,Spain,Chile,2,1,1,True,False,False,True
2010_48,2010,World Cup 2010,Matchday 15,2010-06-25,Switzerland,Honduras,0,0,0,False,True,False,True
2010_48,2010,World Cup 2010,Matchday 15,2010-06-25,Honduras,Switzerland,0,0,0,False,True,False,True
2010_49,2010,World Cup 2010,Round of 16,2010-06-26,Uruguay,South Korea,2,1,1,True,False,False,True
2010_49,2010,World Cup 2010,Round of 16,2010-06-26,South Korea,Uruguay,1,2,-1,False,False,True,True
2010_50,2010,World Cup 2010,Round of 16,2010-06-26,USA,Ghana,1,2,-1,False,False,True,True
2010_50,2010,World Cup 2010,Round of 16,2010-06-26,Ghana,USA,2,1,1,True,False,False,True
2010_51,2010,World Cup 2010,Round of 16,2010-06-27,Germany,England,4,1,3,True,False,False,True
2010_51,2010,World Cup 2010,Round of 16,2010-06-27,England,Germany,1,4,-3,False,False,True,True
2010_52,2010,World Cup 2010,Round of 16,2010-06-27,Argentina,Mexico,3,1,2,True,False,False,True
2010_52,2010,World Cup 2010,Round of 16,2010-06-27,Mexico,Argentina,1,3,-2,False,False,True,True
2010_53,2010,World Cup 2010,Round of 16,2010-06-28,Netherlands,Slovakia,2,1,1,True,False,False,True
2010_53,2010,World Cup 2010,Round of 16,2010-06-28,Slovakia,Netherlands,1,2,-1,False,False,True,True
2010_54,2010,World Cup 2010,Round of 16,2010-06-28,Brazil,Chile,3,0,3,True,False,False,True
2010_54,2010,World Cup 2010,Round of 16,2010-06-28,Chile,Brazil,0,3,-3,False,False,True,True
2010_55,2010,World Cup 2010,Round of 16,2010-06-29,Paraguay,Japan,0,0,0,False,True,False,True
2010_55,2010,World Cup 2010,Round of 16,2010-06-29,Japan,Paraguay,0,0,0,False,True,False,True
2010_56,2010,World Cup 2010,Round of 16,2010-06-29,Spain,Portugal,1,0,1,True,False,False,True
2010_56,2010,World Cup 2010,Round of 16,2010-06-29,Portugal,Spain,0,1,-1,False,False,True,True
2010_57,2010,World Cup 2010,Quarterfinals,2010-07-02,Netherlands,Brazil,2,1,1,True,False,False,True
2010_57,2010,World Cup 2010,Quarterfinals,2010-07-02,Brazil,Netherlands,1,2,-1,False,False,True,True
2010_58,2010,World Cup 2010,Quarterfinals,2010-07-02,Uruguay,Ghana,1,1,0,False,True,False,True
2010_58,2010,World Cup 2010,Quarterfinals,2010-07-02,Ghana,Uruguay,1,1,0,False,True,False,True
2010_59,2010,World Cup 2010,Quarterfinals,2010-07-03,Argentina,Germany,0,4,-4,False,False,True,True
2010_59,2010,World Cup 2010,Quarterfinals,2010-07-03,Germany,Argentina,4,0,4,True,False,False,True
2010_60,2010,World Cup 2010,Quarterfinals,2010-07-03,Paraguay,Spain,0,1,-1,False,False,True,True
2010_60,2010,World Cup 2010,Quarterfinals,2010-07-03,Spain,Paraguay,1,0,1,True,False,False,True
2010_61,2010,World Cup 2010,Semifinals,2010-07-06,Uruguay,Netherlands,2,3,-1,False,False,True,True
2010_61,2010,World Cup 2010,Semifinals,2010-07-06,Netherlands,Uruguay,3,2,1,True,False,False,True
2010_62,2010,World Cup 2010,Semifinals,2010-07-07,Germany,Spain,0,1,-1,False,False,True,True
2010_62,2010,World Cup 2010,Semifinals,2010-07-07,Spain,Germany,1,0,1,True,False,False,True
2010_63,2010,World Cup 2010,Third-place play-off,2010-07-10,Uruguay,Germany,2,3,-1,False,False,True,True
2010_63,2010,World Cup 2010,Third-place play-off,2010-07-10,Germany,Uruguay,3,2,1,True,False,False,True
2010_64,2010,World Cup 2010,Final,2010-07-11,Netherlands,Spain,0,1,-1,False,False,True,True
2010_64,2010,World Cup 2010,Final,2010-07-11,Spain,Netherlands,1,0,1,True,False,False,True
2014_1,2014,World Cup 2014,Matchday 1,2014-06-12,Brazil,Croatia,3,1,2,True,False,False,True
2014_1,2014,World Cup 2014,Matchday 1,2014-06-12,Croatia,Brazil,1,3,-2,False,False,True,True
2014_2,2014,World Cup 2014,Matchday 2,2014-06-13,Mexico,Cameroon,1,0,1,True,False,False,True
2014_2,2014,World Cup 2014,Matchday 2,2014-06-13,Cameroon,Mexico,0,1,-1,False,False,True,True
2014_3,2014,World Cup 2014,Matchday 6,2014-06-17,Brazil,Mexico,0,0,0,False,True,False,True
2014_3,2014,World Cup 2014,Matchday 6,2014-06-17,Mexico,Brazil,0,0,0,False,True,False,True
2014_4,2014,World Cup 2014,Matchday 7,2014-06-18,Cameroon,Croatia,0,4,-4,False,False,True,True
2014_4,2014,World Cup 2014,Matchday 7,2014-06-18,Croatia,Cameroon,4,0,4,True,False,False,True
2014_5,2014,World Cup 2014,Matchday 12,2014-06-23,Cameroon,Brazil,1,4,-3,False,False,True,True
2014_5,2014,World Cup 2014,Matchday 12,2014-06-23,Brazil,Cameroon,4,1,3,True,False,False,True
2014_6,2014,World Cup 2014,Matchday 12,2014-06-23,Croatia,Mexico,1,3,-2,False,False,True,True
2014_6,2014,World Cup 2014,Matchday 12,2014-06-23,Mexico,Croatia,3,1,2,True,False,False,True
2014_7,2014,World Cup 2014,Matchday 2,2014-06-13,Spain,Netherlands,1,5,-4,False,False,True,True
2014_7,2014,World Cup 2014,Matchday 2,2014-06-13,Netherlands,Spain,5,1,4,True,False,False,True
2014_8,2014,World Cup 2014,Matchday 2,2014-06-13,Chile,Australia,3,1,2,True,False,False,True
2014_8,2014,World Cup 2014,Matchday 2,2014-06-13,Australia,Chile,1,3,-2,False,False,True,True
2014_9,2014,World Cup 2014,Matchday 7,2014-06-18,Australia,Netherlands,2,3,-1,False,False,True,True
2014_9,2014,World Cup 2014,Matchday 7,2014-06-18,Netherlands,Australia,3,2,1,True,False,False,True
2014_10,2014,World Cup 2014,Matchday 7,2014-06-18,Spain,Chile,0,2,-2,False,False,True,True
2014_10,2014,World Cup 2014,Matchday 7,2014-06-18,Chile,Spain,2,0,2,True,False,False,True
2014_11,2014,World Cup 2014,Matchday 12,2014-06-23,Australia,Spain,0,3,-3,False,False,True,True
2014_11,2014,World Cup 2014,Matchday 12,2014-06-23,Spain,Australia,3,0,3,True,False,False,True
2014_12,2014,World Cup 2014,Matchday 12,2014-06-23,Netherlands,Chile,2,0,2,True,False,False,True
2014_12,2014,World Cup 2014,Matchday 12,2014-06-23,Chile,Netherlands,0,2,-2,False,False,True,True
2014_13,2014,World Cup 2014,Matchday 3,2014-06-14,Colombia,Greece,3,0,3,True,False,False,True
2014_13,2014,World Cup 2014,Matchday 3,2014-06-14,Greece,Colombia,0,3,-3,False,False,True,True
2014_14,2014,World Cup 2014,Matchday 3,2014-06-14,Côte d'Ivoire,Japan,2,1,1,True,False,False,True
2014_14,2014,World Cup 2014,Matchday 3,2014-06-14,Japan,Côte d'Ivoire,1,2,-1,False,False,True,True
2014_15,2014,World Cup 2014,Matchday 8,2014-06-19,Colombia,Côte d'Ivoire,2,1,1,True,False,False,True
2014_15,2014,World Cup 2014,Matchday 8,2014-06-19,Côte d'Ivoire,Colombia,1,2,-1,False,False,True,True
2014_16,2014,World Cup 2014,Matchday 8,2014-06-19,Japan,Greece,0,0,0,False,True,False,True
2014_16,2014,World Cup 2014,Matchday 8,2014-06-19,Greece,Japan,0,0,0,False,True,False,True
2014_17,2014,World Cup 2014,Matchday 13,2014-06-24,Japan,Colombia,1,4,-3,False,False,True,True
2014_17,2014,World Cup 2014,Matchday 13,2014-06-24,Colombia,Japan,4,1,3,True,False,False,True
2014_18,2014,World Cup 2014,Matchday 13,2014-06-24,Greece,Côte d'Ivoire,2,1,1,True,False,False,True
2014_18,2014,World Cup 2014,Matchday 13,2014-06-24,Côte d'Ivoire,Greece,1,2,-1,False,False,True,True
2014_19,2014,World Cup 2014,Matchday 3,2014-06-14,Uruguay,Costa Rica,1,3,-2,False,False,True,True
2014_19,2014,World Cup 2014,Matchday 3,2014-06-14,Costa Rica,Uruguay,3,1,2,True,False,False,True
2014_20,2014,World Cup 2014,Matchday 3,2014-06-14,England,Italy,1,2,-1,False,False,True,True
2014_20,2014,World Cup 2014,Matchday 3,2014-06-14,Italy,England,2,1,1,True,False,False,True
2014_21,2014,World Cup 2014,Matchday 8,2014-06-19,Uruguay,England,2,1,1,True,False,False,True
2014_21,2014,World Cup 2014,Matchday 8,2014-06-19,England,Uruguay,1,2,-1,False,False,True,True
2014_22,2014,World Cup 2014,Matchday 9,2014-06-20,Italy,Costa Rica,0,1,-1,False,False,True,True
2014_22,2014,World Cup 2014,Matchday 9,2014-06-20,Costa Rica,Italy,1,0,1,True,False,False,True
2014_23,2014,World Cup 2014,Matchday 13,2014-06-24,Italy,Uruguay,0,1,-1,False,False,True,True
2014_23,2014,World Cup 2014,Matchday 13,2014-06-24,Uruguay,Italy,1,0,1,True,False,False,True
2014_24,2014,World Cup 2014,Matchday 13,2014-06-24,Costa Rica,England,0,0,0,False,True,False,True
2014_24,2014,World Cup 2014,Matchday 13,2014-06-24,England,Costa Rica,0,0,0,False,True,False,True
2014_25,2014,World Cup 2014,Matchday 4,2014-06-15,Switzerland,Ecuador,2,1,1,True,False,False,True
2014_25,2014,World Cup 2014,Matchday 4,2014-06-15,Ecuador,Switzerland,1,2,-1,False,False,True,True
2014_26,2014,World Cup 2014,Matchday 4,2014-06-15,France,Honduras,3,0,3,True,False,False,True
2014_26,2014,World Cup 2014,Matchday 4,2014-06-15,Honduras,France,0,3,-3,False,False,True,True
2014_27,2014,World Cup 2014,Matchday 9,2014-06-20,Switzerland,France,2,5,-3,False,False,True,True
2014_27,2014,World Cup 2014,Matchday 9,2014-06-20,France,Switzerland,5,2,3,True,False,False,True
2014_28,2014,World Cup 2014,Matchday 9,2014-06-20,Honduras,Ecuador,1,2,-1,False,False,True,True
2014_28,2014,World Cup 2014,Matchday 9,2014-06-20,Ecuador,Honduras,2,1,1,True,False,False,True
2014_29,2014,World Cup 2014,Matchday 14,2014-06-25,Honduras,Switzerland,0,3,-3,False,False,True,True
2014_29,2014,World Cup 2014,Matchday 14,2014-06-25,Switzerland,Honduras,3,0,3,True,False,False,True
2014_30,2014,World Cup 2014,Matchday 14,2014-06-25,Ecuador,France,0,0,0,False,True,False,True
2014_30,2014,World Cup 2014,Matchday 14,2014-06-25,France,Ecuador,0,0,0,False,True,False,True
2014_31,2014,World Cup 2014,Matchday 4,2014-06-15,Argentina,Bosnia-Herzegovina,2,1,1,True,False,False,True
2014_31,2014,World Cup 2014,Matchday 4,2014-06-15,Bosnia-Herzegovina,Argentina,1,2,-1,False,False,True,True
2014_32,2014,World Cup 2014,Matchday 5,2014-06-16,Iran,Nigeria,0,0,0,False,True,False,True
2014_32,2014,World Cup 2014,Matchday 5,2014-06-16,Nigeria,Iran,0,0,0,False,True,False,True
2014_33,2014,World Cup 2014,Matchday 10,2014-06-21,Argentina,Iran,1,0,1,True,False,False,True
2014_33,2014,World Cup 2014,Matchday 10,2014-06-21,Iran,Argentina,0,1,-1,False,False,True,True
2014_34,2014,World Cup 2014,Matchday 10,2014-06-21,Nigeria,Bosnia-Herzegovina,1,0,1,True,False,False,True
2014_34,2014,World Cup 2014,Matchday 10,2014-06-21,Bosnia-Herzegovina,Nigeria,0,1,-1,False,False,True,True
2014_35,2014,World Cup 2014,Matchday 14,2014-06-25,Nigeria,Argentina,2,3,-1,False,False,True,True
2014_35,2014,World Cup 2014,Matchday 14,2014-06-25,Argentina,Nigeria,3,2,1,True,False,False,True
2014_36,2014,World Cup 2014,Matchday 14,2014-06-25,Bosnia-Herzegovina,Iran,3,1,2,True,False,False,True
2014_36,2014,World Cup 2014,Matchday 14,2014-06-25,Iran,Bosnia-Herzegovina,1,3,-2,False,False,True,True
2014_37,2014,World Cup 2014,Matchday 5,2014-06-16,Germany,Portugal,4,0,4,True,False,False,True
2014_37,2014,World Cup 2014,Matchday 5,2014-06-16,Portugal,Germany,0,4,-4,False,False,True,True
2014_38,2014,World Cup 2014,Matchday 5,2014-06-16,Ghana,USA,1,2,-1,False,False,True,True
2014_38,2014,World Cup 2014,Matchday 5,2014-06-16,USA,Ghana,2,1,1,True,False,False,True
2014_39,2014,World Cup 2014,Matchday 10,2014-06-21,Germany,Ghana,2,2,0,False,True,False,True
2014_39,2014,World Cup 2014,Matchday 10,2014-06-21,Ghana,Germany,2,2,0,False,True,False,True
2014_40,2014,World Cup 2014,Matchday 11,2014-06-22,USA,Portugal,2,2,0,False,True,False,True
2014_40,2014,World Cup 2014,Matchday 11,2014-06-22,Portugal,USA,2,2,0,False,True,False,True
2014_41,2014,World Cup 2014,Matchday 15,2014-06-26,USA,Germany,0,1,-1,False,False,True,True
2014_41,2014,World Cup 2014,Matchday 15,2014-06-26,Germany,USA,1,0,1,True,False,False,True
2014_42,2014,World Cup 2014,Matchday 15,2014-06-26,Portugal,Ghana,2,1,1,True,False,False,True
2014_42,2014,World Cup 2014,Matchday 15,2014-06-26,Ghana,Portugal,1,2,-1,False,False,True,True
2014_43,2014,World Cup 2014,Matchday 6,2014-06-17,Belgium,Algeria,2,1,1,True,False,False,True
2014_43,2014,World Cup 2014,Matchday 6,2014-06-17,Algeria,Belgium,1,2,-1,False,False,True,True
2014_44,2014,World Cup 2014,Matchday 6,2014-06-17,Russia,South Korea,1,1,0,False,True,False,True
2014_44,2014,World Cup 2014,Matchday 6,2014-06-17,South Korea,Russia,1,1,0,False,True,False,True
2014_45,2014,World Cup 2014,Matchday 11,2014-06-22,Belgium,Russia,1,0,1,True,False,False,True
2014_45,2014,World Cup 2014,Matchday 11,2014-06-22,Russia,Belgium,0,1,-1,False,False,True,True
2014_46,2014,World Cup 2014,Matchday 11,2014-06-22,South Korea,Algeria,2,4,-2,False,False,True,True
2014_46,2014,World Cup 2014,Matchday 11,2014-06-22,Algeria,South Korea,4,2,2,True,False,False,True
2014_47,2014,World Cup 2014,Matchday 15,2014-06-26,South Korea,Belgium,0,1,-1,False,False,True,True
2014_47,2014,World Cup 2014,Matchday 15,2014-06-26,Belgium,South Korea,1,0,1,True,False,False,True
2014_48,2014,World Cup 2014,Matchday 15,2014-06-26,Algeria,Russia,1,1,0,False,True,False,True
2014_48,2014,World Cup 2014,Matchday 15,2014-06-26,Russia,Algeria,1,1,0,False,True,False,True
2014_49,2014,World Cup 2014,Round of 16,2014-06-28,Brazil,Chile,1,1,0,False,True,False,True
2014_49,2014,World Cup 2014,Round of 16,2014-06-28,Chile,Brazil,1,1,0,False,True,False,True
2014_50,2014,World Cup 2014,Round of 16,2014-06-28,Colombia,Uruguay,2,0,2,True,False,False,True
2014_50,2014,World Cup 2014,Round of 16,2014-06-28,Uruguay,Colombia,0,2,-2,False,False,True,True
2014_51,2014,World Cup 2014,Round of 16,2014-06-29,Netherlands,Mexico,2,1,1,True,False,False,True
2014_51,2014,World Cup 2014,Round of 16,2014-06-29,Mexico,Netherlands,1,2,-1,False,False,True,True
2014_52,2014,World Cup 2014,Round of 16,2014-06-29,Costa Rica,Greece,1,1,0,False,True,False,True
2014_52,2014,World Cup 2014,Round of 16,2014-06-29,Greece,Costa Rica,1,1,0,False,True,False,True
2014_53,2014,World Cup 2014,Round of 16,2014-06-30,France,Nigeria,2,0,2,True,False,False,True
2014_53,2014,World Cup 2014,Round of 16,2014-06-30,Nigeria,France,0,2,-2,False,False,True,True
2014_54,2014,World Cup 2014,Round of 16,2014-06-30,Germany,Algeria,2,1,1,True,False,False,True
2014_54,2014,World Cup 2014,Round of 16,2014-06-30,Algeria,Germany,1,2,-1,False,False,True,True
2014_55,2014,World Cup 2014,Round of 16,2014-07-01,Argentina,Switzerland,1,0,1,True,False,False,True
2014_55,2014,World Cup 2014,Round of 16,2014-07-01,Switzerland,Argentina,0,1,-1,False,False,True,True
2014_56,2014,World Cup 2014,Round of 16,2014-07-01,Belgium,USA,2,1,1,True,False,False,True
2014_56,2014,World Cup 2014,Round of 16,2014-07-01,USA,Belgium,1,2,-1,False,False,True,True
2014_57,2014,World Cup 2014,Quarter-finals,2014-07-04,France,Germany,0,1,-1,False,False,True,True
2014_57,2014,World Cup 2014,Quarter-finals,2014-07-04,Germany,France,1,0,1,True,False,False,True
2014_58,2014,World Cup 2014,Quarter-finals,2014-07-04,Brazil,Colombia,2,1,1,True,False,False,True
2014_58,2014,World Cup 2014,Quarter-finals,2014-07-04,Colombia,Brazil,1,2,-1,False,False,True,True
2014_59,2014,World Cup 2014,Quarter-finals,2014-07-05,Argentina,Belgium,1,0,1,True,False,False,True
2014_59,2014,World Cup 2014,Quarter-finals,2014-07-05,Belgium,Argentina,0,1,-1,False,False,True,True
2014_60,2014,World Cup 2014,Quarter-finals,2014-07-05,Netherlands,Costa Rica,0,0,0,False,True,False,True
2014_60,2014,World Cup 2014,Quarter-finals,2014-07-05,Costa Rica,Netherlands,0,0,0,False,True,False,True
2014_61,2014,World Cup 2014,Semi-finals,2014-07-08,Brazil,Germany,1,7,-6,False,False,True,True
2014_61,2014,World Cup 2014,Semi-finals,2014-07-08,Germany,Brazil,7,1,6,True,False,False,True
2014_62,2014,World Cup 2014,Semi-finals,2014-07-09,Netherlands,Argentina,0,0,0,False,True,False,True
2014_62,2014,World Cup 2014,Semi-finals,2014-07-09,Argentina,Netherlands,0,0,0,False,True,False,True
2014_63,2014,World Cup 2014,Match for third place,2014-07-12,Brazil,Netherlands,0,3,-3,False,False,True,True
2014_63,2014,World Cup 2014,Match for third place,2014-07-12,Netherlands,Brazil,3,0,3,True,False,False,True
2014_64,2014,World Cup 2014,Final,2014-07-13,Germany,Argentina,1,0,1,True,False,False,True
2014_64,2014,World Cup 2014,Final,2014-07-13,Argentina,Germany,0,1,-1,False,False,True,True
2018_1,2018,World Cup 2018,Matchday 1,2018-06-14,Russia,Saudi Arabia,5,0,5,True,False,False,True
2018_1,2018,World Cup 2018,Matchday 1,2018-06-14,Saudi Arabia,Russia,0,5,-5,False,False,True,True
2018_2,2018,World Cup 2018,Matchday 2,2018-06-15,Egypt,Uruguay,0,1,-1,False,False,True,True
2018_2,2018,World Cup 2018,Matchday 2,2018-06-15,Uruguay,Egypt,1,0,1,True,False,False,True
2018_3,2018,World Cup 2018,Matchday 6,2018-06-19,Russia,Egypt,3,1,2,True,False,False,True
2018_3,2018,World Cup 2018,Matchday 6,2018-06-19,Egypt,Russia,1,3,-2,False,False,True,True
2018_4,2018,World Cup 2018,Matchday 7,2018-06-20,Uruguay,Saudi Arabia,1,0,1,True,False,False,True
2018_4,2018,World Cup 2018,Matchday 7,2018-06-20,Saudi Arabia,Uruguay,0,1,-1,False,False,True,True
2018_5,2018,World Cup 2018,Matchday 12,2018-06-25,Uruguay,Russia,3,0,3,True,False,False,True
2018_5,2018,World Cup 2018,Matchday 12,2018-06-25,Russia,Uruguay,0,3,-3,False,False,True,True
2018_6,2018,World Cup 2018,Matchday 12,2018-06-25,Saudi Arabia,Egypt,2,1,1,True,False,False,True
2018_6,2018,World Cup 2018,Matchday 12,2018-06-25,Egypt,Saudi Arabia,1,2,-1,False,False,True,True
2018_7,2018,World Cup 2018,Matchday 2,2018-06-15,Morocco,Iran,0,1,-1,False,False,True,True
2018_7,2018,World Cup 2018,Matchday 2,2018-06-15,Iran,Morocco,1,0,1,True,False,False,True
2018_8,2018,World Cup 2018,Matchday 2,2018-06-15,Portugal,Spain,3,3,0,False,True,False,True
2018_8,2018,World Cup 2018,Matchday 2,2018-06-15,Spain,Portugal,3,3,0,False,True,False,True
2018_9,2018,World Cup 2018,Matchday 7,2018-06-20,Portugal,Morocco,1,0,1,True,False,False,True
2018_9,2018,World Cup 2018,Matchday 7,2018-06-20,Morocco,Portugal,0,1,-1,False,False,True,True
2018_10,2018,World Cup 2018,Matchday 7,2018-06-20,Iran,Spain,0,1,-1,False,False,True,True
2018_10,2018,World Cup 2018,Matchday 7,2018-06-20,Spain,Iran,1,0,1,True,False,False,True
2018_11,2018,World Cup 2018,Matchday 12,2018-06-25,Iran,Portugal,1,1,0,False,True,False,True
2018_11,2018,World Cup 2018,Matchday 12,2018-06-25,Portugal,Iran,1,1,0,False,True,False,True
2018_12,2018,World Cup 2018,Matchday 12,2018-06-25,Spain,Morocco,2,2,0,False,True,False,True
2018_12,2018,World Cup 2018,Matchday 12,2018-06-25,Morocco,Spain,2,2,0,False,True,False,True
2018_13,2018,World Cup 2018,Matchday 3,2018-06-16,France,Australia,2,1,1,True,False,False,True
2018_13,2018,World Cup 2018,Matchday 3,2018-06-16,Australia,France,1,2,-1,False,False,True,True
2018_14,2018,World Cup 2018,Matchday 3,2018-06-16,Peru,Denmark,0,1,-1,False,False,True,True
2018_14,2018,World Cup 2018,Matchday 3,2018-06-16,Denmark,Peru,1,0,1,True,False,False,True
2018_15,2018,World Cup 2018,Matchday 8,2018-06-21,Denmark,Australia,1,1,0,False,True,False,True
2018_15,2018,World Cup 2018,Matchday 8,2018-06-21,Australia,Denmark,1,1,0,False,True,False,True
2018_16,2018,World Cup 2018,Matchday 8,2018-06-21,France,Peru,1,0,1,True,False,False,True
2018_16,2018,World Cup 2018,Matchday 8,2018-06-21,Peru,France,0,1,-1,False,False,True,True
2018_17,2018,World Cup 2018,Matchday 13,2018-06-26,Denmark,France,0,0,0,False,True,False,True
2018_17,2018,World Cup 2018,Matchday 13,2018-06-26,France,Denmark,0,0,0,False,True,False,True
2018_18,2018,World Cup 2018,Matchday 13,2018-06-26,Australia,Peru,0,2,-2,False,False,True,True
2018_18,2018,World Cup 2018,Matchday 13,2018-06-26,Peru,Australia,2,0,2,True,False,False,True
2018_19,2018,World Cup 2018,Matchday 3,2018-06-16,Argentina,Iceland,1,1,0,False,True,False,True
2018_19,2018,World Cup 2018,Matchday 3,2018-06-16,Iceland,Argentina,1,1,0,False,True,False,True
2018_20,2018,World Cup 2018,Matchday 3,2018-06-16,Croatia,Nigeria,2,0,2,True,False,False,True
2018_20,2018,World Cup 2018,Matchday 3,2018-06-16,Nigeria,Croatia,0,2,-2,False,False,True,True
2018_21,2018,World Cup 2018,Matchday 8,2018-06-21,Argentina,Croatia,0,3,-3,False,False,True,True
2018_21,2018,World Cup 2018,Matchday 8,2018-06-21,Croatia,Argentina,3,0,3,True,False,False,True
2018_22,2018,World Cup 2018,Matchday 9,2018-06-22,Nigeria,Iceland,2,0,2,True,False,False,True
2018_22,2018,World Cup 2018,Matchday 9,2018-06-22,Iceland,Nigeria,0,2,-2,False,False,True,True
2018_23,2018,World Cup 2018,Matchday 13,2018-06-26,Nigeria,Argentina,1,2,-1,False,False,True,True
2018_23,2018,World Cup 2018,Matchday 13,2018-06-26,Argentina,Nigeria,2,1,1,True,False,False,True
2018_24,2018,World Cup 2018,Matchday 13,2018-06-26,Iceland,Croatia,1,2,-1,False,False,True,True
2018_24,2018,World Cup 2018,Matchday 13,2018-06-26,Croatia,Iceland,2,1,1,True,False,False,True
2018_25,2018,World Cup 2018,Matchday 4,2018-06-17,Costa Rica,Serbia,0,1,-1,False,False,True,True
2018_25,2018,World Cup 2018,Matchday 4,2018-06-17,Serbia,Costa Rica,1,0,1,True,False,False,True
2018_26,2018,World Cup 2018,Matchday 4,2018-06-17,Brazil,Switzerland,1,1,0,False,True,False,True
2018_26,2018,World Cup 2018,Matchday 4,2018-06-17,Switzerland,Brazil,1,1,0,False,True,False,True
2018_27,2018,World Cup 2018,Matchday 9,2018-06-22,Brazil,Costa Rica,2,0,2,True,False,False,True
2018_27,2018,World Cup 2018,Matchday 9,2018-06-22,Costa Rica,Brazil,0,2,-2,False,False,True,True
2018_28,2018,World Cup 2018,Matchday 9,2018-06-22,Serbia,Switzerland,1,2,-1,False,False,True,True
2018_28,2018,World Cup 2018,Matchday 9,2018-06-22,Switzerland,Serbia,2,1,1,True,False,False,True
2018_29,2018,World Cup 2018,Matchday 14,2018-06-27,Serbia,Brazil,0,2,-2,False,False,True,True
2018_29,2018,World Cup 2018,Matchday 14,2018-06-27,Brazil,Serbia,2,0,2,True,False,False,True
2018_30,2018,World Cup 2018,Matchday 14,2018-06-27,Switzerland,Costa Rica,2,2,0,False,True,False,True
2018_30,2018,World Cup 2018,Matchday 14,2018-06-27,Costa Rica,Switzerland,2,2,0,False,True,False,True
2018_31,2018,World Cup 2018,Matchday 4,2018-06-17,Germany,Mexico,0,1,-1,False,False,True,True
2018_31,2018,World Cup 2018,Matchday 4,2018-06-17,Mexico,Germany,1,0,1,True,False,False,True
2018_32,2018,World Cup 2018,Matchday 5,2018-06-18,Sweden,South Korea,1,0,1,True,False,False,True
2018_32,2018,World Cup 2018,Matchday 5,2018-06-18,South Korea,Sweden,0,1,-1,False,False,True,True
2018_33,2018,World Cup 2018,Matchday 10,2018-06-23,South Korea,Mexico,1,2,-1,False,False,True,True
2018_33,2018,World Cup 2018,Matchday 10,2018-06-23,Mexico,South Korea,2,1,1,True,False,False,True
2018_34,2018,World Cup 2018,Matchday 10,2018-06-23,Germany,Sweden,2,1,1,True,False,False,True
2018_34,2018,World Cup 2018,Matchday 10,2018-06-23,Sweden,Germany,1,2,-1,False,False,True,True
2018_35,2018,World Cup 2018,Matchday 14,2018-06-27,South Korea,Germany,2,0,2,True,False,False,True
2018_35,2018,World Cup 2018,Matchday 14,2018-06-27,Germany,South Korea,0,2,-2,False,False,True,True
2018_36,2018,World Cup 2018,Matchday 14,2018-06-27,Mexico,Sweden,0,3,-3,False,False,True,True
2018_36,2018,World Cup 2018,Matchday 14,2018-06-27,Sweden,Mexico,3,0,3,True,False,False,True
2018_37,2018,World Cup 2018,Matchday 5,2018-06-18,Belgium,Panama,3,0,3,True,False,False,True
2018_37,2018,World Cup 2018,Matchday 5,2018-06-18,Panama,Belgium,0,3,-3,False,False,True,True
2018_38,2018,World Cup 2018,Matchday 5,2018-06-18,Tunisia,England,1,2,-1,False,False,True,True
2018_38,2018,World Cup 2018,Matchday 5,2018-06-18,England,Tunisia,2,1,1,True,False,False,True
2018_39,2018,World Cup 2018,Matchday 10,2018-06-23,Belgium,Tunisia,5,2,3,True,False,False,True
2018_39,2018,World Cup 2018,Matchday 10,2018-06-23,Tunisia,Belgium,2,5,-3,False,False,True,True
2018_40,2018,World Cup 2018,Matchday 11,2018-06-24,England,Panama,6,1,5,True,False,False,True
2018_40,2018,World Cup 2018,Matchday 11,2018-06-24,Panama,England,1,6,-5,False,False,True,True
2018_41,2018,World Cup 2018,Matchday 15,2018-06-28,England,Belgium,0,1,-1,False,False,True,True
2018_41,2018,World Cup 2018,Matchday 15,2018-06-28,Belgium,England,1,0,1,True,False,False,True
2018_42,2018,World Cup 2018,Matchday 15,2018-06-28,Panama,Tunisia,1,2,-1,False,False,True,True
2018_42,2018,World Cup 2018,Matchday 15,2018-06-28,Tunisia,Panama,2,1,1,True,False,False,True
2018_43,2018,World Cup 2018,Matchday 6,2018-06-19,Colombia,Japan,1,2,-1,False,False,True,True
2018_43,2018,World Cup 2018,Matchday 6,2018-06-19,Japan,Colombia,2,1,1,True,False,False,True
2018_44,2018,World Cup 2018,Matchday 6,2018-06-19,Poland,Senegal,1,2,-1,False,False,True,True
2018_44,2018,World Cup 2018,Matchday 6,2018-06-19,Senegal,Poland,2,1,1,True,False,False,True
2018_45,2018,World Cup 2018,Matchday 11,2018-06-24,Japan,Senegal,2,2,0,False,True,False,True
2018_45,2018,World Cup 2018,Matchday 11,2018-06-24,Senegal,Japan,2,2,0,False,True,False,True
2018_46,2018,World Cup 2018,Matchday 11,2018-06-24,Poland,Colombia,0,3,-3,False,False,True,True
2018_46,2018,World Cup 2018,Matchday 11,2018-06-24,Colombia,Poland,3,0,3,True,False,False,True
2018_47,2018,World Cup 2018,Matchday 15,2018-06-28,Japan,Poland,0,1,-1,False,False,True,True
2018_47,2018,World Cup 2018,Matchday 15,2018-06-28,Poland,Japan,1,0,1,True,False,False,True
2018_48,2018,World Cup 2018,Matchday 15,2018-06-28,Senegal,Colombia,0,1,-1,False,False,True,True
2018_48,2018,World Cup 2018,Matchday 15,2018-06-28,Colombia,Senegal,1,0,1,True,False,False,True
2018_49,2018,World Cup 2018,Round of 16,2018-06-30,France,Argentina,4,3,1,True,False,False,True
2018_49,2018,World Cup 2018,Round of 16,2018-06-30,Argentina,France,3,4,-1,False,False,True,True
2018_50,2018,World Cup 2018,Round of 16,2018-06-30,Uruguay,Portugal,2,1,1,True,False,False,True
2018_50,2018,World Cup 2018,Round of 16,2018-06-30,Portugal,Uruguay,1,2,-1,False,False,True,True
2018_51,2018,World Cup 2018,Round of 16,2018-07-01,Spain,Russia,1,1,0,False,True,False,True
2018_51,2018,World Cup 2018,Round of 16,2018-07-01,Russia,Spain,1,1,0,False,True,False,True
2018_52,2018,World Cup 2018,Round of 16,2018-07-01,Croatia,Denmark,1,1,0,False,True,False,True
2018_52,2018,World Cup 2018,Round of 16,2018-07-01,Denmark,Croatia,1,1,0,False,True,False,True
2018_53,2018,World Cup 2018,Round of 16,2018-07-02,Brazil,Mexico,2,0,2,True,False,False,True
2018_53,2018,World Cup 2018,Round of 16,2018-07-02,Mexico,Brazil,0,2,-2,False,False,True,True
2018_54,2018,World Cup 2018,Round of 16,2018-07-02,Belgium,Japan,3,2,1,True,False,False,True
2018_54,2018,World Cup 2018,Round of 16,2018-07-02,Japan,Belgium,2,3,-1,False,False,True,True
2018_55,2018,World Cup 2018,Round of 16,2018-07-03,Sweden,Switzerland,1,0,1,True,False,False,True
2018_55,2018,World Cup 2018,Round of 16,2018-07-03,Switzerland,Sweden,0,1,-1,False,False,True,True
2018_56,2018,World Cup 2018,Round of 16,2018-07-03,Colombia,England,1,1,0,False,True,False,True
2018_56,2018,World Cup 2018,Round of 16,2018-07-03,England,Colombia,1,1,0,False,True,False,True
2018_57,2018,World Cup 2018,Quarter-finals,2018-07-06,Uruguay,France,0,2,-2,False,False,True,True
2018_57,2018,World Cup 2018,Quarter-finals,2018-07-06,France,Uruguay,2,0,2,True,False,False,True
2018_58,2018,World Cup 2018,Quarter-finals,2018-07-06,Brazil,Belgium,1,2,-1,False,False,True,True
2018_58,2018,World Cup 2018,Quarter-finals,2018-07-06,Belgium,Brazil,2,1,1,True,False,False,True
2018_59,2018,World Cup 2018,Quarter-finals,2018-07-07,Sweden,England,0,2,-2,False,False,True,True
2018_59,2018,World Cup 2018,Quarter-finals,2018-07-07,England,Sweden,2,0,2,True,False,False,True
2018_60,2018,World Cup 2018,Quarter-finals,2018-07-07,Russia,Croatia,2,2,0,False,True,False,True
2018_60,2018,World Cup 2018,Quarter-finals,2018-07-07,Croatia,Russia,2,2,0,False,True,False,True
2018_61,2018,World Cup 2018,Semi-finals,2018-07-10,France,Belgium,1,0,1,True,False,False,True
2018_61,2018,World Cup 2018,Semi-finals,2018-07-10,Belgium,France,0,1,-1,False,False,True,True
2018_62,2018,World Cup 2018,Semi-finals,2018-07-11,Croatia,England,2,1,1,True,False,False,True
2018_62,2018,World Cup 2018,Semi-finals,2018-07-11,England,Croatia,1,2,-1,False,False,True,True
2018_63,2018,World Cup 2018,Match for third place,2018-07-14,Belgium,England,2,0,2,True,False,False,True
2018_63,2018,World Cup 2018,Match for third place,2018-07-14,England,Belgium,0,2,-2,False,False,True,True
2018_64,2018,World Cup 2018,Final,2018-07-15,France,Croatia,4,2,2,True,False,False,True
2018_64,2018,World Cup 2018,Final,2018-07-15,Croatia,France,2,4,-2,False,False,True,True
2022_1,2022,World Cup 2022,Matchday 1,2022-11-20,Qatar,Ecuador,0,2,-2,False,False,True,True
2022_1,2022,World Cup 2022,Matchday 1,2022-11-20,Ecuador,Qatar,2,0,2,True,False,False,True
2022_2,2022,World Cup 2022,Matchday 2,2022-11-21,Senegal,Netherlands,0,2,-2,False,False,True,True
2022_2,2022,World Cup 2022,Matchday 2,2022-11-21,Netherlands,Senegal,2,0,2,True,False,False,True
2022_3,2022,World Cup 2022,Matchday 6,2022-11-25,Qatar,Senegal,1,3,-2,False,False,True,True
2022_3,2022,World Cup 2022,Matchday 6,2022-11-25,Senegal,Qatar,3,1,2,True,False,False,True
2022_4,2022,World Cup 2022,Matchday 6,2022-11-25,Netherlands,Ecuador,1,1,0,False,True,False,True
2022_4,2022,World Cup 2022,Matchday 6,2022-11-25,Ecuador,Netherlands,1,1,0,False,True,False,True
2022_5,2022,World Cup 2022,Matchday 10,2022-11-29,Ecuador,Senegal,1,2,-1,False,False,True,True
2022_5,2022,World Cup 2022,Matchday 10,2022-11-29,Senegal,Ecuador,2,1,1,True,False,False,True
2022_6,2022,World Cup 2022,Matchday 10,2022-11-29,Netherlands,Qatar,2,0,2,True,False,False,True
2022_6,2022,World Cup 2022,Matchday 10,2022-11-29,Qatar,Netherlands,0,2,-2,False,False,True,True
2022_7,2022,World Cup 2022,Matchday 2,2022-11-21,England,Iran,6,2,4,True,False,False,True
2022_7,2022,World Cup 2022,Matchday 2,2022-11-21,Iran,England,2,6,-4,False,False,True,True
2022_8,2022,World Cup 2022,Matchday 2,2022-11-21,USA,Wales,1,1,0,False,True,False,True
2022_8,2022,World Cup 2022,Matchday 2,2022-11-21,Wales,USA,1,1,0,False,True,False,True
2022_9,2022,World Cup 2022,Matchday 6,2022-11-25,Wales,Iran,0,2,-2,False,False,True,True
2022_9,2022,World Cup 2022,Matchday 6,2022-11-25,Iran,Wales,2,0,2,True,False,False,True
2022_10,2022,World Cup 2022,Matchday 6,2022-11-25,England,USA,0,0,0,False,True,False,True
2022_10,2022,World Cup 2022,Matchday 6,2022-11-25,USA,England,0,0,0,False,True,False,True
2022_11,2022,World Cup 2022,Matchday 10,2022-11-29,Wales,England,0,3,-3,False,False,True,True
2022_11,2022,World Cup 2022,Matchday 10,2022-11-29,England,Wales,3,0,3,True,False,False,True
2022_12,2022,World Cup 2022,Matchday 10,2022-11-29,Iran,USA,0,1,-1,False,False,True,True
2022_12,2022,World Cup 2022,Matchday 10,2022-11-29,USA,Iran,1,0,1,True,False,False,True
2022_13,2022,World Cup 2022,Matchday 3,2022-11-22,Argentina,Saudi Arabia,1,2,-1,False,False,True,True
2022_13,2022,World Cup 2022,Matchday 3,2022-11-22,Saudi Arabia,Argentina,2,1,1,True,False,False,True
2022_14,2022,World Cup 2022,Matchday 3,2022-11-22,Mexico,Poland,0,0,0,False,True,False,True
2022_14,2022,World Cup 2022,Matchday 3,2022-11-22,Poland,Mexico,0,0,0,False,True,False,True
2022_15,2022,World Cup 2022,Matchday 7,2022-11-26,Poland,Saudi Arabia,2,0,2,True,False,False,True
2022_15,2022,World Cup 2022,Matchday 7,2022-11-26,Saudi Arabia,Poland,0,2,-2,False,False,True,True
2022_16,2022,World Cup 2022,Matchday 7,2022-11-26,Argentina,Mexico,2,0,2,True,False,False,True
2022_16,2022,World Cup 2022,Matchday 7,2022-11-26,Mexico,Argentina,0,2,-2,False,False,True,True
2022_17,2022,World Cup 2022,Matchday 11,2022-11-30,Poland,Argentina,0,2,-2,False,False,True,True
2022_17,2022,World Cup 2022,Matchday 11,2022-11-30,Argentina,Poland,2,0,2,True,False,False,True
2022_18,2022,World Cup 2022,Matchday 11,2022-11-30,Saudi Arabia,Mexico,1,2,-1,False,False,True,True
2022_18,2022,World Cup 2022,Matchday 11,2022-11-30,Mexico,Saudi Arabia,2,1,1,True,False,False,True
2022_19,2022,World Cup 2022,Matchday 3,2022-11-22,Denmark,Tunisia,0,0,0,False,True,False,True
2022_19,2022,World Cup 2022,Matchday 3,2022-11-22,Tunisia,Denmark,0,0,0,False,True,False,True
2022_20,2022,World Cup 2022,Matchday 3,2022-11-22,France,Australia,4,1,3,True,False,False,True
2022_20,2022,World Cup 2022,Matchday 3,2022-11-22,Australia,France,1,4,-3,False,False,True,True
2022_21,2022,World Cup 2022,Matchday 7,2022-11-26,Tunisia,Australia,0,1,-1,False,False,True,True
2022_21,2022,World Cup 2022,Matchday 7,2022-11-26,Australia,Tunisia,1,0,1,True,False,False,True
2022_22,2022,World Cup 2022,Matchday 7,2022-11-26,France,Denmark,2,1,1,True,False,False,True
2022_22,2022,World Cup 2022,Matchday 7,2022-11-26,Denmark,France,1,2,-1,False,False,True,True
2022_23,2022,World Cup 2022,Matchday 11,2022-11-30,Australia,Denmark,1,0,1,True,False,False,True
2022_23,2022,World Cup 2022,Matchday 11,2022-11-30,Denmark,Australia,0,1,-1,False,False,True,True
2022_24,2022,World Cup 2022,Matchday 11,2022-11-30,Tunisia,France,1,0,1,True,False,False,True
2022_24,2022,World Cup 2022,Matchday 11,2022-11-30,France,Tunisia,0,1,-1,False,False,True,True
2022_25,2022,World Cup 2022,Matchday 4,2022-11-23,Germany,Japan,1,2,-1,False,False,True,True
2022_25,2022,World Cup 2022,Matchday 4,2022-11-23,Japan,Germany,2,1,1,True,False,False,True
2022_26,2022,World Cup 2022,Matchday 4,2022-11-23,Spain,Costa Rica,7,0,7,True,False,False,True
2022_26,2022,World Cup 2022,Matchday 4,2022-11-23,Costa Rica,Spain,0,7,-7,False,False,True,True
2022_27,2022,World Cup 2022,Matchday 8,2022-11-27,Japan,Costa Rica,0,1,-1,False,False,True,True
2022_27,2022,World Cup 2022,Matchday 8,2022-11-27,Costa Rica,Japan,1,0,1,True,False,False,True
2022_28,2022,World Cup 2022,Matchday 8,2022-11-27,Spain,Germany,1,1,0,False,True,False,True
2022_28,2022,World Cup 2022,Matchday 8,2022-11-27,Germany,Spain,1,1,0,False,True,False,True
2022_29,2022,World Cup 2022,Matchday 12,2022-12-01,Japan,Spain,2,1,1,True,False,False,True
2022_29,2022,World Cup 2022,Matchday 12,2022-12-01,Spain,Japan,1,2,-1,False,False,True,True
2022_30,2022,World Cup 2022,Matchday 12,2022-12-01,Costa Rica,Germany,2,4,-2,False,False,True,True
2022_30,2022,World Cup 2022,Matchday 12,2022-12-01,Germany,Costa Rica,4,2,2,True,False,False,True
2022_31,2022,World Cup 2022,Matchday 4,2022-11-23,Morocco,Croatia,0,0,0,False,True,False,True
2022_31,2022,World Cup 2022,Matchday 4,2022-11-23,Croatia,Morocco,0,0,0,False,True,False,True
2022_32,2022,World Cup 2022,Matchday 4,2022-11-23,Belgium,Canada,1,0,1,True,False,False,True
2022_32,2022,World Cup 2022,Matchday 4,2022-11-23,Canada,Belgium,0,1,-1,False,False,True,True
2022_33,2022,World Cup 2022,Matchday 8,2022-11-27,Belgium,Morocco,0,2,-2,False,False,True,True
2022_33,2022,World Cup 2022,Matchday 8,2022-11-27,Morocco,Belgium,2,0,2,True,False,False,True
2022_34,2022,World Cup 2022,Matchday 8,2022-11-27,Croatia,Canada,4,1,3,True,False,False,True
2022_34,2022,World Cup 2022,Matchday 8,2022-11-27,Canada,Croatia,1,4,-3,False,False,True,True
2022_35,2022,World Cup 2022,Matchday 12,2022-12-01,Croatia,Belgium,0,0,0,False,True,False,True
2022_35,2022,World Cup 2022,Matchday 12,2022-12-01,Belgium,Croatia,0,0,0,False,True,False,True
2022_36,2022,World Cup 2022,Matchday 12,2022-12-01,Canada,Morocco,1,2,-1,False,False,True,True
2022_36,2022,World Cup 2022,Matchday 12,2022-12-01,Morocco,Canada,2,1,1,True,False,False,True
2022_37,2022,World Cup 2022,Matchday 5,2022-11-24,Switzerland,Cameroon,1,0,1,True,False,False,True
2022_37,2022,World Cup 2022,Matchday 5,2022-11-24,Cameroon,Switzerland,0,1,-1,False,False,True,True
2022_38,2022,World Cup 2022,Matchday 5,2022-11-24,Brazil,Serbia,2,0,2,True,False,False,True
2022_38,2022,World Cup 2022,Matchday 5,2022-11-24,Serbia,Brazil,0,2,-2,False,False,True,True
2022_39,2022,World Cup 2022,Matchday 9,2022-11-28,Cameroon,Serbia,3,3,0,False,True,False,True
2022_39,2022,World Cup 2022,Matchday 9,2022-11-28,Serbia,Cameroon,3,3,0,False,True,False,True
2022_40,2022,World Cup 2022,Matchday 9,2022-11-28,Brazil,Switzerland,1,0,1,True,False,False,True
2022_40,2022,World Cup 2022,Matchday 9,2022-11-28,Switzerland,Brazil,0,1,-1,False,False,True,True
2022_41,2022,World Cup 2022,Matchday 13,2022-12-02,Serbia,Switzerland,2,3,-1,False,False,True,True
2022_41,2022,World Cup 2022,Matchday 13,2022-12-02,Switzerland,Serbia,3,2,1,True,False,False,True
2022_42,2022,World Cup 2022,Matchday 13,2022-12-02,Cameroon,Brazil,1,0,1,True,False,False,True
2022_42,2022,World Cup 2022,Matchday 13,2022-12-02,Brazil,Cameroon,0,1,-1,False,False,True,True
2022_43,2022,World Cup 2022,Matchday 5,2022-11-24,Uruguay,South Korea,0,0,0,False,True,False,True
2022_43,2022,World Cup 2022,Matchday 5,2022-11-24,South Korea,Uruguay,0,0,0,False,True,False,True
2022_44,2022,World Cup 2022,Matchday 5,2022-11-24,Portugal,Ghana,3,2,1,True,False,False,True
2022_44,2022,World Cup 2022,Matchday 5,2022-11-24,Ghana,Portugal,2,3,-1,False,False,True,True
2022_45,2022,World Cup 2022,Matchday 9,2022-11-28,South Korea,Ghana,2,3,-1,False,False,True,True
2022_45,2022,World Cup 2022,Matchday 9,2022-11-28,Ghana,South Korea,3,2,1,True,False,False,True
2022_46,2022,World Cup 2022,Matchday 9,2022-11-28,Portugal,Uruguay,2,0,2,True,False,False,True
2022_46,2022,World Cup 2022,Matchday 9,2022-11-28,Uruguay,Portugal,0,2,-2,False,False,True,True
2022_47,2022,World Cup 2022,Matchday 13,2022-12-02,Ghana,Uruguay,0,2,-2,False,False,True,True
2022_47,2022,World Cup 2022,Matchday 13,2022-12-02,Uruguay,Ghana,2,0,2,True,False,False,True
2022_48,2022,World Cup 2022,Matchday 13,2022-12-02,South Korea,Portugal,2,1,1,True,False,False,True
2022_48,2022,World Cup 2022,Matchday 13,2022-12-02,Portugal,South Korea,1,2,-1,False,False,True,True
2022_49,2022,World Cup 2022,Round of 16,2022-12-03,Netherlands,USA,3,1,2,True,False,False,True
2022_49,2022,World Cup 2022,Round of 16,2022-12-03,USA,Netherlands,1,3,-2,False,False,True,True
2022_50,2022,World Cup 2022,Round of 16,2022-12-03,Argentina,Australia,2,1,1,True,False,False,True
2022_50,2022,World Cup 2022,Round of 16,2022-12-03,Australia,Argentina,1,2,-1,False,False,True,True
2022_51,2022,World Cup 2022,Round of 16,2022-12-04,France,Poland,3,1,2,True,False,False,True
2022_51,2022,World Cup 2022,Round of 16,2022-12-04,Poland,France,1,3,-2,False,False,True,True
2022_52,2022,World Cup 2022,Round of 16,2022-12-04,England,Senegal,3,0,3,True,False,False,True
2022_52,2022,World Cup 2022,Round of 16,2022-12-04,Senegal,England,0,3,-3,False,False,True,True
2022_53,2022,World Cup 2022,Round of 16,2022-12-05,Japan,Croatia,1,1,0,False,True,False,True
2022_53,2022,World Cup 2022,Round of 16,2022-12-05,Croatia,Japan,1,1,0,False,True,False,True
2022_54,2022,World Cup 2022,Round of 16,2022-12-05,Brazil,South Korea,4,1,3,True,False,False,True
2022_54,2022,World Cup 2022,Round of 16,2022-12-05,South Korea,Brazil,1,4,-3,False,False,True,True
2022_55,2022,World Cup 2022,Round of 16,2022-12-06,Morocco,Spain,0,0,0,False,True,False,True
2022_55,2022,World Cup 2022,Round of 16,2022-12-06,Spain,Morocco,0,0,0,False,True,False,True
2022_56,2022,World Cup 2022,Round of 16,2022-12-06,Portugal,Switzerland,6,1,5,True,False,False,True
2022_56,2022,World Cup 2022,Round of 16,2022-12-06,Switzerland,Portugal,1,6,-5,False,False,True,True
2022_57,2022,World Cup 2022,Quarter-finals,2022-12-09,Croatia,Brazil,1,1,0,False,True,False,True
2022_57,2022,World Cup 2022,Quarter-finals,2022-12-09,Brazil,Croatia,1,1,0,False,True,False,True
2022_58,2022,World Cup 2022,Quarter-finals,2022-12-09,Netherlands,Argentina,2,2,0,False,True,False,True
2022_58,2022,World Cup 2022,Quarter-finals,2022-12-09,Argentina,Netherlands,2,2,0,False,True,False,True
2022_59,2022,World Cup 2022,Quarter-finals,2022-12-10,Morocco,Portugal,1,0,1,True,False,False,True
2022_59,2022,World Cup 2022,Quarter-finals,2022-12-10,Portugal,Morocco,0,1,-1,False,False,True,True
2022_60,2022,World Cup 2022,Quarter-finals,2022-12-10,England,France,1,2,-1,False,False,True,True
2022_60,2022,World Cup 2022,Quarter-finals,2022-12-10,France,England,2,1,1,True,False,False,True
2022_61,2022,World Cup 2022,Semi-finals,2022-12-13,Argentina,Croatia,3,0,3,True,False,False,True
2022_61,2022,World Cup 2022,Semi-finals,2022-12-13,Croatia,Argentina,0,3,-3,False,False,True,True
2022_62,2022,World Cup 2022,Semi-finals,2022-12-14,France,Morocco,2,0,2,True,False,False,True
2022_62,2022,World Cup 2022,Semi-finals,2022-12-14,Morocco,France,0,2,-2,False,False,True,True
2022_63,2022,World Cup 2022,Match for third place,2022-12-17,Croatia,Morocco,2,1,1,True,False,False,True
2022_63,2022,World Cup 2022,Match for third place,2022-12-17,Morocco,Croatia,1,2,-1,False,False,True,True
2022_64,2022,World Cup 2022,Final,2022-12-18,Argentina,France,3,3,0,False,True,False,True
2022_64,2022,World Cup 2022,Final,2022-12-18,France,Argentina,3,3,0,False,True,False,True
