match_id,match_num,year,cup_name,round,date,time,team1,team2,team1_score_ft,team2_score_ft,total_goals_ft,team1_score_ht,team2_score_ht,total_goals_ht,team1_score_et,team2_score_et,total_goals_et,team1_score_final,team2_score_final,total_goals_final,team1_score_p,team2_score_p,total_goals_p,group,ground,status,has_score,has_goals_events
1930_1,,1930,World Cup 1930,Matchday 1,1930-07-13,,France,Mexico,4.0,1.0,5.0,3.0,0.0,3.0,,,,4.0,1.0,5.0,,,,Group 1,"Estadio Pocitos, Montevideo",played,True,True
1930_2,,1930,World Cup 1930,Matchday 3,1930-07-15,,Argentina,France,1.0,0.0,1.0,0.0,0.0,0.0,,,,1.0,0.0,1.0,,,,Group 1,"Estadio Parque Central, Montevideo",played,True,True
1930_3,,1930,World Cup 1930,Matchday 4,1930-07-16,,Chile,Mexico,3.0,0.0,3.0,1.0,0.0,1.0,,,,3.0,0.0,3.0,,,,Group 1,"Estadio Parque Central, Montevideo",played,True,True
1930_4,,1930,World Cup 1930,Matchday 7,1930-07-19,,Chile,France,1.0,0.0,1.0,0.0,0.0,0.0,,,,1.0,0.0,1.0,,,,Group 1,"Estadio Centenario, Montevideo",played,True,True
1930_5,,1930,World Cup 1930,Matchday 7,1930-07-19,,Argentina,Mexico,6.0,3.0,9.0,3.0,1.0,4.0,,,,6.0,3.0,9.0,,,,Group 1,"Estadio Centenario, Montevideo",played,True,True
1930_6,,1930,World Cup 1930,Matchday 10,1930-07-22,,Argentina,Chile,3.0,1.0,4.0,2.0,1.0,3.0,,,,3.0,1.0,4.0,,,,Group 1,"Estadio Centenario, Montevideo",played,True,True
1930_7,,1930,World Cup 1930,Matchday 2,1930-07-14,,Yugoslavia,Brazil,2.0,1.0,3.0,2.0,0.0,2.0,,,,2.0,1.0,3.0,,,,Group 2,"Estadio Parque Central, Montevideo",played,True,True
1930_8,,1930,World Cup 1930,Matchday 5,1930-07-17,,Yugoslavia,Bolivia,4.0,0.0,4.0,0.0,0.0,0.0,,,,4.0,0.0,4.0,,,,Group 2,"Estadio Parque Central, Montevideo",played,True,True
1930_9,,1930,World Cup 1930,Matchday 8,1930-07-20,,Brazil,Bolivia,4.0,0.0,4.0,1.0,0.0,1.0,,,,4.0,0.0,4.0,,,,Group 2,"Estadio Centenario, Montevideo",played,True,True
1930_10,,1930,World Cup 1930,Matchday 2,1930-07-14,,Romania,Peru,3.0,1.0,4.0,1.0,0.0,1.0,,,,3.0,1.0,4.0,,,,Group 3,"Estadio Pocitos, Montevideo",played,True,True
1930_11,,1930,World Cup 1930,Matchday 6,1930-07-18,,Uruguay,Peru,1.0,0.0,1.0,0.0,0.0,0.0,,,,1.0,0.0,1.0,,,,Group 3,"Estadio Centenario, Montevideo",played,True,True
1930_12,,1930,World Cup 1930,Matchday 9,1930-07-21,,Uruguay,Romania,4.0,0.0,4.0,4.0,0.0,4.0,,,,4.0,0.0,4.0,,,,Group 3,"Estadio Centenario, Montevideo",played,True,True
1930_13,,1930,World Cup 1930,Matchday 1,1930-07-13,,United States,Belgium,3.0,0.0,3.0,2.0,0.0,2.0,,,,3.0,0.0,3.0,,,,Group 4,"Estadio Parque Central, Montevideo",played,True,True
1930_14,,1930,World Cup 1930,Matchday 5,1930-07-17,,United States,Paraguay,3.0,0.0,3.0,2.0,0.0,2.0,,,,3.0,0.0,3.0,,,,Group 4,"Estadio Parque Central, Montevideo",played,True,True
1930_15,,1930,World Cup 1930,Matchday 8,1930-07-20,,Paraguay,Belgium,1.0,0.0,1.0,1.0,0.0,1.0,,,,1.0,0.0,1.0,,,,Group 4,"Estadio Centenario, Montevideo",played,True,True
1930_16,,1930,World Cup 1930,Semi-finals,1930-07-26,,Argentina,United States,6.0,1.0,7.0,1.0,0.0,1.0,,,,6.0,1.0,7.0,,,,,"Estadio Centenario, Montevideo",played,True,True
1930_17,,1930,World Cup 1930,Semi-finals,1930-07-27,,Uruguay,Yugoslavia,6.0,1.0,7.0,3.0,1.0,4.0,,,,6.0,1.0,7.0,,,,,"Estadio Centenario, Montevideo",played,True,True
1930_18,,1930,World Cup 1930,Final,1930-07-30,,Uruguay,Argentina,4.0,2.0,6.0,1.0,2.0,3.0,,,,4.0,2.0,6.0,,,,,"Estadio Centenario, Montevideo",played,True,True
1934_1,,1934,World Cup 1934,Preliminary round,1934-05-27,,Sweden,Argentina,3.0,2.0,5.0,1.0,1.0,2.0,,,,3.0,2.0,5.0,,,,,"Stadio Littoriale, Bologna",played,True,True
1934_2,,1934,World Cup 1934,Preliminary round,1934-05-27,,Austria,France,1.0,1.0,2.0,1.0,1.0,2.0,3.0,2.0,5.0,3.0,2.0,5.0,,,,,"Stadio Benito Mussolini, Turin",played,True,True
1934_3,,1934,World Cup 1934,Preliminary round,1934-05-27,,Germany,Belgium,5.0,2.0,7.0,1.0,2.0,3.0,,,,5.0,2.0,7.0,,,,,"Stadio Giovanni Berta, Florence",played,True,True
1934_4,,1934,World Cup 1934,Preliminary round,1934-05-27,,Spain,Brazil,3.0,1.0,4.0,3.0,0.0,3.0,,,,3.0,1.0,4.0,,,,,"Stadio Luigi Ferraris, Genoa",played,True,True
1934_5,,1934,World Cup 1934,Preliminary round,1934-05-27,,Hungary,Egypt,4.0,2.0,6.0,2.0,2.0,4.0,,,,4.0,2.0,6.0,,,,,"Stadio Giorgio Ascarelli, Naples",played,True,True
1934_6,,1934,World Cup 1934,Preliminary round,1934-05-27,,Switzerland,Netherlands,3.0,2.0,5.0,2.0,1.0,3.0,,,,3.0,2.0,5.0,,,,,"Stadio San Siro, Milan",played,True,True
1934_7,,1934,World Cup 1934,Preliminary round,1934-05-27,,Italy,United States,7.0,1.0,8.0,3.0,0.0,3.0,,,,7.0,1.0,8.0,,,,,"Stadio Nazionale PNF, Rome",played,True,True
1934_8,,1934,World Cup 1934,Preliminary round,1934-05-27,,Czechoslovakia,Romania,2.0,1.0,3.0,0.0,1.0,1.0,,,,2.0,1.0,3.0,,,,,"Stadio Littorio, Trieste",played,True,True
1934_9,,1934,World Cup 1934,Quarter-finals,1934-05-31,,Czechoslovakia,Switzerland,3.0,2.0,5.0,1.0,1.0,2.0,,,,3.0,2.0,5.0,,,,,"Stadio Benito Mussolini, Turin",played,True,True
1934_10,,1934,World Cup 1934,Quarter-finals,1934-05-31,,Germany,Sweden,2.0,1.0,3.0,0.0,0.0,0.0,,,,2.0,1.0,3.0,,,,,"Stadio San Siro, Milan",played,True,True
1934_11,,1934,World Cup 1934,Quarter-finals,1934-05-31,,Italy,Spain,1.0,1.0,2.0,1.0,1.0,2.0,1.0,1.0,2.0,1.0,1.0,2.0,,,,,"Stadio Giovanni Berta, Florence",played,True,True
1934_12,,1934,World Cup 1934,Quarter-finals,1934-05-31,,Austria,Hungary,2.0,1.0,3.0,1.0,0.0,1.0,,,,2.0,1.0,3.0,,,,,"Stadio Littoriale, Bologna",played,True,True
1934_13,,1934,World Cup 1934,"Quarter-finals, Replays",1934-06-01,,Italy,Spain,1.0,0.0,1.0,1.0,0.0,1.0,,,,1.0,0.0,1.0,,,,,"Stadio Giovanni Berta, Florence",played,True,True
1934_14,,1934,World Cup 1934,Semi-finals,1934-06-03,,Italy,Austria,1.0,0.0,1.0,1.0,0.0,1.0,,,,1.0,0.0,1.0,,,,,"Stadio San Siro, Milan",played,True,True
1934_15,,1934,World Cup 1934,Semi-finals,1934-06-03,,Czechoslovakia,Germany,3.0,1.0,4.0,1.0,0.0,1.0,,,,3.0,1.0,4.0,,,,,"Stadio Nazionale PNF, Rome",played,True,True
1934_16,,1934,World Cup 1934,Third-place match,1934-06-07,,Germany,Austria,3.0,2.0,5.0,3.0,1.0,4.0,,,,3.0,2.0,5.0,,,,,"Stadio Giorgio Ascarelli, Naples",played,True,True
1934_17,,1934,World Cup 1934,Final,1934-06-10,,Italy,Czechoslovakia,1.0,1.0,2.0,0.0,0.0,0.0,2.0,1.0,3.0,2.0,1.0,3.0,,,,,"Stadio Nazionale PNF, Rome",played,True,True
1938_1,,1938,World Cup 1938,First round,1938-06-04,,Switzerland,Germany,1.0,1.0,2.0,1.0,1.0,2.0,1.0,1.0,2.0,1.0,1.0,2.0,,,,,"Parc des Princes, Paris",played,True,True
1938_2,,1938,World Cup 1938,First round,1938-06-05,,Hungary,Dutch East Indies,6.0,0.0,6.0,4.0,0.0,4.0,,,,6.0,0.0,6.0,,,,,"Vélodrome Municipal, Reims",played,True,True
1938_3,,1938,World Cup 1938,First round,1938-06-05,,France,Belgium,3.0,1.0,4.0,2.0,1.0,3.0,,,,3.0,1.0,4.0,,,,,"Stade Olympique de Colombes, Paris",played,True,True
1938_4,,1938,World Cup 1938,First round,1938-06-05,,Cuba,Romania,2.0,2.0,4.0,1.0,1.0,2.0,3.0,3.0,6.0,3.0,3.0,6.0,,,,,"Stade Chapou, Toulouse",played,True,True
1938_5,,1938,World Cup 1938,First round,1938-06-05,,Italy,Norway,1.0,1.0,2.0,1.0,0.0,1.0,2.0,1.0,3.0,2.0,1.0,3.0,,,,,"Stade Vélodrome, Marseille",played,True,True
1938_6,,1938,World Cup 1938,First round,1938-06-05,,Brazil,Poland,4.0,4.0,8.0,3.0,1.0,4.0,6.0,5.0,11.0,6.0,5.0,11.0,,,,,"Stade de la Meinau, Strasbourg",played,True,True
1938_7,,1938,World Cup 1938,First round,1938-06-05,,Czechoslovakia,Netherlands,0.0,0.0,0.0,0.0,0.0,0.0,3.0,0.0,3.0,3.0,0.0,3.0,,,,,"Stade municipal, Le Havre",played,True,True
1938_8,,1938,World Cup 1938,First round,1938-06-05,,Sweden,Austria,,,,,,,,,,,,,,,,,"Stade Gerland, Lyon",canceled,False,False
1938_9,,1938,World Cup 1938,"First round, Replays",1938-06-09,,Cuba,Romania,2.0,1.0,3.0,0.0,1.0,1.0,,,,2.0,1.0,3.0,,,,,"Stade Chapou, Toulouse",played,True,True
1938_10,,1938,World Cup 1938,"First round, Replays",1938-06-09,,Germany,Switzerland,2.0,4.0,6.0,2.0,1.0,3.0,,,,2.0,4.0,6.0,,,,,"Parc des Princes, Paris",played,True,True
1938_11,,1938,World Cup 1938,Quarter-finals,1938-06-12,,Brazil,Czechoslovakia,1.0,1.0,2.0,1.0,0.0,1.0,1.0,1.0,2.0,1.0,1.0,2.0,,,,,"Parc Lescure, Bordeaux",played,True,True
1938_12,,1938,World Cup 1938,Quarter-finals,1938-06-12,,Switzerland,Hungary,0.0,2.0,2.0,0.0,1.0,1.0,,,,0.0,2.0,2.0,,,,,"Stade Victor Boucquey, Lille",played,True,True
1938_13,,1938,World Cup 1938,Quarter-finals,1938-06-12,,Sweden,Cuba,8.0,0.0,8.0,4.0,0.0,4.0,,,,8.0,0.0,8.0,,,,,"Stade du Fort Carré, Antibes",played,True,True
1938_14,,1938,World Cup 1938,Quarter-finals,1938-06-12,,France,Italy,1.0,3.0,4.0,1.0,1.0,2.0,,,,1.0,3.0,4.0,,,,,"Stade Olympique de Colombes, Paris",played,True,True
1938_15,,1938,World Cup 1938,"Quarter-finals, Replays",1938-06-14,,Brazil,Czechoslovakia,2.0,1.0,3.0,0.0,1.0,1.0,,,,2.0,1.0,3.0,,,,,"Parc Lescure, Bordeaux",played,True,True
1938_16,,1938,World Cup 1938,Semi-finals,1938-06-16,,Hungary,Sweden,5.0,1.0,6.0,3.0,1.0,4.0,,,,5.0,1.0,6.0,,,,,"Parc des Princes, Paris",played,True,True
1938_17,,1938,World Cup 1938,Semi-finals,1938-06-16,,Italy,Brazil,2.0,1.0,3.0,0.0,0.0,0.0,,,,2.0,1.0,3.0,,,,,"Stade Vélodrome, Marseille",played,True,True
1938_18,,1938,World Cup 1938,Match for third place,1938-06-19,,Sweden,Brazil,2.0,4.0,6.0,2.0,1.0,3.0,,,,2.0,4.0,6.0,,,,,"Parc Lescure, Bordeaux",played,True,True
1938_19,,1938,World Cup 1938,Final,1938-06-19,,Hungary,Italy,2.0,4.0,6.0,1.0,3.0,4.0,,,,2.0,4.0,6.0,,,,,"Stade Olympique de Colombes, Paris",played,True,True
1950_1,,1950,World Cup 1950,First round,1950-06-24,,Brazil,Mexico,4.0,0.0,4.0,1.0,0.0,1.0,,,,4.0,0.0,4.0,,,,Group 1,"Estádio do Maracanã, Rio de Janeiro",played,True,True
1950_2,,1950,World Cup 1950,First round,1950-06-25,,Yugoslavia,Switzerland,3.0,0.0,3.0,0.0,0.0,0.0,,,,3.0,0.0,3.0,,,,Group 1,"Estádio Independência, Belo Horizonte",played,True,True
1950_3,,1950,World Cup 1950,First round,1950-06-28,,Brazil,Switzerland,2.0,2.0,4.0,2.0,1.0,3.0,,,,2.0,2.0,4.0,,,,Group 1,"Estádio do Pacaembu, São Paulo",played,True,True
1950_4,,1950,World Cup 1950,First round,1950-06-28,,Yugoslavia,Mexico,4.0,1.0,5.0,2.0,0.0,2.0,,,,4.0,1.0,5.0,,,,Group 1,"Estádio dos Eucaliptos, Porto Alegre",played,True,True
1950_5,,1950,World Cup 1950,First round,1950-07-01,,Brazil,Yugoslavia,2.0,0.0,2.0,1.0,0.0,1.0,,,,2.0,0.0,2.0,,,,Group 1,"Estádio do Maracanã, Rio de Janeiro",played,True,True
1950_6,,1950,World Cup 1950,First round,1950-07-02,,Switzerland,Mexico,2.0,1.0,3.0,2.0,0.0,2.0,,,,2.0,1.0,3.0,,,,Group 1,"Estádio dos Eucaliptos, Porto Alegre",played,True,True
1950_7,,1950,World Cup 1950,First round,1950-06-25,,England,Chile,2.0,0.0,2.0,,,,,,,2.0,0.0,2.0,,,,Group 2,"Estádio do Maracanã, Rio de Janeiro",played,True,True
1950_8,,1950,World Cup 1950,First round,1950-06-25,,Spain,United States,3.0,1.0,4.0,,,,,,,3.0,1.0,4.0,,,,Group 2,"Estádio Durival de Britto, Curitiba",played,True,True
1950_9,,1950,World Cup 1950,First round,1950-06-29,,Spain,Chile,2.0,0.0,2.0,,,,,,,2.0,0.0,2.0,,,,Group 2,"Estádio do Maracanã, Rio de Janeiro",played,True,True
1950_10,,1950,World Cup 1950,First round,1950-06-29,,United States,England,1.0,0.0,1.0,,,,,,,1.0,0.0,1.0,,,,Group 2,"Estádio Independência, Belo Horizonte",played,True,True
1950_11,,1950,World Cup 1950,First round,1950-07-02,,Spain,England,1.0,0.0,1.0,,,,,,,1.0,0.0,1.0,,,,Group 2,"Estádio do Maracanã, Rio de Janeiro",played,True,True
1950_12,,1950,World Cup 1950,First round,1950-07-02,,Chile,United States,5.0,2.0,7.0,,,,,,,5.0,2.0,7.0,,,,Group 2,"Estádio Ilha do Retiro, Recife",played,True,True
1950_13,,1950,World Cup 1950,First round,1950-06-25,,Sweden,Italy,3.0,2.0,5.0,,,,,,,3.0,2.0,5.0,,,,Group 3,"Estádio do Pacaembu, São Paulo",played,True,True
1950_14,,1950,World Cup 1950,First round,1950-06-29,,Sweden,Paraguay,2.0,2.0,4.0,,,,,,,2.0,2.0,4.0,,,,Group 3,"Estádio Durival Britto, Curitiba",played,True,True
1950_15,,1950,World Cup 1950,First round,1950-07-02,,Italy,Paraguay,2.0,0.0,2.0,,,,,,,2.0,0.0,2.0,,,,Group 3,"Estádio do Pacaembu, São Paulo",played,True,True
1950_16,,1950,World Cup 1950,First round,1950-07-02,,Uruguay,Bolivia,8.0,0.0,8.0,,,,,,,8.0,0.0,8.0,,,,Group 4,"Estádio Independência, Belo Horizonte",played,True,True
1950_17,,1950,World Cup 1950,Final Round,1950-07-09,,Uruguay,Spain,2.0,2.0,4.0,,,,,,,2.0,2.0,4.0,,,,,"Estádio do Pacaembu, São Paulo",played,True,True
1950_18,,1950,World Cup 1950,Final Round,1950-07-09,,Brazil,Sweden,7.0,1.0,8.0,,,,,,,7.0,1.0,8.0,,,,,"Estádio do Maracanã, Rio de Janeiro",played,True,True
1950_19,,1950,World Cup 1950,Final Round,1950-07-13,,Brazil,Spain,6.0,1.0,7.0,,,,,,,6.0,1.0,7.0,,,,,"Estádio do Maracanã, Rio de Janeiro",played,True,True
1950_20,,1950,World Cup 1950,Final Round,1950-07-13,,Uruguay,Sweden,3.0,2.0,5.0,,,,,,,3.0,2.0,5.0,,,,,"Estádio do Pacaembu, São Paulo",played,True,True
1950_21,,1950,World Cup 1950,Final Round,1950-07-16,,Sweden,Spain,3.0,1.0,4.0,,,,,,,3.0,1.0,4.0,,,,,"Estádio do Pacaembu, São Paulo",played,True,True
1950_22,,1950,World Cup 1950,Final Round,1950-07-16,,Uruguay,Brazil,2.0,1.0,3.0,,,,,,,2.0,1.0,3.0,,,,,"Estádio do Maracanã, Rio de Janeiro",played,True,True
1954_1,,1954,World Cup 1954,Matchday 1,1954-06-16,,Brazil,Mexico,5.0,0.0,5.0,,,,,,,5.0,0.0,5.0,,,,Group 1,"Charmilles Stadium, Geneva",played,True,False
1954_2,,1954,World Cup 1954,Matchday 1,1954-06-16,,Yugoslavia,France,1.0,0.0,1.0,,,,,,,1.0,0.0,1.0,,,,Group 1,"Stade Olympique de la Pontaise, Lausanne",played,True,False
1954_3,,1954,World Cup 1954,Matchday 2,1954-06-19,,Brazil,Yugoslavia,1.0,1.0,2.0,,,,1.0,1.0,2.0,1.0,1.0,2.0,,,,Group 1,"Stade Olympique de la Pontaise, Lausanne",played,True,False
1954_4,,1954,World Cup 1954,Matchday 2,1954-06-19,,France,Mexico,3.0,2.0,5.0,,,,,,,3.0,2.0,5.0,,,,Group 1,"Charmilles Stadium, Geneva",played,True,False
1954_5,,1954,World Cup 1954,Matchday 1,1954-06-17,,West Germany,Turkey,4.0,1.0,5.0,,,,,,,4.0,1.0,5.0,,,,Group 2,"Wankdorf Stadium, Bern",played,True,False
1954_6,,1954,World Cup 1954,Matchday 1,1954-06-17,,Hungary,South Korea,9.0,0.0,9.0,,,,,,,9.0,0.0,9.0,,,,Group 2,"Hardturm Stadium, Zürich",played,True,False
1954_7,,1954,World Cup 1954,Matchday 2,1954-06-20,,Hungary,West Germany,8.0,3.0,11.0,,,,,,,8.0,3.0,11.0,,,,Group 2,"St. Jakob Stadium, Basel",played,True,False
1954_8,,1954,World Cup 1954,Matchday 2,1954-06-20,,Turkey,South Korea,7.0,0.0,7.0,,,,,,,7.0,0.0,7.0,,,,Group 2,"Charmilles Stadium, Geneva",played,True,False
1954_9,,1954,World Cup 1954,Group 2 Play-off,1954-06-23,,West Germany,Turkey,7.0,2.0,9.0,,,,,,,7.0,2.0,9.0,,,,,"Hardturm Stadium, Zürich",played,True,False
1954_10,,1954,World Cup 1954,Matchday 1,1954-06-16,,Uruguay,Czechoslovakia,2.0,0.0,2.0,,,,,,,2.0,0.0,2.0,,,,Group 3,"Wankdorf Stadium, Bern",played,True,False
1954_11,,1954,World Cup 1954,Matchday 1,1954-06-16,,Austria,Scotland,1.0,0.0,1.0,,,,,,,1.0,0.0,1.0,,,,Group 3,"Hardturm Stadium, Zürich",played,True,False
1954_12,,1954,World Cup 1954,Matchday 2,1954-06-19,,Austria,Czechoslovakia,5.0,0.0,5.0,,,,,,,5.0,0.0,5.0,,,,Group 3,"Hardturm Stadium, Zürich",played,True,False
1954_13,,1954,World Cup 1954,Matchday 2,1954-06-19,,Uruguay,Scotland,7.0,0.0,7.0,,,,,,,7.0,0.0,7.0,,,,Group 3,"St. Jakob Stadium, Basel",played,True,False
1954_14,,1954,World Cup 1954,Matchday 1,1954-06-17,,England,Belgium,3.0,3.0,6.0,,,,4.0,4.0,8.0,4.0,4.0,8.0,,,,Group 4,"St. Jakob Stadium, Basel",played,True,False
1954_15,,1954,World Cup 1954,Matchday 1,1954-06-17,,Switzerland,Italy,2.0,1.0,3.0,,,,,,,2.0,1.0,3.0,,,,Group 4,"Stade Olympique de la Pontaise, Lausanne",played,True,False
1954_16,,1954,World Cup 1954,Matchday 2,1954-06-20,,England,Switzerland,2.0,0.0,2.0,,,,,,,2.0,0.0,2.0,,,,Group 4,"Wankdorf Stadium, Bern",played,True,False
1954_17,,1954,World Cup 1954,Matchday 2,1954-06-20,,Italy,Belgium,4.0,1.0,5.0,,,,,,,4.0,1.0,5.0,,,,Group 4,"Cornaredo Stadium, Lugano",played,True,False
1954_18,,1954,World Cup 1954,Group 4 Play-off,1954-06-23,,Switzerland,Italy,4.0,1.0,5.0,,,,,,,4.0,1.0,5.0,,,,,"St. Jakob Stadium, Basel",played,True,False
1954_19,,1954,World Cup 1954,Quarter-finals,1954-06-26,,Austria,Switzerland,7.0,5.0,12.0,,,,,,,7.0,5.0,12.0,,,,,"Stade Olympique de la Pontaise, Lausanne",played,True,False
1954_20,,1954,World Cup 1954,Quarter-finals,1954-06-26,,Uruguay,England,4.0,2.0,6.0,,,,,,,4.0,2.0,6.0,,,,,"St. Jakob Stadium, Basel",played,True,False
1954_21,,1954,World Cup 1954,Quarter-finals,1954-06-27,,Yugoslavia,West Germany,0.0,2.0,2.0,,,,,,,0.0,2.0,2.0,,,,,"Charmilles Stadium, Geneva",played,True,False
1954_22,,1954,World Cup 1954,Quarter-finals,1954-06-27,,Brazil,Hungary,2.0,4.0,6.0,,,,,,,2.0,4.0,6.0,,,,,"Wankdorf Stadium, Bern",played,True,False
1954_23,,1954,World Cup 1954,Semi-finals,1954-06-30,,West Germany,Austria,6.0,1.0,7.0,,,,,,,6.0,1.0,7.0,,,,,"St. Jakob Stadium, Basel",played,True,False
1954_24,,1954,World Cup 1954,Semi-finals,1954-06-30,,Hungary,Uruguay,2.0,2.0,4.0,,,,4.0,2.0,6.0,4.0,2.0,6.0,,,,,"Stade Olympique de la Pontaise, Lausanne",played,True,False
1954_25,,1954,World Cup 1954,Third-place match,1954-07-03,,Uruguay,Austria,1.0,3.0,4.0,,,,,,,1.0,3.0,4.0,,,,,"Hardturm Stadium, Zürich",played,True,False
1954_26,,1954,World Cup 1954,Final,1954-07-04,,Hungary,West Germany,2.0,3.0,5.0,,,,,,,2.0,3.0,5.0,,,,,"Wankdorf Stadium, Bern",played,True,False
1958_1,,1958,World Cup 1958,Matchday 1,1958-06-08,,West Germany,Argentina,3.0,1.0,4.0,,,,,,,3.0,1.0,4.0,,,,Group 1,"Malmö Stadion, Malmö",played,True,False
1958_2,,1958,World Cup 1958,Matchday 1,1958-06-08,,Northern Ireland,Czechoslovakia,1.0,0.0,1.0,,,,,,,1.0,0.0,1.0,,,,Group 1,"Örjans Vall, Halmstad",played,True,False
1958_3,,1958,World Cup 1958,Matchday 2,1958-06-11,,Argentina,Northern Ireland,3.0,1.0,4.0,,,,,,,3.0,1.0,4.0,,,,Group 1,"Örjans Vall, Halmstad",played,True,False
1958_4,,1958,World Cup 1958,Matchday 2,1958-06-11,,West Germany,Czechoslovakia,2.0,2.0,4.0,,,,,,,2.0,2.0,4.0,,,,Group 1,"Olympiastadion, Helsingborg",played,True,False
1958_5,,1958,World Cup 1958,Matchday 3,1958-06-15,,West Germany,Northern Ireland,2.0,2.0,4.0,,,,,,,2.0,2.0,4.0,,,,Group 1,"Malmö Stadion, Malmö",played,True,False
1958_6,,1958,World Cup 1958,Matchday 3,1958-06-15,,Czechoslovakia,Argentina,6.0,1.0,7.0,,,,,,,6.0,1.0,7.0,,,,Group 1,"Olympiastadion, Helsingborg",played,True,False
1958_7,,1958,World Cup 1958,Group 1 Play-off,1958-06-17,,Northern Ireland,Czechoslovakia,1.0,1.0,2.0,,,,2.0,1.0,3.0,2.0,1.0,3.0,,,,,"Malmö Stadion, Malmö",played,True,False
1958_8,,1958,World Cup 1958,Matchday 1,1958-06-08,,France,Paraguay,7.0,3.0,10.0,,,,,,,7.0,3.0,10.0,,,,Group 2,"Idrottsparken, Norrköping",played,True,False
1958_9,,1958,World Cup 1958,Matchday 1,1958-06-08,,Yugoslavia,Scotland,1.0,1.0,2.0,,,,,,,1.0,1.0,2.0,,,,Group 2,"Arosvallen, Västerås",played,True,False
1958_10,,1958,World Cup 1958,Matchday 2,1958-06-11,,Yugoslavia,France,3.0,2.0,5.0,,,,,,,3.0,2.0,5.0,,,,Group 2,"Arosvallen, Västerås",played,True,False
1958_11,,1958,World Cup 1958,Matchday 2,1958-06-11,,Paraguay,Scotland,3.0,2.0,5.0,,,,,,,3.0,2.0,5.0,,,,Group 2,"Idrottsparken, Norrköping",played,True,False
1958_12,,1958,World Cup 1958,Matchday 3,1958-06-15,,France,Scotland,2.0,1.0,3.0,,,,,,,2.0,1.0,3.0,,,,Group 2,"Eyravallen, Örebro",played,True,False
1958_13,,1958,World Cup 1958,Matchday 3,1958-06-15,,Paraguay,Yugoslavia,3.0,3.0,6.0,,,,,,,3.0,3.0,6.0,,,,Group 2,"Tunavallen, Eskilstuna",played,True,False
1958_14,,1958,World Cup 1958,Matchday 1,1958-06-08,,Sweden,Mexico,3.0,0.0,3.0,,,,,,,3.0,0.0,3.0,,,,Group 3,"Råsunda Stadium, Solna",played,True,False
1958_15,,1958,World Cup 1958,Matchday 1,1958-06-08,,Hungary,Wales,1.0,1.0,2.0,,,,,,,1.0,1.0,2.0,,,,Group 3,"Jernvallen, Sandviken",played,True,False
1958_16,,1958,World Cup 1958,Matchday 2,1958-06-11,,Mexico,Wales,1.0,1.0,2.0,,,,,,,1.0,1.0,2.0,,,,Group 3,"Råsunda Stadium, Solna",played,True,False
1958_17,,1958,World Cup 1958,Matchday 2,1958-06-12,,Sweden,Hungary,2.0,1.0,3.0,,,,,,,2.0,1.0,3.0,,,,Group 3,"Råsunda Stadium, Solna",played,True,False
1958_18,,1958,World Cup 1958,Matchday 3,1958-06-15,,Sweden,Wales,0.0,0.0,0.0,,,,,,,0.0,0.0,0.0,,,,Group 3,"Råsunda Stadium, Solna",played,True,False
1958_19,,1958,World Cup 1958,Matchday 3,1958-06-15,,Hungary,Mexico,4.0,0.0,4.0,,,,,,,4.0,0.0,4.0,,,,Group 3,"Jernvallen, Sandviken",played,True,False
1958_20,,1958,World Cup 1958,Group 3 Play-off,1958-06-17,,Wales,Hungary,2.0,1.0,3.0,,,,,,,2.0,1.0,3.0,,,,,"Råsunda Stadium, Solna",played,True,False
1958_21,,1958,World Cup 1958,Matchday 1,1958-06-08,,Brazil,Austria,3.0,0.0,3.0,,,,,,,3.0,0.0,3.0,,,,Group 4,"Rimnersvallen, Uddevalla",played,True,False
1958_22,,1958,World Cup 1958,Matchday 1,1958-06-08,,Soviet Union,England,2.0,2.0,4.0,,,,,,,2.0,2.0,4.0,,,,Group 4,"Ullevi, Gothenburg",played,True,False
1958_23,,1958,World Cup 1958,Matchday 2,1958-06-11,,Brazil,England,0.0,0.0,0.0,,,,,,,0.0,0.0,0.0,,,,Group 4,"Ullevi, Gothenburg",played,True,False
1958_24,,1958,World Cup 1958,Matchday 2,1958-06-11,,Soviet Union,Austria,2.0,0.0,2.0,,,,,,,2.0,0.0,2.0,,,,Group 4,"Ryavallen, Borås",played,True,False
1958_25,,1958,World Cup 1958,Matchday 3,1958-06-15,,England,Austria,2.0,2.0,4.0,,,,,,,2.0,2.0,4.0,,,,Group 4,"Ryavallen, Borås",played,True,False
1958_26,,1958,World Cup 1958,Matchday 3,1958-06-15,,Brazil,Soviet Union,2.0,0.0,2.0,,,,,,,2.0,0.0,2.0,,,,Group 4,"Ullevi, Gothenburg",played,True,False
1958_27,,1958,World Cup 1958,Group 4 Play-off,1958-06-17,,Soviet Union,England,1.0,0.0,1.0,,,,,,,1.0,0.0,1.0,,,,,"Ullevi, Gothenburg",played,True,False
1958_28,,1958,World Cup 1958,Quarter-finals,1958-06-19,,France,Northern Ireland,4.0,0.0,4.0,,,,,,,4.0,0.0,4.0,,,,,"Idrottsparken, Norrköping",played,True,False
1958_29,,1958,World Cup 1958,Quarter-finals,1958-06-19,,Sweden,Soviet Union,2.0,0.0,2.0,,,,,,,2.0,0.0,2.0,,,,,"Råsunda Stadium, Solna",played,True,False
1958_30,,1958,World Cup 1958,Quarter-finals,1958-06-19,,Brazil,Wales,1.0,0.0,1.0,,,,,,,1.0,0.0,1.0,,,,,"Ullevi, Gothenburg",played,True,False
1958_31,,1958,World Cup 1958,Quarter-finals,1958-06-19,,West Germany,Yugoslavia,1.0,0.0,1.0,,,,,,,1.0,0.0,1.0,,,,,"Malmö Stadion, Malmö",played,True,False
1958_32,,1958,World Cup 1958,Semi-finals,1958-06-24,,France,Brazil,2.0,5.0,7.0,,,,,,,2.0,5.0,7.0,,,,,"Råsunda Stadium, Solna",played,True,False
1958_33,,1958,World Cup 1958,Semi-finals,1958-06-24,,West Germany,Sweden,1.0,3.0,4.0,,,,,,,1.0,3.0,4.0,,,,,"Ullevi, Gothenburg",played,True,False
1958_34,,1958,World Cup 1958,Match for third place,1958-06-28,,West Germany,France,3.0,6.0,9.0,,,,,,,3.0,6.0,9.0,,,,,"Ullevi, Gothenburg",played,True,False
1958_35,,1958,World Cup 1958,Final,1958-06-29,,Sweden,Brazil,2.0,5.0,7.0,,,,,,,2.0,5.0,7.0,,,,,"Råsunda Stadium, Solna",played,True,False
1962_1,,1962,World Cup 1962,Matchday 1,1962-05-30,,Uruguay,Colombia,2.0,1.0,3.0,,,,,,,2.0,1.0,3.0,,,,Group 1,"Estadio Carlos Dittborn, Arica",played,True,False
1962_2,,1962,World Cup 1962,Matchday 1,1962-05-31,,Soviet Union,Yugoslavia,2.0,0.0,2.0,,,,,,,2.0,0.0,2.0,,,,Group 1,"Estadio Carlos Dittborn, Arica",played,True,False
1962_3,,1962,World Cup 1962,Matchday 2,1962-06-02,,Yugoslavia,Uruguay,3.0,1.0,4.0,,,,,,,3.0,1.0,4.0,,,,Group 1,"Estadio Carlos Dittborn, Arica",played,True,False
1962_4,,1962,World Cup 1962,Matchday 2,1962-06-03,,Soviet Union,Colombia,4.0,4.0,8.0,,,,,,,4.0,4.0,8.0,,,,Group 1,"Estadio Carlos Dittborn, Arica",played,True,False
1962_5,,1962,World Cup 1962,Matchday 3,1962-06-06,,Soviet Union,Uruguay,2.0,1.0,3.0,,,,,,,2.0,1.0,3.0,,,,Group 1,"Estadio Carlos Dittborn, Arica",played,True,False
1962_6,,1962,World Cup 1962,Matchday 3,1962-06-07,,Yugoslavia,Colombia,5.0,0.0,5.0,,,,,,,5.0,0.0,5.0,,,,Group 1,"Estadio Carlos Dittborn, Arica",played,True,False
1962_7,,1962,World Cup 1962,Matchday 1,1962-05-30,,Chile,Switzerland,3.0,1.0,4.0,,,,,,,3.0,1.0,4.0,,,,Group 2,"Estadio Nacional, Santiago",played,True,False
1962_8,,1962,World Cup 1962,Matchday 1,1962-05-31,,West Germany,Italy,0.0,0.0,0.0,,,,,,,0.0,0.0,0.0,,,,Group 2,"Estadio Nacional, Santiago",played,True,False
1962_9,,1962,World Cup 1962,Matchday 2,1962-06-02,,Chile,Italy,2.0,0.0,2.0,,,,,,,2.0,0.0,2.0,,,,Group 2,"Estadio Nacional, Santiago",played,True,False
1962_10,,1962,World Cup 1962,Matchday 2,1962-06-03,,West Germany,Switzerland,2.0,1.0,3.0,,,,,,,2.0,1.0,3.0,,,,Group 2,"Estadio Nacional, Santiago",played,True,False
1962_11,,1962,World Cup 1962,Matchday 3,1962-06-06,,West Germany,Chile,2.0,0.0,2.0,,,,,,,2.0,0.0,2.0,,,,Group 2,"Estadio Nacional, Santiago",played,True,False
1962_12,,1962,World Cup 1962,Matchday 3,1962-06-07,,Italy,Switzerland,3.0,0.0,3.0,,,,,,,3.0,0.0,3.0,,,,Group 2,"Estadio Nacional, Santiago",played,True,False
1962_13,,1962,World Cup 1962,Matchday 1,1962-05-30,,Brazil,Mexico,2.0,0.0,2.0,,,,,,,2.0,0.0,2.0,,,,Group 3,"Estadio Sausalito, Viña del Mar",played,True,False
1962_14,,1962,World Cup 1962,Matchday 1,1962-05-31,,Czechoslovakia,Spain,1.0,0.0,1.0,,,,,,,1.0,0.0,1.0,,,,Group 3,"Estadio Sausalito, Viña del Mar",played,True,False
1962_15,,1962,World Cup 1962,Matchday 2,1962-06-02,,Brazil,Czechoslovakia,0.0,0.0,0.0,,,,,,,0.0,0.0,0.0,,,,Group 3,"Estadio Sausalito, Viña del Mar",played,True,False
1962_16,,1962,World Cup 1962,Matchday 2,1962-06-03,,Spain,Mexico,1.0,0.0,1.0,,,,,,,1.0,0.0,1.0,,,,Group 3,"Estadio Sausalito, Viña del Mar",played,True,False
1962_17,,1962,World Cup 1962,Matchday 3,1962-06-06,,Brazil,Spain,2.0,1.0,3.0,,,,,,,2.0,1.0,3.0,,,,Group 3,"Estadio Sausalito, Viña del Mar",played,True,False
1962_18,,1962,World Cup 1962,Matchday 3,1962-06-07,,Mexico,Czechoslovakia,3.0,1.0,4.0,,,,,,,3.0,1.0,4.0,,,,Group 3,"Estadio Sausalito, Viña del Mar",played,True,False
1962_19,,1962,World Cup 1962,Matchday 1,1962-05-30,,Argentina,Bulgaria,1.0,0.0,1.0,,,,,,,1.0,0.0,1.0,,,,Group 4,"Estadio El Teniente, Rancagua",played,True,False
1962_20,,1962,World Cup 1962,Matchday 1,1962-05-31,,Hungary,England,2.0,1.0,3.0,,,,,,,2.0,1.0,3.0,,,,Group 4,"Estadio El Teniente, Rancagua",played,True,False
1962_21,,1962,World Cup 1962,Matchday 2,1962-06-02,,England,Argentina,3.0,1.0,4.0,,,,,,,3.0,1.0,4.0,,,,Group 4,"Estadio El Teniente, Rancagua",played,True,False
1962_22,,1962,World Cup 1962,Matchday 2,1962-06-03,,Hungary,Bulgaria,6.0,1.0,7.0,,,,,,,6.0,1.0,7.0,,,,Group 4,"Estadio El Teniente, Rancagua",played,True,False
1962_23,,1962,World Cup 1962,Matchday 3,1962-06-06,,Hungary,Argentina,0.0,0.0,0.0,,,,,,,0.0,0.0,0.0,,,,Group 4,"Estadio El Teniente, Rancagua",played,True,False
1962_24,,1962,World Cup 1962,Matchday 3,1962-06-07,,England,Bulgaria,0.0,0.0,0.0,,,,,,,0.0,0.0,0.0,,,,Group 4,"Estadio El Teniente, Rancagua",played,True,False
1962_25,,1962,World Cup 1962,Quarter-finals,1962-06-10,,Chile,Soviet Union,2.0,1.0,3.0,,,,,,,2.0,1.0,3.0,,,,,"Estadio Carlos Dittborn, Arica",played,True,False
1962_26,,1962,World Cup 1962,Quarter-finals,1962-06-10,,Yugoslavia,West Germany,1.0,0.0,1.0,,,,,,,1.0,0.0,1.0,,,,,"Estadio Nacional, Santiago",played,True,False
1962_27,,1962,World Cup 1962,Quarter-finals,1962-06-10,,Brazil,England,3.0,1.0,4.0,,,,,,,3.0,1.0,4.0,,,,,"Estadio Sausalito, Viña del Mar",played,True,False
1962_28,,1962,World Cup 1962,Quarter-finals,1962-06-10,,Czechoslovakia,Hungary,1.0,0.0,1.0,,,,,,,1.0,0.0,1.0,,,,,"Estadio El Teniente, Rancagua",played,True,False
1962_29,,1962,World Cup 1962,Semi-finals,1962-06-13,,Brazil,Chile,4.0,2.0,6.0,,,,,,,4.0,2.0,6.0,,,,,"Estadio Nacional, Santiago",played,True,False
1962_30,,1962,World Cup 1962,Semi-finals,1962-06-13,,Czechoslovakia,Yugoslavia,3.0,1.0,4.0,,,,,,,3.0,1.0,4.0,,,,,"Estadio Sausalito, Viña del Mar",played,True,False
1962_31,,1962,World Cup 1962,Third-place match,1962-06-16,,Chile,Yugoslavia,1.0,0.0,1.0,,,,,,,1.0,0.0,1.0,,,,,"Estadio Nacional, Santiago",played,True,False
1962_32,,1962,World Cup 1962,Final,1962-06-17,,Brazil,Czechoslovakia,3.0,1.0,4.0,,,,,,,3.0,1.0,4.0,,,,,"Estadio Nacional, Santiago",played,True,False
1966_1,,1966,World Cup 1966,Matchday 1,1966-07-11,,England,Uruguay,0.0,0.0,0.0,,,,,,,0.0,0.0,0.0,,,,Group 1,"Wembley Stadium, London",played,True,False
1966_2,,1966,World Cup 1966,Matchday 1,1966-07-13,,France,Mexico,1.0,1.0,2.0,,,,,,,1.0,1.0,2.0,,,,Group 1,"Wembley Stadium, London",played,True,False
1966_3,,1966,World Cup 1966,Matchday 2,1966-07-15,,Uruguay,France,2.0,1.0,3.0,,,,,,,2.0,1.0,3.0,,,,Group 1,"White City Stadium, London",played,True,False
1966_4,,1966,World Cup 1966,Matchday 2,1966-07-16,,England,Mexico,2.0,0.0,2.0,,,,,,,2.0,0.0,2.0,,,,Group 1,"Wembley Stadium, London",played,True,False
1966_5,,1966,World Cup 1966,Matchday 3,1966-07-19,,Mexico,Uruguay,0.0,0.0,0.0,,,,,,,0.0,0.0,0.0,,,,Group 1,"Wembley Stadium, London",played,True,False
1966_6,,1966,World Cup 1966,Matchday 3,1966-07-20,,England,France,2.0,0.0,2.0,,,,,,,2.0,0.0,2.0,,,,Group 1,"Wembley Stadium, London",played,True,False
1966_7,,1966,World Cup 1966,Matchday 1,1966-07-12,,West Germany,Switzerland,5.0,0.0,5.0,,,,,,,5.0,0.0,5.0,,,,Group 2,"Hillsborough Stadium, Sheffield",played,True,False
1966_8,,1966,World Cup 1966,Matchday 1,1966-07-13,,Argentina,Spain,2.0,1.0,3.0,,,,,,,2.0,1.0,3.0,,,,Group 2,"Villa Park, Birmingham",played,True,False
1966_9,,1966,World Cup 1966,Matchday 2,1966-07-15,,Spain,Switzerland,2.0,1.0,3.0,,,,,,,2.0,1.0,3.0,,,,Group 2,"Hillsborough Stadium, Sheffield",played,True,False
1966_10,,1966,World Cup 1966,Matchday 2,1966-07-16,,Argentina,West Germany,0.0,0.0,0.0,,,,,,,0.0,0.0,0.0,,,,Group 2,"Villa Park, Birmingham",played,True,False
1966_11,,1966,World Cup 1966,Matchday 3,1966-07-19,,Argentina,Switzerland,2.0,0.0,2.0,,,,,,,2.0,0.0,2.0,,,,Group 2,"Hillsborough Stadium, Sheffield",played,True,False
1966_12,,1966,World Cup 1966,Matchday 3,1966-07-20,,West Germany,Spain,2.0,1.0,3.0,,,,,,,2.0,1.0,3.0,,,,Group 2,"Villa Park, Birmingham",played,True,False
1966_13,,1966,World Cup 1966,Matchday 1,1966-07-12,,Brazil,Bulgaria,2.0,0.0,2.0,,,,,,,2.0,0.0,2.0,,,,Group 3,"Goodison Park, Liverpool",played,True,False
1966_14,,1966,World Cup 1966,Matchday 1,1966-07-13,,Portugal,Hungary,3.0,1.0,4.0,,,,,,,3.0,1.0,4.0,,,,Group 3,"Old Trafford, Manchester",played,True,False
1966_15,,1966,World Cup 1966,Matchday 2,1966-07-15,,Hungary,Brazil,3.0,1.0,4.0,,,,,,,3.0,1.0,4.0,,,,Group 3,"Goodison Park, Liverpool",played,True,False
1966_16,,1966,World Cup 1966,Matchday 2,1966-07-16,,Portugal,Bulgaria,3.0,0.0,3.0,,,,,,,3.0,0.0,3.0,,,,Group 3,"Old Trafford, Manchester",played,True,False
1966_17,,1966,World Cup 1966,Matchday 3,1966-07-19,,Portugal,Brazil,3.0,1.0,4.0,,,,,,,3.0,1.0,4.0,,,,Group 3,"Goodison Park, Liverpool",played,True,False
1966_18,,1966,World Cup 1966,Matchday 3,1966-07-20,,Hungary,Bulgaria,3.0,1.0,4.0,,,,,,,3.0,1.0,4.0,,,,Group 3,"Old Trafford, Manchester",played,True,False
1966_19,,1966,World Cup 1966,Matchday 1,1966-07-12,,Soviet Union,North Korea,3.0,0.0,3.0,,,,,,,3.0,0.0,3.0,,,,Group 4,"Ayresome Park, Middlesbrough",played,True,False
1966_20,,1966,World Cup 1966,Matchday 1,1966-07-13,,Italy,Chile,2.0,0.0,2.0,,,,,,,2.0,0.0,2.0,,,,Group 4,"Roker Park, Sunderland",played,True,False
1966_21,,1966,World Cup 1966,Matchday 2,1966-07-15,,Chile,North Korea,1.0,1.0,2.0,,,,,,,1.0,1.0,2.0,,,,Group 4,"Ayresome Park, Middlesbrough",played,True,False
1966_22,,1966,World Cup 1966,Matchday 2,1966-07-16,,Soviet Union,Italy,1.0,0.0,1.0,,,,,,,1.0,0.0,1.0,,,,Group 4,"Roker Park, Sunderland",played,True,False
1966_23,,1966,World Cup 1966,Matchday 3,1966-07-19,,North Korea,Italy,1.0,0.0,1.0,,,,,,,1.0,0.0,1.0,,,,Group 4,"Ayresome Park, Middlesbrough",played,True,False
1966_24,,1966,World Cup 1966,Matchday 3,1966-07-20,,Soviet Union,Chile,2.0,1.0,3.0,,,,,,,2.0,1.0,3.0,,,,Group 4,"Roker Park, Sunderland",played,True,False
1966_25,,1966,World Cup 1966,Quarter-finals,1966-07-23,,England,Argentina,1.0,0.0,1.0,,,,,,,1.0,0.0,1.0,,,,,"Wembley Stadium, London",played,True,False
1966_26,,1966,World Cup 1966,Quarter-finals,1966-07-23,,West Germany,Uruguay,4.0,0.0,4.0,,,,,,,4.0,0.0,4.0,,,,,"Hillsborough Stadium, Sheffield",played,True,False
1966_27,,1966,World Cup 1966,Quarter-finals,1966-07-23,,Soviet Union,Hungary,2.0,1.0,3.0,,,,,,,2.0,1.0,3.0,,,,,"Roker Park, Sunderland",played,True,False
1966_28,,1966,World Cup 1966,Quarter-finals,1966-07-23,,Portugal,North Korea,5.0,3.0,8.0,,,,,,,5.0,3.0,8.0,,,,,"Goodison Park, Liverpool",played,True,False
1966_29,,1966,World Cup 1966,Semi-finals,1966-07-25,,West Germany,Soviet Union,2.0,1.0,3.0,,,,,,,2.0,1.0,3.0,,,,,"Goodison Park, Liverpool",played,True,False
1966_30,,1966,World Cup 1966,Semi-finals,1966-07-26,,England,Portugal,2.0,1.0,3.0,,,,,,,2.0,1.0,3.0,,,,,"Wembley Stadium, London",played,True,False
1966_31,,1966,World Cup 1966,Third-place match,1966-07-28,,Portugal,Soviet Union,2.0,1.0,3.0,,,,,,,2.0,1.0,3.0,,,,,"Wembley Stadium, London",played,True,False
1966_32,,1966,World Cup 1966,Final,1966-07-30,,England,West Germany,2.0,2.0,4.0,,,,4.0,2.0,6.0,4.0,2.0,6.0,,,,,"Wembley Stadium, London",played,True,False
1970_1,,1970,World Cup 1970,Matchday 1,1970-05-31,,Mexico,Soviet Union,0.0,0.0,0.0,,,,,,,0.0,0.0,0.0,,,,Group 1,"Estadio Azteca, Mexico City",played,True,False
1970_2,,1970,World Cup 1970,Matchday 1,1970-06-03,,Belgium,El Salvador,3.0,0.0,3.0,,,,,,,3.0,0.0,3.0,,,,Group 1,"Estadio Azteca, Mexico City",played,True,False
1970_3,,1970,World Cup 1970,Matchday 2,1970-06-06,,Soviet Union,Belgium,4.0,1.0,5.0,,,,,,,4.0,1.0,5.0,,,,Group 1,"Estadio Azteca, Mexico City",played,True,False
1970_4,,1970,World Cup 1970,Matchday 2,1970-06-07,,Mexico,El Salvador,4.0,0.0,4.0,,,,,,,4.0,0.0,4.0,,,,Group 1,"Estadio Azteca, Mexico City",played,True,False
1970_5,,1970,World Cup 1970,Matchday 3,1970-06-10,,Soviet Union,El Salvador,2.0,0.0,2.0,,,,,,,2.0,0.0,2.0,,,,Group 1,"Estadio Azteca, Mexico City",played,True,False
1970_6,,1970,World Cup 1970,Matchday 3,1970-06-11,,Mexico,Belgium,1.0,0.0,1.0,,,,,,,1.0,0.0,1.0,,,,Group 1,"Estadio Azteca, Mexico City",played,True,False
1970_7,,1970,World Cup 1970,Matchday 1,1970-06-02,,Uruguay,Israel,2.0,0.0,2.0,,,,,,,2.0,0.0,2.0,,,,Group 2,"Estadio Cuauhtémoc, Puebla",played,True,False
1970_8,,1970,World Cup 1970,Matchday 1,1970-06-03,,Italy,Sweden,1.0,0.0,1.0,,,,,,,1.0,0.0,1.0,,,,Group 2,"Estadio Luis Dosal, Toluca",played,True,False
1970_9,,1970,World Cup 1970,Matchday 2,1970-06-06,,Uruguay,Italy,0.0,0.0,0.0,,,,,,,0.0,0.0,0.0,,,,Group 2,"Estadio Cuauhtémoc, Puebla",played,True,False
1970_10,,1970,World Cup 1970,Matchday 2,1970-06-07,,Sweden,Israel,1.0,1.0,2.0,,,,,,,1.0,1.0,2.0,,,,Group 2,"Estadio Luis Dosal, Toluca",played,True,False
1970_11,,1970,World Cup 1970,Matchday 3,1970-06-10,,Uruguay,Sweden,0.0,1.0,1.0,,,,,,,0.0,1.0,1.0,,,,Group 2,"Estadio Cuauhtémoc, Puebla",played,True,False
1970_12,,1970,World Cup 1970,Matchday 3,1970-06-11,,Israel,Italy,0.0,0.0,0.0,,,,,,,0.0,0.0,0.0,,,,Group 2,"Estadio Luis Dosal, Toluca",played,True,False
1970_13,,1970,World Cup 1970,Matchday 1,1970-06-02,,Romania,England,0.0,1.0,1.0,,,,,,,0.0,1.0,1.0,,,,Group 3,"Estadio Jalisco, Guadalajara",played,True,False
1970_14,,1970,World Cup 1970,Matchday 1,1970-06-03,,Czechoslovakia,Brazil,1.0,4.0,5.0,,,,,,,1.0,4.0,5.0,,,,Group 3,"Estadio Jalisco, Guadalajara",played,True,False
1970_15,,1970,World Cup 1970,Matchday 2,1970-06-06,,Romania,Czechoslovakia,2.0,1.0,3.0,,,,,,,2.0,1.0,3.0,,,,Group 3,"Estadio Jalisco, Guadalajara",played,True,False
1970_16,,1970,World Cup 1970,Matchday 2,1970-06-07,,England,Brazil,0.0,1.0,1.0,,,,,,,0.0,1.0,1.0,,,,Group 3,"Estadio Jalisco, Guadalajara",played,True,False
1970_17,,1970,World Cup 1970,Matchday 3,1970-06-10,,Romania,Brazil,2.0,3.0,5.0,,,,,,,2.0,3.0,5.0,,,,Group 3,"Estadio Jalisco, Guadalajara",played,True,False
1970_18,,1970,World Cup 1970,Matchday 3,1970-06-11,,England,Czechoslovakia,1.0,0.0,1.0,,,,,,,1.0,0.0,1.0,,,,Group 3,"Estadio Jalisco, Guadalajara",played,True,False
1970_19,,1970,World Cup 1970,Matchday 1,1970-06-02,,Peru,Bulgaria,3.0,2.0,5.0,,,,,,,3.0,2.0,5.0,,,,Group 4,"Estadio Nou Camp, León",played,True,False
1970_20,,1970,World Cup 1970,Matchday 1,1970-06-03,,Morocco,West Germany,1.0,2.0,3.0,,,,,,,1.0,2.0,3.0,,,,Group 4,"Estadio Nou Camp, León",played,True,False
1970_21,,1970,World Cup 1970,Matchday 2,1970-06-06,,Peru,Morocco,3.0,0.0,3.0,,,,,,,3.0,0.0,3.0,,,,Group 4,"Estadio Nou Camp, León",played,True,False
1970_22,,1970,World Cup 1970,Matchday 2,1970-06-07,,Bulgaria,West Germany,2.0,5.0,7.0,,,,,,,2.0,5.0,7.0,,,,Group 4,"Estadio Nou Camp, León",played,True,False
1970_23,,1970,World Cup 1970,Matchday 3,1970-06-10,,Peru,West Germany,1.0,3.0,4.0,,,,,,,1.0,3.0,4.0,,,,Group 4,"Estadio Nou Camp, León",played,True,False
1970_24,,1970,World Cup 1970,Matchday 3,1970-06-11,,Bulgaria,Morocco,1.0,1.0,2.0,,,,,,,1.0,1.0,2.0,,,,Group 4,"Estadio Nou Camp, León",played,True,False
1970_25,,1970,World Cup 1970,Quarter-finals,1970-06-14,,Soviet Union,Uruguay,0.0,0.0,0.0,,,,0.0,1.0,1.0,0.0,1.0,1.0,,,,,"Estadio Azteca, Mexico City",played,True,False
1970_26,,1970,World Cup 1970,Quarter-finals,1970-06-14,,Italy,Mexico,4.0,1.0,5.0,,,,,,,4.0,1.0,5.0,,,,,"Estadio Luis Dosal, Toluca",played,True,False
1970_27,,1970,World Cup 1970,Quarter-finals,1970-06-14,,Brazil,Peru,4.0,2.0,6.0,,,,,,,4.0,2.0,6.0,,,,,"Estadio Jalisco, Guadalajara",played,True,False
1970_28,,1970,World Cup 1970,Quarter-finals,1970-06-14,,West Germany,England,2.0,2.0,4.0,,,,3.0,2.0,5.0,3.0,2.0,5.0,,,,,"Estadio Nou Camp, León",played,True,False
1970_29,,1970,World Cup 1970,Semi-finals,1970-06-17,,Uruguay,Brazil,1.0,3.0,4.0,,,,,,,1.0,3.0,4.0,,,,,"Estadio Jalisco, Guadalajara",played,True,False
1970_30,,1970,World Cup 1970,Semi-finals,1970-06-17,,Italy,West Germany,1.0,1.0,2.0,,,,4.0,3.0,7.0,4.0,3.0,7.0,,,,,"Estadio Azteca, Mexico City",played,True,False
1970_31,,1970,World Cup 1970,Match for third place,1970-06-20,,Uruguay,West Germany,0.0,1.0,1.0,,,,,,,0.0,1.0,1.0,,,,,"Estadio Azteca, Mexico City",played,True,False
1970_32,,1970,World Cup 1970,Final,1970-06-21,,Brazil,Italy,4.0,1.0,5.0,,,,,,,4.0,1.0,5.0,,,,,"Estadio Azteca, Mexico City",played,True,False
1974_1,,1974,World Cup 1974,Matchday 1,1974-06-14,,West Germany,Chile,1.0,0.0,1.0,,,,,,,1.0,0.0,1.0,,,,Group 1,"Olympiastadion, West Berlin",played,True,False
1974_2,,1974,World Cup 1974,Matchday 1,1974-06-14,,East Germany,Australia,2.0,0.0,2.0,,,,,,,2.0,0.0,2.0,,,,Group 1,"Volksparkstadion, Hamburg",played,True,False
1974_3,,1974,World Cup 1974,Matchday 2,1974-06-18,,Chile,East Germany,1.0,1.0,2.0,,,,,,,1.0,1.0,2.0,,,,Group 1,"Olympiastadion, West Berlin",played,True,False
1974_4,,1974,World Cup 1974,Matchday 2,1974-06-18,,Australia,West Germany,0.0,3.0,3.0,,,,,,,0.0,3.0,3.0,,,,Group 1,"Volksparkstadion, Hamburg",played,True,False
1974_5,,1974,World Cup 1974,Matchday 3,1974-06-22,,Australia,Chile,0.0,0.0,0.0,,,,,,,0.0,0.0,0.0,,,,Group 1,"Olympiastadion, West Berlin",played,True,False
1974_6,,1974,World Cup 1974,Matchday 3,1974-06-22,,East Germany,West Germany,1.0,0.0,1.0,,,,,,,1.0,0.0,1.0,,,,Group 1,"Volksparkstadion, Hamburg",played,True,False
1974_7,,1974,World Cup 1974,Matchday 1,1974-06-13,,Brazil,Yugoslavia,0.0,0.0,0.0,,,,,,,0.0,0.0,0.0,,,,Group 2,"Waldstadion, Frankfurt",played,True,False
1974_8,,1974,World Cup 1974,Matchday 1,1974-06-14,,Zaire,Scotland,0.0,2.0,2.0,,,,,,,0.0,2.0,2.0,,,,Group 2,"Westfalenstadion, Dortmund",played,True,False
1974_9,,1974,World Cup 1974,Matchday 2,1974-06-18,,Yugoslavia,Zaire,9.0,0.0,9.0,,,,,,,9.0,0.0,9.0,,,,Group 2,"Parkstadion, Gelsenkirchen",played,True,False
1974_10,,1974,World Cup 1974,Matchday 2,1974-06-18,,Scotland,Brazil,0.0,0.0,0.0,,,,,,,0.0,0.0,0.0,,,,Group 2,"Waldstadion, Frankfurt",played,True,False
1974_11,,1974,World Cup 1974,Matchday 3,1974-06-22,,Scotland,Yugoslavia,1.0,1.0,2.0,,,,,,,1.0,1.0,2.0,,,,Group 2,"Waldstadion, Frankfurt",played,True,False
1974_12,,1974,World Cup 1974,Matchday 3,1974-06-22,,Zaire,Brazil,0.0,3.0,3.0,,,,,,,0.0,3.0,3.0,,,,Group 2,"Parkstadion, Gelsenkirchen",played,True,False
1974_13,,1974,World Cup 1974,Matchday 1,1974-06-15,,Uruguay,Netherlands,0.0,2.0,2.0,,,,,,,0.0,2.0,2.0,,,,Group 3,"Niedersachsenstadion, Hanover",played,True,False
1974_14,,1974,World Cup 1974,Matchday 1,1974-06-15,,Sweden,Bulgaria,0.0,0.0,0.0,,,,,,,0.0,0.0,0.0,,,,Group 3,"Rheinstadion, Düsseldorf",played,True,False
1974_15,,1974,World Cup 1974,Matchday 2,1974-06-19,,Netherlands,Sweden,0.0,0.0,0.0,,,,,,,0.0,0.0,0.0,,,,Group 3,"Westfalenstadion, Dortmund",played,True,False
1974_16,,1974,World Cup 1974,Matchday 2,1974-06-19,,Uruguay,Bulgaria,1.0,1.0,2.0,,,,,,,1.0,1.0,2.0,,,,Group 3,"Niedersachsenstadion, Hanover",played,True,False
1974_17,,1974,World Cup 1974,Matchday 3,1974-06-23,,Netherlands,Bulgaria,4.0,1.0,5.0,,,,,,,4.0,1.0,5.0,,,,Group 3,"Westfalenstadion, Dortmund",played,True,False
1974_18,,1974,World Cup 1974,Matchday 3,1974-06-23,,Sweden,Uruguay,3.0,0.0,3.0,,,,,,,3.0,0.0,3.0,,,,Group 3,"Rheinstadion, Düsseldorf",played,True,False
1974_19,,1974,World Cup 1974,Matchday 1,1974-06-15,,Italy,Haiti,3.0,1.0,4.0,,,,,,,3.0,1.0,4.0,,,,Group 4,"Olympiastadion, München",played,True,False
1974_20,,1974,World Cup 1974,Matchday 1,1974-06-15,,Poland,Argentina,3.0,2.0,5.0,,,,,,,3.0,2.0,5.0,,,,Group 4,"Neckarstadion, Stuttgart",played,True,False
1974_21,,1974,World Cup 1974,Matchday 2,1974-06-19,,Haiti,Poland,0.0,7.0,7.0,,,,,,,0.0,7.0,7.0,,,,Group 4,"Olympiastadion, München",played,True,False
1974_22,,1974,World Cup 1974,Matchday 2,1974-06-19,,Argentina,Italy,1.0,1.0,2.0,,,,,,,1.0,1.0,2.0,,,,Group 4,"Neckarstadion, Stuttgart",played,True,False
1974_23,,1974,World Cup 1974,Matchday 3,1974-06-23,,Argentina,Haiti,4.0,1.0,5.0,,,,,,,4.0,1.0,5.0,,,,Group 4,"Olympiastadion, München",played,True,False
1974_24,,1974,World Cup 1974,Matchday 3,1974-06-23,,Poland,Italy,2.0,1.0,3.0,,,,,,,2.0,1.0,3.0,,,,Group 4,"Neckarstadion, Stuttgart",played,True,False
1974_25,,1974,World Cup 1974,Matchday 4,1974-06-26,,Brazil,East Germany,1.0,0.0,1.0,,,,,,,1.0,0.0,1.0,,,,Group A,"Niedersachsenstadion, Hanover",played,True,False
1974_26,,1974,World Cup 1974,Matchday 4,1974-06-26,,Netherlands,Argentina,4.0,0.0,4.0,,,,,,,4.0,0.0,4.0,,,,Group A,"Parkstadion, Gelsenkirchen",played,True,False
1974_27,,1974,World Cup 1974,Matchday 5,1974-06-30,,East Germany,Netherlands,0.0,2.0,2.0,,,,,,,0.0,2.0,2.0,,,,Group A,"Parkstadion, Gelsenkirchen",played,True,False
1974_28,,1974,World Cup 1974,Matchday 5,1974-06-30,,Argentina,Brazil,1.0,2.0,3.0,,,,,,,1.0,2.0,3.0,,,,Group A,"Niedersachsenstadion, Hanover",played,True,False
1974_29,,1974,World Cup 1974,Matchday 6,1974-07-03,,Argentina,East Germany,1.0,1.0,2.0,,,,,,,1.0,1.0,2.0,,,,Group A,"Parkstadion, Gelsenkirchen",played,True,False
1974_30,,1974,World Cup 1974,Matchday 6,1974-07-03,,Netherlands,Brazil,2.0,0.0,2.0,,,,,,,2.0,0.0,2.0,,,,Group A,"Westfalenstadion, Dortmund",played,True,False
1974_31,,1974,World Cup 1974,Matchday 4,1974-06-26,,Yugoslavia,West Germany,0.0,2.0,2.0,,,,,,,0.0,2.0,2.0,,,,Group B,"Rheinstadion, Düsseldorf",played,True,False
1974_32,,1974,World Cup 1974,Matchday 4,1974-06-26,,Sweden,Poland,0.0,1.0,1.0,,,,,,,0.0,1.0,1.0,,,,Group B,"Neckarstadion, Stuttgart",played,True,False
1974_33,,1974,World Cup 1974,Matchday 5,1974-06-30,,West Germany,Sweden,4.0,2.0,6.0,,,,,,,4.0,2.0,6.0,,,,Group B,"Rheinstadion, Düsseldorf",played,True,False
1974_34,,1974,World Cup 1974,Matchday 5,1974-06-30,,Poland,Yugoslavia,2.0,1.0,3.0,,,,,,,2.0,1.0,3.0,,,,Group B,"Waldstadion, Frankfurt",played,True,False
1974_35,,1974,World Cup 1974,Matchday 6,1974-07-03,,Poland,West Germany,0.0,1.0,1.0,,,,,,,0.0,1.0,1.0,,,,Group B,"Waldstadion, Frankfurt",played,True,False
1974_36,,1974,World Cup 1974,Matchday 6,1974-07-03,,Sweden,Yugoslavia,2.0,1.0,3.0,,,,,,,2.0,1.0,3.0,,,,Group B,"Rheinstadion, Düsseldorf",played,True,False
1974_37,,1974,World Cup 1974,Match for third place,1974-07-06,,Brazil,Poland,0.0,1.0,1.0,,,,,,,0.0,1.0,1.0,,,,,"Olympiastadion, München",played,True,False
1974_38,,1974,World Cup 1974,Final,1974-07-07,,Netherlands,West Germany,1.0,2.0,3.0,,,,,,,1.0,2.0,3.0,,,,,"Olympiastadion, München",played,True,False
1978_1,,1978,World Cup 1978,Matchday 1,1978-06-02,,Argentina,Hungary,2.0,1.0,3.0,,,,,,,2.0,1.0,3.0,,,,Group 1,"Estadio Monumental, Buenos Aires",played,True,False
1978_2,,1978,World Cup 1978,Matchday 1,1978-06-02,,Italy,France,2.0,1.0,3.0,,,,,,,2.0,1.0,3.0,,,,Group 1,"Estadio José María Minella, Mar del Plata",played,True,False
1978_3,,1978,World Cup 1978,Matchday 2,1978-06-06,,Argentina,France,2.0,1.0,3.0,,,,,,,2.0,1.0,3.0,,,,Group 1,"Estadio Monumental, Buenos Aires",played,True,False
1978_4,,1978,World Cup 1978,Matchday 2,1978-06-06,,Italy,Hungary,3.0,1.0,4.0,,,,,,,3.0,1.0,4.0,,,,Group 1,"Estadio José María Minella, Mar del Plata",played,True,False
1978_5,,1978,World Cup 1978,Matchday 3,1978-06-10,,Argentina,Italy,0.0,1.0,1.0,,,,,,,0.0,1.0,1.0,,,,Group 1,"Estadio Monumental, Buenos Aires",played,True,False
1978_6,,1978,World Cup 1978,Matchday 3,1978-06-10,,France,Hungary,3.0,1.0,4.0,,,,,,,3.0,1.0,4.0,,,,Group 1,"Estadio José María Minella, Mar del Plata",played,True,False
1978_7,,1978,World Cup 1978,Matchday 1,1978-06-01,,West Germany,Poland,0.0,0.0,0.0,,,,,,,0.0,0.0,0.0,,,,Group 2,"Estadio Monumental, Buenos Aires",played,True,False
1978_8,,1978,World Cup 1978,Matchday 1,1978-06-02,,Tunisia,Mexico,3.0,1.0,4.0,,,,,,,3.0,1.0,4.0,,,,Group 2,"Estadio Gigante de Arroyito, Rosario",played,True,False
1978_9,,1978,World Cup 1978,Matchday 2,1978-06-06,,Poland,Tunisia,1.0,0.0,1.0,,,,,,,1.0,0.0,1.0,,,,Group 2,"Estadio Gigante de Arroyito, Rosario",played,True,False
1978_10,,1978,World Cup 1978,Matchday 2,1978-06-06,,West Germany,Mexico,6.0,0.0,6.0,,,,,,,6.0,0.0,6.0,,,,Group 2,"Estadio Chateau Carreras, Córdoba",played,True,False
1978_11,,1978,World Cup 1978,Matchday 3,1978-06-10,,Poland,Mexico,3.0,1.0,4.0,,,,,,,3.0,1.0,4.0,,,,Group 2,"Estadio Gigante de Arroyito, Rosario",played,True,False
1978_12,,1978,World Cup 1978,Matchday 3,1978-06-10,,West Germany,Tunisia,0.0,0.0,0.0,,,,,,,0.0,0.0,0.0,,,,Group 2,"Estadio Olímpico Chateau Carreras, Córdoba",played,True,False
1978_13,,1978,World Cup 1978,Matchday 1,1978-06-03,,Austria,Spain,2.0,1.0,3.0,,,,,,,2.0,1.0,3.0,,,,Group 3,"Estadio José Amalfitani, Buenos Aires",played,True,False
1978_14,,1978,World Cup 1978,Matchday 1,1978-06-03,,Brazil,Sweden,1.0,1.0,2.0,,,,,,,1.0,1.0,2.0,,,,Group 3,"Estadio José Maria Minella, Mar del Plata",played,True,False
1978_15,,1978,World Cup 1978,Matchday 2,1978-06-07,,Austria,Sweden,1.0,0.0,1.0,,,,,,,1.0,0.0,1.0,,,,Group 3,"Estadio José Amalfitani, Buenos Aires",played,True,False
1978_16,,1978,World Cup 1978,Matchday 2,1978-06-07,,Brazil,Spain,0.0,0.0,0.0,,,,,,,0.0,0.0,0.0,,,,Group 3,"Estadio José Maria Minella, Mar del Plata",played,True,False
1978_17,,1978,World Cup 1978,Matchday 3,1978-06-11,,Spain,Sweden,1.0,0.0,1.0,,,,,,,1.0,0.0,1.0,,,,Group 3,"Estadio José Amalfitani, Buenos Aires",played,True,False
1978_18,,1978,World Cup 1978,Matchday 3,1978-06-11,,Brazil,Austria,1.0,0.0,1.0,,,,,,,1.0,0.0,1.0,,,,Group 3,"Estadio José Maria Minella, Mar del Plata",played,True,False
1978_19,,1978,World Cup 1978,Matchday 1,1978-06-03,,Peru,Scotland,3.0,1.0,4.0,,,,,,,3.0,1.0,4.0,,,,Group 4,"Estadio Chateau Carreras, Córdoba",played,True,False
1978_20,,1978,World Cup 1978,Matchday 1,1978-06-03,,Netherlands,Iran,3.0,0.0,3.0,,,,,,,3.0,0.0,3.0,,,,Group 4,"Estadio Ciudad de Mendoza, Mendoza",played,True,False
1978_21,,1978,World Cup 1978,Matchday 2,1978-06-07,,Scotland,Iran,1.0,1.0,2.0,,,,,,,1.0,1.0,2.0,,,,Group 4,"Estadio Chateau Carreras, Córdoba",played,True,False
1978_22,,1978,World Cup 1978,Matchday 2,1978-06-07,,Netherlands,Peru,0.0,0.0,0.0,,,,,,,0.0,0.0,0.0,,,,Group 4,"Estadio Ciudad de Mendoza, Mendoza",played,True,False
1978_23,,1978,World Cup 1978,Matchday 3,1978-06-11,,Peru,Iran,4.0,1.0,5.0,,,,,,,4.0,1.0,5.0,,,,Group 4,"Estadio Chateau Carreras, Córdoba",played,True,False
1978_24,,1978,World Cup 1978,Matchday 3,1978-06-11,,Scotland,Netherlands,3.0,2.0,5.0,,,,,,,3.0,2.0,5.0,,,,Group 4,"Estadio Ciudad de Mendoza, Mendoza",played,True,False
1978_25,,1978,World Cup 1978,Matchday 4,1978-06-14,,Italy,West Germany,0.0,0.0,0.0,,,,,,,0.0,0.0,0.0,,,,Group A,"Estadio Monumental, Buenos Aires",played,True,False
1978_26,,1978,World Cup 1978,Matchday 4,1978-06-14,,Austria,Netherlands,1.0,5.0,6.0,,,,,,,1.0,5.0,6.0,,,,Group A,"Estadio Chateau Carreras, Córdoba",played,True,False
1978_27,,1978,World Cup 1978,Matchday 5,1978-06-18,,Italy,Austria,1.0,0.0,1.0,,,,,,,1.0,0.0,1.0,,,,Group A,"Estadio Monumental, Buenos Aires",played,True,False
1978_28,,1978,World Cup 1978,Matchday 5,1978-06-18,,Netherlands,West Germany,2.0,2.0,4.0,,,,,,,2.0,2.0,4.0,,,,Group A,"Estadio Chateau Carreras, Córdoba",played,True,False
1978_29,,1978,World Cup 1978,Matchday 6,1978-06-21,,Italy,Netherlands,1.0,2.0,3.0,,,,,,,1.0,2.0,3.0,,,,Group A,"Estadio Monumental, Buenos Aires",played,True,False
1978_30,,1978,World Cup 1978,Matchday 6,1978-06-21,,Austria,West Germany,3.0,2.0,5.0,,,,,,,3.0,2.0,5.0,,,,Group A,"Estadio Chateau Carreras, Córdoba",played,True,False
1978_31,,1978,World Cup 1978,Matchday 4,1978-06-14,,Argentina,Poland,2.0,0.0,2.0,,,,,,,2.0,0.0,2.0,,,,Group B,"Estadio Gigante de Arroyito, Rosario",played,True,False
1978_32,,1978,World Cup 1978,Matchday 4,1978-06-14,,Peru,Brazil,0.0,3.0,3.0,,,,,,,0.0,3.0,3.0,,,,Group B,"Estadio Ciudad de Mendoza, Mendoza",played,True,False
1978_33,,1978,World Cup 1978,Matchday 5,1978-06-18,,Argentina,Brazil,0.0,0.0,0.0,,,,,,,0.0,0.0,0.0,,,,Group B,"Estadio Gigante de Arroyito, Rosario",played,True,False
1978_34,,1978,World Cup 1978,Matchday 5,1978-06-18,,Peru,Poland,0.0,1.0,1.0,,,,,,,0.0,1.0,1.0,,,,Group B,"Estadio Ciudad de Mendoza, Mendoza",played,True,False
1978_35,,1978,World Cup 1978,Matchday 6,1978-06-21,,Argentina,Peru,6.0,0.0,6.0,,,,,,,6.0,0.0,6.0,,,,Group B,"Estadio Gigante de Arroyito, Rosario",played,True,False
1978_36,,1978,World Cup 1978,Matchday 6,1978-06-21,,Poland,Brazil,1.0,3.0,4.0,,,,,,,1.0,3.0,4.0,,,,Group B,"Estadio Ciudad de Mendoza, Mendoza",played,True,False
1978_37,,1978,World Cup 1978,Third place match,1978-06-24,,Brazil,Italy,2.0,1.0,3.0,,,,,,,2.0,1.0,3.0,,,,,"Estadio Monumental, Buenos Aires",played,True,False
1978_38,,1978,World Cup 1978,Final,1978-06-25,,Netherlands,Argentina,1.0,1.0,2.0,,,,1.0,3.0,4.0,1.0,3.0,4.0,,,,,"Estadio Monumental, Buenos Aires",played,True,False
1982_1,,1982,World Cup 1982,Matchday 1,1982-06-14,,Italy,Poland,0.0,0.0,0.0,,,,,,,0.0,0.0,0.0,,,,Group 1,"Balaídos, Vigo",played,True,False
1982_2,,1982,World Cup 1982,Matchday 1,1982-06-15,,Peru,Cameroon,0.0,0.0,0.0,,,,,,,0.0,0.0,0.0,,,,Group 1,"Estadio de Riazor, A Coruña",played,True,False
1982_3,,1982,World Cup 1982,Matchday 2,1982-06-18,,Italy,Peru,1.0,1.0,2.0,,,,,,,1.0,1.0,2.0,,,,Group 1,"Balaídos, Vigo",played,True,False
1982_4,,1982,World Cup 1982,Matchday 2,1982-06-19,,Poland,Cameroon,0.0,0.0,0.0,,,,,,,0.0,0.0,0.0,,,,Group 1,"Estadio de Riazor, A Coruña",played,True,False
1982_5,,1982,World Cup 1982,Matchday 3,1982-06-22,,Poland,Peru,5.0,1.0,6.0,,,,,,,5.0,1.0,6.0,,,,Group 1,"Estadio de Riazor, A Coruña",played,True,False
1982_6,,1982,World Cup 1982,Matchday 3,1982-06-23,,Italy,Cameroon,1.0,1.0,2.0,,,,,,,1.0,1.0,2.0,,,,Group 1,"Balaídos, Vigo",played,True,False
1982_7,,1982,World Cup 1982,Matchday 1,1982-06-16,,West Germany,Algeria,1.0,2.0,3.0,,,,,,,1.0,2.0,3.0,,,,Group 2,"El Molinón, Gijón",played,True,False
1982_8,,1982,World Cup 1982,Matchday 1,1982-06-17,,Chile,Austria,0.0,1.0,1.0,,,,,,,0.0,1.0,1.0,,,,Group 2,"Estadio Carlos Tartiere, Oviedo",played,True,False
1982_9,,1982,World Cup 1982,Matchday 2,1982-06-20,,West Germany,Chile,4.0,1.0,5.0,,,,,,,4.0,1.0,5.0,,,,Group 2,"El Molinón, Gijón",played,True,False
1982_10,,1982,World Cup 1982,Matchday 2,1982-06-21,,Algeria,Austria,0.0,2.0,2.0,,,,,,,0.0,2.0,2.0,,,,Group 2,"Estadio Carlos Tartiere, Oviedo",played,True,False
1982_11,,1982,World Cup 1982,Matchday 3,1982-06-24,,Algeria,Chile,3.0,2.0,5.0,,,,,,,3.0,2.0,5.0,,,,Group 2,"Estadio Carlos Tartiere, Oviedo",played,True,False
1982_12,,1982,World Cup 1982,Matchday 3,1982-06-25,,West Germany,Austria,1.0,0.0,1.0,,,,,,,1.0,0.0,1.0,,,,Group 2,"El Molinón, Gijón",played,True,False
1982_13,,1982,World Cup 1982,Matchday 1,1982-06-13,,Argentina,Belgium,0.0,1.0,1.0,,,,,,,0.0,1.0,1.0,,,,Group 3,"Camp Nou, Barcelona",played,True,False
1982_14,,1982,World Cup 1982,Matchday 1,1982-06-15,,Hungary,El Salvador,10.0,1.0,11.0,,,,,,,10.0,1.0,11.0,,,,Group 3,"Nuevo Estadio, Elche",played,True,False
1982_15,,1982,World Cup 1982,Matchday 2,1982-06-18,,Argentina,Hungary,4.0,1.0,5.0,,,,,,,4.0,1.0,5.0,,,,Group 3,"Estadio José Rico Pérez, Alicante",played,True,False
1982_16,,1982,World Cup 1982,Matchday 2,1982-06-19,,Belgium,El Salvador,1.0,0.0,1.0,,,,,,,1.0,0.0,1.0,,,,Group 3,"Nuevo Estadio, Elche",played,True,False
1982_17,,1982,World Cup 1982,Matchday 3,1982-06-22,,Belgium,Hungary,1.0,1.0,2.0,,,,,,,1.0,1.0,2.0,,,,Group 3,"Nuevo Estadio, Elche",played,True,False
1982_18,,1982,World Cup 1982,Matchday 3,1982-06-23,,Argentina,El Salvador,2.0,0.0,2.0,,,,,,,2.0,0.0,2.0,,,,Group 3,"Estadio José Rico Pérez, Alicante",played,True,False
1982_19,,1982,World Cup 1982,Matchday 1,1982-06-16,,England,France,3.0,1.0,4.0,,,,,,,3.0,1.0,4.0,,,,Group 4,"Estadio San Mamés, Bilbao",played,True,False
1982_20,,1982,World Cup 1982,Matchday 1,1982-06-17,,Czechoslovakia,Kuwait,1.0,1.0,2.0,,,,,,,1.0,1.0,2.0,,,,Group 4,"Estadio José Zorrilla, Valladolid",played,True,False
1982_21,,1982,World Cup 1982,Matchday 2,1982-06-20,,England,Czechoslovakia,2.0,0.0,2.0,,,,,,,2.0,0.0,2.0,,,,Group 4,"Estadio San Mamés, Bilbao",played,True,False
1982_22,,1982,World Cup 1982,Matchday 2,1982-06-21,,France,Kuwait,4.0,1.0,5.0,,,,,,,4.0,1.0,5.0,,,,Group 4,"Estadio José Zorrilla, Valladolid",played,True,False
1982_23,,1982,World Cup 1982,Matchday 3,1982-06-24,,France,Czechoslovakia,1.0,1.0,2.0,,,,,,,1.0,1.0,2.0,,,,Group 4,"Estadio José Zorrilla, Valladolid",played,True,False
1982_24,,1982,World Cup 1982,Matchday 3,1982-06-25,,England,Kuwait,1.0,0.0,1.0,,,,,,,1.0,0.0,1.0,,,,Group 4,"Estadio San Mamés, Bilbao",played,True,False
1982_25,,1982,World Cup 1982,Matchday 1,1982-06-16,,Spain,Honduras,1.0,1.0,2.0,,,,,,,1.0,1.0,2.0,,,,Group 5,"Estadio Luis Casanova, Valencia",played,True,False
1982_26,,1982,World Cup 1982,Matchday 1,1982-06-17,,Yugoslavia,Northern Ireland,0.0,0.0,0.0,,,,,,,0.0,0.0,0.0,,,,Group 5,"La Romareda, Zaragoza",played,True,False
1982_27,,1982,World Cup 1982,Matchday 2,1982-06-20,,Spain,Yugoslavia,2.0,1.0,3.0,,,,,,,2.0,1.0,3.0,,,,Group 5,"Estadio Luis Casanova, Valencia",played,True,False
1982_28,,1982,World Cup 1982,Matchday 2,1982-06-21,,Honduras,Northern Ireland,1.0,1.0,2.0,,,,,,,1.0,1.0,2.0,,,,Group 5,"La Romareda, Zaragoza",played,True,False
1982_29,,1982,World Cup 1982,Matchday 3,1982-06-24,,Honduras,Yugoslavia,0.0,1.0,1.0,,,,,,,0.0,1.0,1.0,,,,Group 5,"La Romareda, Zaragoza",played,True,False
1982_30,,1982,World Cup 1982,Matchday 3,1982-06-25,,Spain,Northern Ireland,0.0,1.0,1.0,,,,,,,0.0,1.0,1.0,,,,Group 5,"Estadio Luis Casanova, Valencia",played,True,False
1982_31,,1982,World Cup 1982,Matchday 1,1982-06-14,,Brazil,Soviet Union,2.0,1.0,3.0,,,,,,,2.0,1.0,3.0,,,,Group 6,"Estadio Ramón Sánchez Pizjuán, Seville",played,True,False
1982_32,,1982,World Cup 1982,Matchday 1,1982-06-15,,Scotland,New Zealand,5.0,2.0,7.0,,,,,,,5.0,2.0,7.0,,,,Group 6,"Estadio La Rosaleda, Málaga",played,True,False
1982_33,,1982,World Cup 1982,Matchday 2,1982-06-18,,Brazil,Scotland,4.0,1.0,5.0,,,,,,,4.0,1.0,5.0,,,,Group 6,"Estadio Benito Villamarín, Seville",played,True,False
1982_34,,1982,World Cup 1982,Matchday 2,1982-06-19,,Soviet Union,New Zealand,3.0,0.0,3.0,,,,,,,3.0,0.0,3.0,,,,Group 6,"Estadio La Rosaleda, Málaga",played,True,False
1982_35,,1982,World Cup 1982,Matchday 3,1982-06-22,,Soviet Union,Scotland,2.0,2.0,4.0,,,,,,,2.0,2.0,4.0,,,,Group 6,"Estadio La Rosaleda, Málaga",played,True,False
1982_36,,1982,World Cup 1982,Matchday 3,1982-06-23,,Brazil,New Zealand,4.0,0.0,4.0,,,,,,,4.0,0.0,4.0,,,,Group 6,"Estadio Benito Villamarín, Seville",played,True,False
1982_37,,1982,World Cup 1982,Matchday 4,1982-06-28,,Poland,Belgium,3.0,0.0,3.0,,,,,,,3.0,0.0,3.0,,,,Group A,"Camp Nou, Barcelona",played,True,False
1982_38,,1982,World Cup 1982,Matchday 5,1982-07-01,,Belgium,Soviet Union,0.0,1.0,1.0,,,,,,,0.0,1.0,1.0,,,,Group A,"Camp Nou, Barcelona",played,True,False
1982_39,,1982,World Cup 1982,Matchday 6,1982-07-04,,Soviet Union,Poland,0.0,0.0,0.0,,,,,,,0.0,0.0,0.0,,,,Group A,"Camp Nou, Barcelona",played,True,False
1982_40,,1982,World Cup 1982,Matchday 4,1982-06-29,,West Germany,England,0.0,0.0,0.0,,,,,,,0.0,0.0,0.0,,,,Group B,"Estadio Santiago Bernabéu, Madrid",played,True,False
1982_41,,1982,World Cup 1982,Matchday 5,1982-07-02,,West Germany,Spain,2.0,1.0,3.0,,,,,,,2.0,1.0,3.0,,,,Group B,"Estadio Santiago Bernabéu, Madrid",played,True,False
1982_42,,1982,World Cup 1982,Matchday 6,1982-07-05,,Spain,England,0.0,0.0,0.0,,,,,,,0.0,0.0,0.0,,,,Group B,"Estadio Santiago Bernabéu, Madrid",played,True,False
1982_43,,1982,World Cup 1982,Matchday 4,1982-06-29,,Italy,Argentina,2.0,1.0,3.0,,,,,,,2.0,1.0,3.0,,,,Group C,"Estadio Sarriá, Barcelona",played,True,False
1982_44,,1982,World Cup 1982,Matchday 5,1982-07-02,,Argentina,Brazil,1.0,3.0,4.0,,,,,,,1.0,3.0,4.0,,,,Group C,"Estadio Sarriá, Barcelona",played,True,False
1982_45,,1982,World Cup 1982,Matchday 6,1982-07-05,,Italy,Brazil,3.0,2.0,5.0,,,,,,,3.0,2.0,5.0,,,,Group C,"Estadio Sarriá, Barcelona",played,True,False
1982_46,,1982,World Cup 1982,Matchday 4,1982-06-28,,Austria,France,0.0,1.0,1.0,,,,,,,0.0,1.0,1.0,,,,Group D,"Estadio Vicente Calderón, Madrid",played,True,False
1982_47,,1982,World Cup 1982,Matchday 5,1982-07-01,,Austria,Northern Ireland,2.0,2.0,4.0,,,,,,,2.0,2.0,4.0,,,,Group D,"Estadio Vicente Calderón, Madrid",played,True,False
1982_48,,1982,World Cup 1982,Matchday 6,1982-07-04,,Northern Ireland,France,1.0,4.0,5.0,,,,,,,1.0,4.0,5.0,,,,Group D,"Estadio Vicente Calderón, Madrid",played,True,False
1982_49,,1982,World Cup 1982,Semi-finals,1982-07-08,,Poland,Italy,0.0,2.0,2.0,,,,,,,0.0,2.0,2.0,,,,,"Camp Nou, Barcelona",played,True,False
1982_50,,1982,World Cup 1982,Semi-finals,1982-07-08,,West Germany,France,1.0,1.0,2.0,,,,3.0,3.0,6.0,3.0,3.0,6.0,5.0,4.0,9.0,,"Estadio Ramón Sánchez Pizjuán, Seville",played,True,False
1982_51,,1982,World Cup 1982,Third place match,1982-07-10,,Poland,France,3.0,2.0,5.0,,,,,,,3.0,2.0,5.0,,,,,"Estadio José Rico Pérez, Alicante",played,True,False
1982_52,,1982,World Cup 1982,Final,1982-07-11,,Italy,West Germany,3.0,1.0,4.0,,,,,,,3.0,1.0,4.0,,,,,Estadio Santiago Bernabéu,played,True,False
1986_1,,1986,World Cup 1986,Matchday 1,1986-05-31,,Bulgaria,Italy,1.0,1.0,2.0,,,,,,,1.0,1.0,2.0,,,,Group A,"Estadio Azteca, Mexico City",played,True,False
1986_2,,1986,World Cup 1986,Matchday 1,1986-06-02,,Argentina,South Korea,3.0,1.0,4.0,,,,,,,3.0,1.0,4.0,,,,Group A,"Estadio Olímpico Universitario, Mexico City",played,True,False
1986_3,,1986,World Cup 1986,Matchday 2,1986-06-05,,Italy,Argentina,1.0,1.0,2.0,,,,,,,1.0,1.0,2.0,,,,Group A,"Estadio Cuauhtémoc, Puebla",played,True,False
1986_4,,1986,World Cup 1986,Matchday 2,1986-06-05,,South Korea,Bulgaria,1.0,1.0,2.0,,,,,,,1.0,1.0,2.0,,,,Group A,"Estadio Olímpico Universitario, Mexico City",played,True,False
1986_5,,1986,World Cup 1986,Matchday 3,1986-06-10,,South Korea,Italy,2.0,3.0,5.0,,,,,,,2.0,3.0,5.0,,,,Group A,"Estadio Cuauhtémoc, Puebla",played,True,False
1986_6,,1986,World Cup 1986,Matchday 3,1986-06-10,,Argentina,Bulgaria,2.0,0.0,2.0,,,,,,,2.0,0.0,2.0,,,,Group A,"Estadio Olímpico Universitario, Mexico City",played,True,False
1986_7,,1986,World Cup 1986,Matchday 1,1986-06-03,,Belgium,Mexico,1.0,2.0,3.0,,,,,,,1.0,2.0,3.0,,,,Group B,"Estadio Azteca, Mexico City",played,True,False
1986_8,,1986,World Cup 1986,Matchday 1,1986-06-04,,Paraguay,Iraq,1.0,0.0,1.0,,,,,,,1.0,0.0,1.0,,,,Group B,"Estadio Nemesio Díez, Toluca",played,True,False
1986_9,,1986,World Cup 1986,Matchday 2,1986-06-07,,Mexico,Paraguay,1.0,1.0,2.0,,,,,,,1.0,1.0,2.0,,,,Group B,"Estadio Azteca, Mexico City",played,True,False
1986_10,,1986,World Cup 1986,Matchday 2,1986-06-08,,Iraq,Belgium,1.0,2.0,3.0,,,,,,,1.0,2.0,3.0,,,,Group B,"Estadio Nemesio Díez, Toluca",played,True,False
1986_11,,1986,World Cup 1986,Matchday 3,1986-06-11,,Iraq,Mexico,0.0,1.0,1.0,,,,,,,0.0,1.0,1.0,,,,Group B,"Estadio Azteca, Mexico City",played,True,False
1986_12,,1986,World Cup 1986,Matchday 3,1986-06-11,,Paraguay,Belgium,2.0,2.0,4.0,,,,,,,2.0,2.0,4.0,,,,Group B,"Estadio Nemesio Díez, Toluca",played,True,False
1986_13,,1986,World Cup 1986,Matchday 1,1986-06-01,,Canada,France,0.0,1.0,1.0,,,,,,,0.0,1.0,1.0,,,,Group C,"Estadio Nou Camp, León",played,True,False
1986_14,,1986,World Cup 1986,Matchday 1,1986-06-02,,Soviet Union,Hungary,6.0,0.0,6.0,,,,,,,6.0,0.0,6.0,,,,Group C,"Estadio Sergio León Chavez, Irapuato",played,True,False
1986_15,,1986,World Cup 1986,Matchday 2,1986-06-05,,France,Soviet Union,1.0,1.0,2.0,,,,,,,1.0,1.0,2.0,,,,Group C,"Estadio Nou Camp, León",played,True,False
1986_16,,1986,World Cup 1986,Matchday 2,1986-06-06,,Hungary,Canada,2.0,0.0,2.0,,,,,,,2.0,0.0,2.0,,,,Group C,"Estadio Sergio León Chavez, Irapuato",played,True,False
1986_17,,1986,World Cup 1986,Matchday 3,1986-06-09,,Hungary,France,0.0,3.0,3.0,,,,,,,0.0,3.0,3.0,,,,Group C,"Estadio Nou Camp, León",played,True,False
1986_18,,1986,World Cup 1986,Matchday 3,1986-06-09,,Soviet Union,Canada,2.0,0.0,2.0,,,,,,,2.0,0.0,2.0,,,,Group C,"Estadio Sergio León Chavez, Irapuato",played,True,False
1986_19,,1986,World Cup 1986,Matchday 1,1986-06-01,,Spain,Brazil,0.0,1.0,1.0,,,,,,,0.0,1.0,1.0,,,,Group D,"Estadio Jalisco, Guadalajara",played,True,False
1986_20,,1986,World Cup 1986,Matchday 1,1986-06-03,,Algeria,Northern Ireland,1.0,1.0,2.0,,,,,,,1.0,1.0,2.0,,,,Group D,"Estadio Tres de Marzo, Guadalajara",played,True,False
1986_21,,1986,World Cup 1986,Matchday 2,1986-06-06,,Brazil,Algeria,1.0,0.0,1.0,,,,,,,1.0,0.0,1.0,,,,Group D,"Estadio Jalisco, Guadalajara",played,True,False
1986_22,,1986,World Cup 1986,Matchday 2,1986-06-07,,Northern Ireland,Spain,1.0,2.0,3.0,,,,,,,1.0,2.0,3.0,,,,Group D,"Estadio Tres de Marzo, Guadalajara",played,True,False
1986_23,,1986,World Cup 1986,Matchday 3,1986-06-12,,Northern Ireland,Brazil,0.0,3.0,3.0,,,,,,,0.0,3.0,3.0,,,,Group D,"Estadio Jalisco, Guadalajara",played,True,False
1986_24,,1986,World Cup 1986,Matchday 3,1986-06-12,,Algeria,Spain,0.0,3.0,3.0,,,,,,,0.0,3.0,3.0,,,,Group D,"Estadio Tecnológico, Monterrey",played,True,False
1986_25,,1986,World Cup 1986,Matchday 1,1986-06-04,,Uruguay,West Germany,1.0,1.0,2.0,,,,,,,1.0,1.0,2.0,,,,Group E,"Estadio La Corregidora, Querétaro",played,True,False
1986_26,,1986,World Cup 1986,Matchday 1,1986-06-04,,Scotland,Denmark,0.0,1.0,1.0,,,,,,,0.0,1.0,1.0,,,,Group E,"Estadio Neza 86, Nezahualcóyotl",played,True,False
1986_27,,1986,World Cup 1986,Matchday 2,1986-06-08,,West Germany,Scotland,2.0,1.0,3.0,,,,,,,2.0,1.0,3.0,,,,Group E,"Estadio La Corregidora, Querétaro",played,True,False
1986_28,,1986,World Cup 1986,Matchday 2,1986-06-08,,Denmark,Uruguay,6.0,1.0,7.0,,,,,,,6.0,1.0,7.0,,,,Group E,"Estadio Neza 86, Nezahualcóyotl",played,True,False
1986_29,,1986,World Cup 1986,Matchday 3,1986-06-13,,Denmark,West Germany,2.0,0.0,2.0,,,,,,,2.0,0.0,2.0,,,,Group E,"Estadio La Corregidora, Querétaro",played,True,False
1986_30,,1986,World Cup 1986,Matchday 3,1986-06-13,,Scotland,Uruguay,0.0,0.0,0.0,,,,,,,0.0,0.0,0.0,,,,Group E,"Estadio Neza 86, Nezahualcóyotl",played,True,False
1986_31,,1986,World Cup 1986,Matchday 1,1986-06-02,,Morocco,Poland,0.0,0.0,0.0,,,,,,,0.0,0.0,0.0,,,,Group F,"Estadio Universitario, Monterrey",played,True,False
1986_32,,1986,World Cup 1986,Matchday 1,1986-06-03,,Portugal,England,1.0,0.0,1.0,,,,,,,1.0,0.0,1.0,,,,Group F,"Estadio Tecnológico, Monterrey",played,True,False
1986_33,,1986,World Cup 1986,Matchday 2,1986-06-06,,England,Morocco,0.0,0.0,0.0,,,,,,,0.0,0.0,0.0,,,,Group F,"Estadio Tecnológico, Monterrey",played,True,False
1986_34,,1986,World Cup 1986,Matchday 2,1986-06-07,,Poland,Portugal,1.0,0.0,1.0,,,,,,,1.0,0.0,1.0,,,,Group F,"Estadio Universitario, Monterrey",played,True,False
1986_35,,1986,World Cup 1986,Matchday 3,1986-06-11,,Portugal,Morocco,1.0,3.0,4.0,,,,,,,1.0,3.0,4.0,,,,Group F,"Estadio Tres de Marzo, Guadalajara",played,True,False
1986_36,,1986,World Cup 1986,Matchday 3,1986-06-11,,England,Poland,3.0,0.0,3.0,,,,,,,3.0,0.0,3.0,,,,Group F,"Estadio Tecnológico, Monterrey",played,True,False
1986_37,,1986,World Cup 1986,Round of 16,1986-06-15,,Mexico,Bulgaria,2.0,0.0,2.0,,,,,,,2.0,0.0,2.0,,,,,"Estadio Azteca, Mexico City",played,True,False
1986_38,,1986,World Cup 1986,Round of 16,1986-06-15,,Soviet Union,Belgium,2.0,2.0,4.0,,,,3.0,4.0,7.0,3.0,4.0,7.0,,,,,"Estadio Nou Camp, León",played,True,False
1986_39,,1986,World Cup 1986,Round of 16,1986-06-16,,Argentina,Uruguay,1.0,0.0,1.0,,,,,,,1.0,0.0,1.0,,,,,"Estadio Cuauhtémoc, Puebla",played,True,False
1986_40,,1986,World Cup 1986,Round of 16,1986-06-16,,Brazil,Poland,4.0,0.0,4.0,,,,,,,4.0,0.0,4.0,,,,,"Estadio Jalisco, Guadalajara",played,True,False
1986_41,,1986,World Cup 1986,Round of 16,1986-06-17,,Italy,France,0.0,2.0,2.0,,,,,,,0.0,2.0,2.0,,,,,"Estadio Olímpico Universitario, Mexico City",played,True,False
1986_42,,1986,World Cup 1986,Round of 16,1986-06-17,,Morocco,West Germany,0.0,1.0,1.0,,,,,,,0.0,1.0,1.0,,,,,"Estadio Universitario, Monterrey",played,True,False
1986_43,,1986,World Cup 1986,Round of 16,1986-06-18,,England,Paraguay,3.0,0.0,3.0,,,,,,,3.0,0.0,3.0,,,,,"Estadio Azteca, Mexico City",played,True,False
1986_44,,1986,World Cup 1986,Round of 16,1986-06-18,,Denmark,Spain,1.0,5.0,6.0,,,,,,,1.0,5.0,6.0,,,,,"Estadio La Corregidora, Querétaro",played,True,False
1986_45,,1986,World Cup 1986,Quarter-finals,1986-06-21,,Brazil,France,1.0,1.0,2.0,,,,1.0,1.0,2.0,1.0,1.0,2.0,3.0,4.0,7.0,,"Estadio Jalisco, Guadalajara",played,True,False
1986_46,,1986,World Cup 1986,Quarter-finals,1986-06-21,,West Germany,Mexico,0.0,0.0,0.0,,,,0.0,0.0,0.0,0.0,0.0,0.0,4.0,1.0,5.0,,"Estadio Universitario, Monterrey",played,True,False
1986_47,,1986,World Cup 1986,Quarter-finals,1986-06-22,,Spain,Belgium,1.0,1.0,2.0,,,,1.0,1.0,2.0,1.0,1.0,2.0,4.0,5.0,9.0,,"Estadio Cuauhtémoc, Puebla",played,True,False
1986_48,,1986,World Cup 1986,Quarter-finals,1986-06-22,,Argentina,England,2.0,1.0,3.0,,,,,,,2.0,1.0,3.0,,,,,"Estadio Azteca, Mexico City",played,True,False
1986_49,,1986,World Cup 1986,Semi-finals,1986-06-25,,Argentina,Belgium,2.0,0.0,2.0,,,,,,,2.0,0.0,2.0,,,,,"Estadio Azteca, Mexico City",played,True,False
1986_50,,1986,World Cup 1986,Semi-finals,1986-06-25,,France,West Germany,0.0,2.0,2.0,,,,,,,0.0,2.0,2.0,,,,,"Estadio Jalisco, Guadalajara",played,True,False
1986_51,,1986,World Cup 1986,Third place match,1986-06-28,,France,Belgium,2.0,2.0,4.0,,,,4.0,2.0,6.0,4.0,2.0,6.0,,,,,"Estadio Cuauhtémoc, Puebla",played,True,False
1986_52,,1986,World Cup 1986,Final,1986-06-29,,Argentina,West Germany,3.0,2.0,5.0,,,,,,,3.0,2.0,5.0,,,,,"Estadio Azteca, Mexico City",played,True,False
1990_1,,1990,World Cup 1990,Matchday 1,1990-06-09,,Italy,Austria,1.0,0.0,1.0,,,,,,,1.0,0.0,1.0,,,,Group A,"Stadio Olimpico, Rome",played,True,False
1990_2,,1990,World Cup 1990,Matchday 1,1990-06-10,,United States,Czechoslovakia,1.0,5.0,6.0,,,,,,,1.0,5.0,6.0,,,,Group A,"Stadio Comunale, Florence",played,True,False
1990_3,,1990,World Cup 1990,Matchday 2,1990-06-14,,Italy,United States,1.0,0.0,1.0,,,,,,,1.0,0.0,1.0,,,,Group A,"Stadio Olimpico, Rome",played,True,False
1990_4,,1990,World Cup 1990,Matchday 2,1990-06-15,,Austria,Czechoslovakia,0.0,1.0,1.0,,,,,,,0.0,1.0,1.0,,,,Group A,"Stadio Comunale, Florence",played,True,False
1990_5,,1990,World Cup 1990,Matchday 3,1990-06-19,,Italy,Czechoslovakia,2.0,0.0,2.0,,,,,,,2.0,0.0,2.0,,,,Group A,"Stadio Olimpico, Rome",played,True,False
1990_6,,1990,World Cup 1990,Matchday 3,1990-06-19,,Austria,United States,2.0,1.0,3.0,,,,,,,2.0,1.0,3.0,,,,Group A,"Stadio Comunale, Florence",played,True,False
1990_7,,1990,World Cup 1990,Matchday 1,1990-06-08,,Argentina,Cameroon,0.0,1.0,1.0,,,,,,,0.0,1.0,1.0,,,,Group B,"San Siro, Milan",played,True,False
1990_8,,1990,World Cup 1990,Matchday 1,1990-06-09,,Soviet Union,Romania,0.0,2.0,2.0,,,,,,,0.0,2.0,2.0,,,,Group B,"Stadio San Nicola, Bari",played,True,False
1990_9,,1990,World Cup 1990,Matchday 1,1990-06-13,,Argentina,Soviet Union,2.0,0.0,2.0,,,,,,,2.0,0.0,2.0,,,,Group B,"Stadio San Paolo, Naples",played,True,False
1990_10,,1990,World Cup 1990,Matchday 2,1990-06-14,,Cameroon,Romania,2.0,1.0,3.0,,,,,,,2.0,1.0,3.0,,,,Group B,"Stadio San Nicola, Bari",played,True,False
1990_11,,1990,World Cup 1990,Matchday 3,1990-06-18,,Argentina,Romania,1.0,1.0,2.0,,,,,,,1.0,1.0,2.0,,,,Group B,"Stadio San Paolo, Naples",played,True,False
1990_12,,1990,World Cup 1990,Matchday 3,1990-06-18,,Cameroon,Soviet Union,0.0,4.0,4.0,,,,,,,0.0,4.0,4.0,,,,Group B,"Stadio San Nicola, Bari",played,True,False
1990_13,,1990,World Cup 1990,Matchday 1,1990-06-10,,Brazil,Sweden,2.0,1.0,3.0,,,,,,,2.0,1.0,3.0,,,,Group C,"Stadio Delle Alpi, Turin",played,True,False
1990_14,,1990,World Cup 1990,Matchday 1,1990-06-11,,Costa Rica,Scotland,1.0,0.0,1.0,,,,,,,1.0,0.0,1.0,,,,Group C,"Stadio Luigi Ferraris, Genoa",played,True,False
1990_15,,1990,World Cup 1990,Matchday 2,1990-06-16,,Brazil,Costa Rica,1.0,0.0,1.0,,,,,,,1.0,0.0,1.0,,,,Group C,"Stadio Delle Alpi, Turin",played,True,False
1990_16,,1990,World Cup 1990,Matchday 2,1990-06-16,,Sweden,Scotland,1.0,2.0,3.0,,,,,,,1.0,2.0,3.0,,,,Group C,"Stadio Luigi Ferraris, Genoa",played,True,False
1990_17,,1990,World Cup 1990,Matchday 3,1990-06-20,,Brazil,Scotland,1.0,0.0,1.0,,,,,,,1.0,0.0,1.0,,,,Group C,"Stadio Delle Alpi, Turin",played,True,False
1990_18,,1990,World Cup 1990,Matchday 3,1990-06-20,,Sweden,Costa Rica,1.0,2.0,3.0,,,,,,,1.0,2.0,3.0,,,,Group C,"Stadio Luigi Ferraris, Genoa",played,True,False
1990_19,,1990,World Cup 1990,Matchday 1,1990-06-09,,United Arab Emirates,Colombia,0.0,2.0,2.0,,,,,,,0.0,2.0,2.0,,,,Group D,"Stadio Renato Dall'Ara, Bologna",played,True,False
1990_20,,1990,World Cup 1990,Matchday 1,1990-06-10,,West Germany,Yugoslavia,4.0,1.0,5.0,,,,,,,4.0,1.0,5.0,,,,Group D,"San Siro, Milan",played,True,False
1990_21,,1990,World Cup 1990,Matchday 2,1990-06-14,,Yugoslavia,Colombia,1.0,0.0,1.0,,,,,,,1.0,0.0,1.0,,,,Group D,"Stadio Renato Dall'Ara, Bologna",played,True,False
1990_22,,1990,World Cup 1990,Matchday 2,1990-06-15,,West Germany,United Arab Emirates,5.0,1.0,6.0,,,,,,,5.0,1.0,6.0,,,,Group D,"San Siro, Milan",played,True,False
1990_23,,1990,World Cup 1990,Matchday 3,1990-06-19,,West Germany,Colombia,1.0,1.0,2.0,,,,,,,1.0,1.0,2.0,,,,Group D,"San Siro, Milan",played,True,False
1990_24,,1990,World Cup 1990,Matchday 3,1990-06-19,,Yugoslavia,United Arab Emirates,4.0,1.0,5.0,,,,,,,4.0,1.0,5.0,,,,Group D,"Stadio Renato Dall'Ara, Bologna",played,True,False
1990_25,,1990,World Cup 1990,Matchday 1,1990-06-12,,Belgium,South Korea,2.0,0.0,2.0,,,,,,,2.0,0.0,2.0,,,,Group E,"Stadio Marc'Antonio Bentegodi, Verona",played,True,False
1990_26,,1990,World Cup 1990,Matchday 1,1990-06-13,,Uruguay,Spain,0.0,0.0,0.0,,,,,,,0.0,0.0,0.0,,,,Group E,"Stadio Friuli, Udine",played,True,False
1990_27,,1990,World Cup 1990,Matchday 2,1990-06-17,,Belgium,Uruguay,3.0,1.0,4.0,,,,,,,3.0,1.0,4.0,,,,Group E,"Stadio Marc'Antonio Bentegodi, Verona",played,True,False
1990_28,,1990,World Cup 1990,Matchday 2,1990-06-17,,South Korea,Spain,1.0,3.0,4.0,,,,,,,1.0,3.0,4.0,,,,Group E,"Stadio Friuli, Udine",played,True,False
1990_29,,1990,World Cup 1990,Matchday 3,1990-06-21,,Belgium,Spain,1.0,2.0,3.0,,,,,,,1.0,2.0,3.0,,,,Group E,"Stadio Marc'Antonio Bentegodi, Verona",played,True,False
1990_30,,1990,World Cup 1990,Matchday 3,1990-06-21,,South Korea,Uruguay,0.0,1.0,1.0,,,,,,,0.0,1.0,1.0,,,,Group E,"Stadio Friuli, Udine",played,True,False
1990_31,,1990,World Cup 1990,Matchday 1,1990-06-11,,England,Ireland,1.0,1.0,2.0,,,,,,,1.0,1.0,2.0,,,,Group F,"Stadio Sant'Elia, Cagliari",played,True,False
1990_32,,1990,World Cup 1990,Matchday 1,1990-06-12,,Netherlands,Egypt,1.0,1.0,2.0,,,,,,,1.0,1.0,2.0,,,,Group F,"Stadio La Favorita, Palermo",played,True,False
1990_33,,1990,World Cup 1990,Matchday 2,1990-06-16,,England,Netherlands,0.0,0.0,0.0,,,,,,,0.0,0.0,0.0,,,,Group F,"Stadio Sant'Elia, Cagliari",played,True,False
1990_34,,1990,World Cup 1990,Matchday 2,1990-06-17,,Ireland,Egypt,0.0,0.0,0.0,,,,,,,0.0,0.0,0.0,,,,Group F,"Stadio La Favorita, Palermo",played,True,False
1990_35,,1990,World Cup 1990,Matchday 3,1990-06-21,,England,Egypt,1.0,0.0,1.0,,,,,,,1.0,0.0,1.0,,,,Group F,"Stadio Sant'Elia, Cagliari",played,True,False
1990_36,,1990,World Cup 1990,Matchday 3,1990-06-21,,Ireland,Netherlands,1.0,1.0,2.0,,,,,,,1.0,1.0,2.0,,,,Group F,"Stadio La Favorita, Palermo",played,True,False
1990_37,,1990,World Cup 1990,Round of 16,1990-06-23,,Cameroon,Colombia,0.0,0.0,0.0,,,,2.0,1.0,3.0,2.0,1.0,3.0,,,,,"Stadio San Paolo, Naples",played,True,False
1990_38,,1990,World Cup 1990,Round of 16,1990-06-23,,Czechoslovakia,Costa Rica,4.0,1.0,5.0,,,,,,,4.0,1.0,5.0,,,,,"Stadio San Nicola, Bari",played,True,False
1990_39,,1990,World Cup 1990,Round of 16,1990-06-24,,Brazil,Argentina,0.0,1.0,1.0,,,,,,,0.0,1.0,1.0,,,,,"Stadio Delle Alpi, Turin",played,True,False
1990_40,,1990,World Cup 1990,Round of 16,1990-06-24,,West Germany,Netherlands,2.0,1.0,3.0,,,,,,,2.0,1.0,3.0,,,,,"San Siro, Milan",played,True,False
1990_41,,1990,World Cup 1990,Round of 16,1990-06-25,,Ireland,Romania,0.0,0.0,0.0,,,,0.0,0.0,0.0,0.0,0.0,0.0,5.0,4.0,9.0,,"Stadio Luigi Ferraris, Genoa",played,True,False
1990_42,,1990,World Cup 1990,Round of 16,1990-06-25,,Italy,Uruguay,2.0,0.0,2.0,,,,,,,2.0,0.0,2.0,,,,,"Stadio Olimpico, Rome",played,True,False
1990_43,,1990,World Cup 1990,Round of 16,1990-06-26,,Spain,Yugoslavia,1.0,1.0,2.0,,,,1.0,2.0,3.0,1.0,2.0,3.0,,,,,"Stadio Marc'Antonio Bentegodi, Verona",played,True,False
1990_44,,1990,World Cup 1990,Round of 16,1990-06-26,,England,Belgium,0.0,0.0,0.0,,,,1.0,0.0,1.0,1.0,0.0,1.0,,,,,"Stadio Renato Dall'Ara, Bologna",played,True,False
1990_45,,1990,World Cup 1990,Quarter-finals,1990-06-30,,Yugoslavia,Argentina,0.0,0.0,0.0,,,,0.0,0.0,0.0,0.0,0.0,0.0,2.0,3.0,5.0,,"Stadio Artemio Franchi, Florence",played,True,False
1990_46,,1990,World Cup 1990,Quarter-finals,1990-06-30,,Italy,Ireland,1.0,0.0,1.0,,,,,,,1.0,0.0,1.0,,,,,"Stadio Olimpico, Rome",played,True,False
1990_47,,1990,World Cup 1990,Quarter-finals,1990-07-01,,West Germany,Czechoslovakia,1.0,0.0,1.0,,,,,,,1.0,0.0,1.0,,,,,"San Siro, Milan",played,True,False
1990_48,,1990,World Cup 1990,Quarter-finals,1990-07-01,,England,Cameroon,2.0,2.0,4.0,,,,3.0,2.0,5.0,3.0,2.0,5.0,,,,,"Stadio San Paolo, Naples",played,True,False
1990_49,,1990,World Cup 1990,Semi-finals,1990-07-03,,Italy,Argentina,1.0,1.0,2.0,,,,1.0,1.0,2.0,1.0,1.0,2.0,3.0,4.0,7.0,,"Stadio San Paolo, Naples",played,True,True
1990_50,,1990,World Cup 1990,Semi-finals,1990-07-04,,West Germany,England,1.0,1.0,2.0,,,,1.0,1.0,2.0,1.0,1.0,2.0,4.0,3.0,7.0,,"Stadio delle Alpi, Turin",played,True,True
1990_51,,1990,World Cup 1990,Third place match,1990-07-07,,Italy,England,2.0,1.0,3.0,,,,,,,2.0,1.0,3.0,,,,,"Stadio San Nicola, Bari",played,True,True
1990_52,,1990,World Cup 1990,Final,1990-07-08,,West Germany,Argentina,1.0,0.0,1.0,,,,,,,1.0,0.0,1.0,,,,,"Stadio Olimpico, Rome",played,True,True
1994_1,,1994,World Cup 1994,Matchday 1,1994-06-18,,USA,Switzerland,1.0,1.0,2.0,,,,,,,1.0,1.0,2.0,,,,Group A,"Pontiac Silverdome, Pontiac",played,True,False
1994_2,,1994,World Cup 1994,Matchday 1,1994-06-18,,Colombia,Romania,1.0,3.0,4.0,,,,,,,1.0,3.0,4.0,,,,Group A,"Rose Bowl, Pasadena",played,True,False
1994_3,,1994,World Cup 1994,Matchday 2,1994-06-22,,Romania,Switzerland,1.0,4.0,5.0,,,,,,,1.0,4.0,5.0,,,,Group A,"Pontiac Silverdome, Pontiac",played,True,False
1994_4,,1994,World Cup 1994,Matchday 2,1994-06-22,,USA,Colombia,2.0,1.0,3.0,,,,,,,2.0,1.0,3.0,,,,Group A,"Rose Bowl, Pasadena",played,True,False
1994_5,,1994,World Cup 1994,Matchday 2,1994-06-26,,USA,Romania,0.0,1.0,1.0,,,,,,,0.0,1.0,1.0,,,,Group A,"Rose Bowl, Pasadena",played,True,False
1994_6,,1994,World Cup 1994,Matchday 2,1994-06-26,,Switzerland,Colombia,0.0,2.0,2.0,,,,,,,0.0,2.0,2.0,,,,Group A,"Stanford Stadium, Stanford",played,True,False
1994_7,,1994,World Cup 1994,Matchday 1,1994-06-19,,Cameroon,Sweden,2.0,2.0,4.0,,,,,,,2.0,2.0,4.0,,,,Group B,"Rose Bowl, Pasadena",played,True,False
1994_8,,1994,World Cup 1994,Matchday 1,1994-06-20,,Brazil,Russia,2.0,0.0,2.0,,,,,,,2.0,0.0,2.0,,,,Group B,"Stanford Stadium, Stanford",played,True,False
1994_9,,1994,World Cup 1994,Matchday 2,1994-06-24,,Brazil,Cameroon,3.0,0.0,3.0,,,,,,,3.0,0.0,3.0,,,,Group B,"Stanford Stadium, Stanford",played,True,False
1994_10,,1994,World Cup 1994,Matchday 2,1994-06-24,,Sweden,Russia,3.0,1.0,4.0,,,,,,,3.0,1.0,4.0,,,,Group B,"Pontiac Silverdome, Pontiac",played,True,False
1994_11,,1994,World Cup 1994,Matchday 3,1994-06-28,,Russia,Cameroon,6.0,1.0,7.0,,,,,,,6.0,1.0,7.0,,,,Group B,"Stanford Stadium, Stanford",played,True,False
1994_12,,1994,World Cup 1994,Matchday 3,1994-06-28,,Brazil,Sweden,1.0,1.0,2.0,,,,,,,1.0,1.0,2.0,,,,Group B,"Pontiac Silverdome, Pontiac",played,True,False
1994_13,,1994,World Cup 1994,Matchday 1,1994-06-17,,Germany,Bolivia,1.0,0.0,1.0,,,,,,,1.0,0.0,1.0,,,,Group C,"Soldier Field, Chicago",played,True,False
1994_14,,1994,World Cup 1994,Matchday 1,1994-06-17,,Spain,South Korea,2.0,2.0,4.0,,,,,,,2.0,2.0,4.0,,,,Group C,"Cotton Bowl, Dallas",played,True,False
1994_15,,1994,World Cup 1994,Matchday 1,1994-06-21,,Germany,Spain,1.0,1.0,2.0,,,,,,,1.0,1.0,2.0,,,,Group C,"Soldier Field, Chicago",played,True,False
1994_16,,1994,World Cup 1994,Matchday 2,1994-06-23,,South Korea,Bolivia,0.0,0.0,0.0,,,,,,,0.0,0.0,0.0,,,,Group C,"Foxboro Stadium, Foxborough",played,True,False
1994_17,,1994,World Cup 1994,Matchday 3,1994-06-27,,Bolivia,Spain,1.0,3.0,4.0,,,,,,,1.0,3.0,4.0,,,,Group C,"Soldier Field, Chicago",played,True,False
1994_18,,1994,World Cup 1994,Matchday 3,1994-06-27,,Germany,South Korea,3.0,2.0,5.0,,,,,,,3.0,2.0,5.0,,,,Group C,"Cotton Bowl, Dallas",played,True,False
1994_19,,1994,World Cup 1994,Matchday 1,1994-06-21,,Argentina,Greece,4.0,0.0,4.0,,,,,,,4.0,0.0,4.0,,,,Group D,"Foxboro Stadium, Foxborough",played,True,False
1994_20,,1994,World Cup 1994,Matchday 1,1994-06-21,,Nigeria,Bulgaria,3.0,0.0,3.0,,,,,,,3.0,0.0,3.0,,,,Group D,"Cotton Bowl, Dallas",played,True,False
1994_21,,1994,World Cup 1994,Matchday 2,1994-06-25,,Argentina,Nigeria,2.0,1.0,3.0,,,,,,,2.0,1.0,3.0,,,,Group D,"Foxboro Stadium, Foxborough",played,True,False
1994_22,,1994,World Cup 1994,Matchday 2,1994-06-26,,Greece,Bulgaria,0.0,4.0,4.0,,,,,,,0.0,4.0,4.0,,,,Group D,"Soldier Field, Chicago",played,True,False
1994_23,,1994,World Cup 1994,Matchday 3,1994-06-30,,Greece,Nigeria,0.0,2.0,2.0,,,,,,,0.0,2.0,2.0,,,,Group D,"Foxboro Stadium, Foxborough",played,True,False
1994_24,,1994,World Cup 1994,Matchday 3,1994-06-30,,Argentina,Bulgaria,0.0,2.0,2.0,,,,,,,0.0,2.0,2.0,,,,Group D,"Cotton Bowl, Dallas",played,True,False
1994_25,,1994,World Cup 1994,Matchday 1,1994-06-18,,Italy,Ireland,0.0,1.0,1.0,,,,,,,0.0,1.0,1.0,,,,Group E,"Giants Stadium, East Rutherford",played,True,False
1994_26,,1994,World Cup 1994,Matchday 1,1994-06-19,,Norway,Mexico,1.0,0.0,1.0,,,,,,,1.0,0.0,1.0,,,,Group E,"RFK Stadium, Washington",played,True,False
1994_27,,1994,World Cup 1994,Matchday 2,1994-06-23,,Italy,Norway,1.0,0.0,1.0,,,,,,,1.0,0.0,1.0,,,,Group E,"Giants Stadium, East Rutherford",played,True,False
1994_28,,1994,World Cup 1994,Matchday 2,1994-06-24,,Mexico,Ireland,2.0,1.0,3.0,,,,,,,2.0,1.0,3.0,,,,Group E,"Citrus Bowl, Orlando",played,True,False
1994_29,,1994,World Cup 1994,Matchday 3,1994-06-28,,Ireland,Norway,0.0,0.0,0.0,,,,,,,0.0,0.0,0.0,,,,Group E,"Giants Stadium, East Rutherford",played,True,False
1994_30,,1994,World Cup 1994,Matchday 3,1994-06-28,,Italy,Mexico,1.0,1.0,2.0,,,,,,,1.0,1.0,2.0,,,,Group E,"RFK Stadium, Washington",played,True,False
1994_31,,1994,World Cup 1994,Matchday 1,1994-06-19,,Belgium,Morocco,1.0,0.0,1.0,,,,,,,1.0,0.0,1.0,,,,Group F,"Citrus Bowl, Orlando",played,True,False
1994_32,,1994,World Cup 1994,Matchday 1,1994-06-20,,Netherlands,Saudi Arabia,2.0,1.0,3.0,,,,,,,2.0,1.0,3.0,,,,Group F,"RFK Stadium, Washington",played,True,False
1994_33,,1994,World Cup 1994,Matchday 2,1994-06-25,,Belgium,Netherlands,1.0,0.0,1.0,,,,,,,1.0,0.0,1.0,,,,Group F,"Citrus Bowl, Orlando",played,True,False
1994_34,,1994,World Cup 1994,Matchday 2,1994-06-25,,Saudi Arabia,Morocco,2.0,1.0,3.0,,,,,,,2.0,1.0,3.0,,,,Group F,"Giants Stadium, East Rutherford",played,True,False
1994_35,,1994,World Cup 1994,Matchday 3,1994-06-29,,Morocco,Netherlands,1.0,2.0,3.0,,,,,,,1.0,2.0,3.0,,,,Group F,"Citrus Bowl, Orlando",played,True,False
1994_36,,1994,World Cup 1994,Matchday 3,1994-06-29,,Belgium,Saudi Arabia,0.0,1.0,1.0,,,,,,,0.0,1.0,1.0,,,,Group F,"RFK Stadium, Washington",played,True,False
1994_37,,1994,World Cup 1994,Round of 16,1994-07-02,,Germany,Belgium,3.0,2.0,5.0,,,,,,,3.0,2.0,5.0,,,,,"Soldier Field, Chicago",played,True,False
1994_38,,1994,World Cup 1994,Round of 16,1994-07-02,,Spain,Switzerland,3.0,0.0,3.0,,,,,,,3.0,0.0,3.0,,,,,"RFK Stadium, Washington",played,True,False
1994_39,,1994,World Cup 1994,Round of 16,1994-07-03,,Saudi Arabia,Sweden,1.0,3.0,4.0,,,,,,,1.0,3.0,4.0,,,,,"Cotton Bowl, Dallas",played,True,False
1994_40,,1994,World Cup 1994,Round of 16,1994-07-03,,Romania,Argentina,3.0,2.0,5.0,,,,,,,3.0,2.0,5.0,,,,,"Rose Bowl, Pasadena",played,True,False
1994_41,,1994,World Cup 1994,Round of 16,1994-07-04,,Netherlands,Ireland,2.0,0.0,2.0,,,,,,,2.0,0.0,2.0,,,,,"Citrus Bowl, Orlando",played,True,False
1994_42,,1994,World Cup 1994,Round of 16,1994-07-04,,Brazil,USA,1.0,0.0,1.0,,,,,,,1.0,0.0,1.0,,,,,"Stanford Stadium, Stanford",played,True,False
1994_43,,1994,World Cup 1994,Round of 16,1994-07-05,,Nigeria,Italy,1.0,1.0,2.0,,,,1.0,2.0,3.0,1.0,2.0,3.0,,,,,"Foxboro Stadium, Foxborough",played,True,False
1994_44,,1994,World Cup 1994,Round of 16,1994-07-05,,Mexico,Bulgaria,1.0,1.0,2.0,,,,1.0,1.0,2.0,1.0,1.0,2.0,1.0,3.0,4.0,,"Giants Stadium, East Rutherford",played,True,False
1994_45,,1994,World Cup 1994,Quarter-finals,1994-07-09,,Italy,Spain,2.0,1.0,3.0,,,,,,,2.0,1.0,3.0,,,,,"Foxboro Stadium, Foxborough",played,True,False
1994_46,,1994,World Cup 1994,Quarter-finals,1994-07-09,,Netherlands,Brazil,2.0,3.0,5.0,,,,,,,2.0,3.0,5.0,,,,,"Cotton Bowl, Dallas",played,True,False
1994_47,,1994,World Cup 1994,Quarter-finals,1994-07-10,,Bulgaria,Germany,2.0,1.0,3.0,,,,,,,2.0,1.0,3.0,,,,,"Giants Stadium, East Rutherford",played,True,False
1994_48,,1994,World Cup 1994,Quarter-finals,1994-07-10,,Romania,Sweden,1.0,1.0,2.0,,,,2.0,2.0,4.0,2.0,2.0,4.0,4.0,5.0,9.0,,"Stanford Stadium, Stanford",played,True,False
1994_49,,1994,World Cup 1994,Semi-finals,1994-07-13,,Bulgaria,Italy,1.0,2.0,3.0,,,,,,,1.0,2.0,3.0,,,,,"Giants Stadium, East Rutherford",played,True,False
1994_50,,1994,World Cup 1994,Semi-finals,1994-07-13,,Sweden,Brazil,0.0,1.0,1.0,,,,,,,0.0,1.0,1.0,,,,,"Rose Bowl, Pasadena",played,True,False
1994_51,,1994,World Cup 1994,Third-place match,1994-07-16,,Sweden,Bulgaria,4.0,0.0,4.0,,,,,,,4.0,0.0,4.0,,,,,"Rose Bowl, Pasadena",played,True,False
1994_52,,1994,World Cup 1994,Final,1994-07-17,,Brazil,Italy,0.0,0.0,0.0,,,,0.0,0.0,0.0,0.0,0.0,0.0,3.0,2.0,5.0,,"Rose Bowl, Pasadena",played,True,False
1998_1,,1998,World Cup 1998,Matchday 1,1998-06-10,,Brazil,Scotland,2.0,1.0,3.0,,,,,,,2.0,1.0,3.0,,,,Group A,"Stade de France, Saint-Denis",played,True,False
1998_2,,1998,World Cup 1998,Matchday 1,1998-06-10,,Morocco,Norway,2.0,2.0,4.0,,,,,,,2.0,2.0,4.0,,,,Group A,"Stade de la Mosson, Montpellier",played,True,False
1998_3,,1998,World Cup 1998,Matchday 2,1998-06-16,,Scotland,Norway,1.0,1.0,2.0,,,,,,,1.0,1.0,2.0,,,,Group A,"Parc Lescure, Bordeaux",played,True,False
1998_4,,1998,World Cup 1998,Matchday 2,1998-06-16,,Brazil,Morocco,3.0,0.0,3.0,,,,,,,3.0,0.0,3.0,,,,Group A,"Stade de la Beaujoire, Nantes",played,True,False
1998_5,,1998,World Cup 1998,Matchday 3,1998-06-23,,Scotland,Morocco,0.0,3.0,3.0,,,,,,,0.0,3.0,3.0,,,,Group A,"Stade Geoffroy-Guichard, Saint-Étienne",played,True,False
1998_6,,1998,World Cup 1998,Matchday 3,1998-06-23,,Brazil,Norway,1.0,2.0,3.0,,,,,,,1.0,2.0,3.0,,,,Group A,"Stade Vélodrome, Marseille",played,True,False
1998_7,,1998,World Cup 1998,Matchday 1,1998-06-11,,Cameroon,Austria,1.0,1.0,2.0,,,,,,,1.0,1.0,2.0,,,,Group B,"Stade de Toulouse, Toulouse",played,True,False
1998_8,,1998,World Cup 1998,Matchday 1,1998-06-11,,Italy,Chile,2.0,2.0,4.0,,,,,,,2.0,2.0,4.0,,,,Group B,"Parc Lescure, Bordeaux",played,True,False
1998_9,,1998,World Cup 1998,Matchday 2,1998-06-17,,Chile,Austria,1.0,1.0,2.0,,,,,,,1.0,1.0,2.0,,,,Group B,"Stade Geoffroy-Guichard, Saint-Étienne",played,True,False
1998_10,,1998,World Cup 1998,Matchday 2,1998-06-17,,Italy,Cameroon,3.0,0.0,3.0,,,,,,,3.0,0.0,3.0,,,,Group B,"Stade de la Mosson, Montpellier",played,True,False
1998_11,,1998,World Cup 1998,Matchday 3,1998-06-23,,Italy,Austria,2.0,1.0,3.0,,,,,,,2.0,1.0,3.0,,,,Group B,"Stade de France, Saint-Denis",played,True,False
1998_12,,1998,World Cup 1998,Matchday 3,1998-06-23,,Chile,Cameroon,1.0,1.0,2.0,,,,,,,1.0,1.0,2.0,,,,Group B,"Stade de la Beaujoire, Nantes",played,True,False
1998_13,,1998,World Cup 1998,Matchday 1,1998-06-12,,Saudi Arabia,Denmark,0.0,1.0,1.0,,,,,,,0.0,1.0,1.0,,,,Group C,"Stade Félix Bollaert, Lens",played,True,False
1998_14,,1998,World Cup 1998,Matchday 1,1998-06-12,,France,South Africa,3.0,0.0,3.0,,,,,,,3.0,0.0,3.0,,,,Group C,"Stade Vélodrome, Marseille",played,True,False
1998_15,,1998,World Cup 1998,Matchday 2,1998-06-18,,France,Saudi Arabia,4.0,0.0,4.0,,,,,,,4.0,0.0,4.0,,,,Group C,"Stade de France, Saint-Denis",played,True,False
1998_16,,1998,World Cup 1998,Matchday 2,1998-06-18,,South Africa,Denmark,1.0,1.0,2.0,,,,,,,1.0,1.0,2.0,,,,Group C,"Stade de Toulouse, Toulouse",played,True,False
1998_17,,1998,World Cup 1998,Matchday 3,1998-06-24,,France,Denmark,2.0,1.0,3.0,,,,,,,2.0,1.0,3.0,,,,Group C,"Stade Gerland, Lyon",played,True,False
1998_18,,1998,World Cup 1998,Matchday 3,1998-06-24,,South Africa,Saudi Arabia,2.0,2.0,4.0,,,,,,,2.0,2.0,4.0,,,,Group C,"Parc Lescure, Bordeaux",played,True,False
1998_19,,1998,World Cup 1998,Matchday 1,1998-06-12,,Paraguay,Bulgaria,0.0,0.0,0.0,,,,,,,0.0,0.0,0.0,,,,Group D,"Stade de la Mosson, Montpellier",played,True,False
1998_20,,1998,World Cup 1998,Matchday 1,1998-06-13,,Spain,Nigeria,2.0,3.0,5.0,,,,,,,2.0,3.0,5.0,,,,Group D,"Stade de la Beaujoire, Nantes",played,True,False
1998_21,,1998,World Cup 1998,Matchday 2,1998-06-19,,Nigeria,Bulgaria,1.0,0.0,1.0,,,,,,,1.0,0.0,1.0,,,,Group D,"Parc des Princes, Paris",played,True,False
1998_22,,1998,World Cup 1998,Matchday 2,1998-06-19,,Spain,Paraguay,0.0,0.0,0.0,,,,,,,0.0,0.0,0.0,,,,Group D,"Stade Geoffroy-Guichard, Saint-Étienne",played,True,False
1998_23,,1998,World Cup 1998,Matchday 3,1998-06-24,,Spain,Bulgaria,6.0,1.0,7.0,,,,,,,6.0,1.0,7.0,,,,Group D,"Stade Félix Bollaert, Lens",played,True,False
1998_24,,1998,World Cup 1998,Matchday 3,1998-06-24,,Nigeria,Paraguay,1.0,3.0,4.0,,,,,,,1.0,3.0,4.0,,,,Group D,"Stade de Toulouse, Toulouse",played,True,False
1998_25,,1998,World Cup 1998,Matchday 1,1998-06-13,,Netherlands,Belgium,0.0,0.0,0.0,,,,,,,0.0,0.0,0.0,,,,Group E,"Stade de France, Saint-Denis",played,True,False
1998_26,,1998,World Cup 1998,Matchday 1,1998-06-13,,South Korea,Mexico,1.0,3.0,4.0,,,,,,,1.0,3.0,4.0,,,,Group E,"Stade Gerland, Lyon",played,True,False
1998_27,,1998,World Cup 1998,Matchday 2,1998-06-20,,Netherlands,South Korea,5.0,0.0,5.0,,,,,,,5.0,0.0,5.0,,,,Group E,"Stade Vélodrome, Marseille",played,True,False
1998_28,,1998,World Cup 1998,Matchday 2,1998-06-20,,Belgium,Mexico,2.0,2.0,4.0,,,,,,,2.0,2.0,4.0,,,,Group E,"Parc Lescure, Bordeaux",played,True,False
1998_29,,1998,World Cup 1998,Matchday 3,1998-06-25,,Belgium,South Korea,1.0,1.0,2.0,,,,,,,1.0,1.0,2.0,,,,Group E,"Parc des Princes, Paris",played,True,False
1998_30,,1998,World Cup 1998,Matchday 3,1998-06-25,,Netherlands,Mexico,2.0,2.0,4.0,,,,,,,2.0,2.0,4.0,,,,Group E,"Stade Geoffroy-Guichard, Saint-Étienne",played,True,False
1998_31,,1998,World Cup 1998,Matchday 1,1998-06-14,,Yugoslavia,Iran,1.0,0.0,1.0,,,,,,,1.0,0.0,1.0,,,,Group F,"Stade Geoffroy-Guichard, Saint-Étienne",played,True,False
1998_32,,1998,World Cup 1998,Matchday 1,1998-06-15,,Germany,USA,2.0,0.0,2.0,,,,,,,2.0,0.0,2.0,,,,Group F,"Parc des Princes, Paris",played,True,False
1998_33,,1998,World Cup 1998,Matchday 2,1998-06-21,,Germany,Yugoslavia,2.0,2.0,4.0,,,,,,,2.0,2.0,4.0,,,,Group F,"Stade Félix Bollaert, Lens",played,True,False
1998_34,,1998,World Cup 1998,Matchday 2,1998-06-21,,USA,Iran,1.0,2.0,3.0,,,,,,,1.0,2.0,3.0,,,,Group F,"Stade Gerland, Lyon",played,True,False
1998_35,,1998,World Cup 1998,Matchday 3,1998-06-25,,Germany,Iran,2.0,0.0,2.0,,,,,,,2.0,0.0,2.0,,,,Group F,"Stade de la Mosson, Montpellier",played,True,False
1998_36,,1998,World Cup 1998,Matchday 3,1998-06-25,,USA,Yugoslavia,0.0,1.0,1.0,,,,,,,0.0,1.0,1.0,,,,Group F,"Stade de la Beaujoire, Nantes",played,True,False
1998_37,,1998,World Cup 1998,Matchday 1,1998-06-15,,Romania,Colombia,1.0,0.0,1.0,,,,,,,1.0,0.0,1.0,,,,Group G,"Stade Gerland, Lyon",played,True,False
1998_38,,1998,World Cup 1998,Matchday 1,1998-06-15,,England,Tunisia,2.0,0.0,2.0,,,,,,,2.0,0.0,2.0,,,,Group G,"Stade Vélodrome, Marseille",played,True,False
1998_39,,1998,World Cup 1998,Matchday 2,1998-06-22,,Colombia,Tunisia,1.0,0.0,1.0,,,,,,,1.0,0.0,1.0,,,,Group G,"Stade de la Mosson, Montpellier",played,True,False
1998_40,,1998,World Cup 1998,Matchday 2,1998-06-22,,Romania,England,2.0,1.0,3.0,,,,,,,2.0,1.0,3.0,,,,Group G,"Stade de Toulouse, Toulouse",played,True,False
1998_41,,1998,World Cup 1998,Matchday 3,1998-06-26,,Romania,Tunisia,1.0,1.0,2.0,,,,,,,1.0,1.0,2.0,,,,Group G,"Stade de France, Saint-Denis",played,True,False
1998_42,,1998,World Cup 1998,Matchday 3,1998-06-26,,Colombia,England,0.0,2.0,2.0,,,,,,,0.0,2.0,2.0,,,,Group G,"Stade Félix Bollaert, Lens",played,True,False
1998_43,,1998,World Cup 1998,Matchday 1,1998-06-14,,Jamaica,Croatia,1.0,3.0,4.0,,,,,,,1.0,3.0,4.0,,,,Group H,"Stade Félix Bollaert, Lens",played,True,False
1998_44,,1998,World Cup 1998,Matchday 1,1998-06-14,,Argentina,Japan,1.0,0.0,1.0,,,,,,,1.0,0.0,1.0,,,,Group H,"Stade de Toulouse, Toulouse",played,True,False
1998_45,,1998,World Cup 1998,Matchday 2,1998-06-20,,Japan,Croatia,0.0,1.0,1.0,,,,,,,0.0,1.0,1.0,,,,Group H,"Stade de la Beaujoire, Nantes",played,True,False
1998_46,,1998,World Cup 1998,Matchday 2,1998-06-21,,Argentina,Jamaica,5.0,0.0,5.0,,,,,,,5.0,0.0,5.0,,,,Group H,"Parc des Princes, Paris",played,True,False
1998_47,,1998,World Cup 1998,Matchday 3,1998-06-26,,Japan,Jamaica,1.0,2.0,3.0,,,,,,,1.0,2.0,3.0,,,,Group H,"Stade Gerland, Lyon",played,True,False
1998_48,,1998,World Cup 1998,Matchday 3,1998-06-26,,Argentina,Croatia,1.0,0.0,1.0,,,,,,,1.0,0.0,1.0,,,,Group H,"Parc Lescure, Bordeaux",played,True,False
1998_49,,1998,World Cup 1998,Round of 16,1998-06-27,,Brazil,Chile,4.0,1.0,5.0,,,,,,,4.0,1.0,5.0,,,,,"Parc des Princes, Paris",played,True,False
1998_50,,1998,World Cup 1998,Round of 16,1998-06-27,,Italy,Norway,1.0,0.0,1.0,,,,,,,1.0,0.0,1.0,,,,,"Stade Vélodrome, Marseille",played,True,False
1998_51,,1998,World Cup 1998,Round of 16,1998-06-28,,Nigeria,Denmark,1.0,4.0,5.0,,,,,,,1.0,4.0,5.0,,,,,"Stade de France, Saint-Denis",played,True,False
1998_52,,1998,World Cup 1998,Round of 16,1998-06-28,,France,Paraguay,0.0,0.0,0.0,,,,1.0,0.0,1.0,1.0,0.0,1.0,,,,,"Stade Félix Bollaert, Lens",played,True,False
1998_53,,1998,World Cup 1998,Round of 16,1998-06-29,,Germany,Mexico,2.0,1.0,3.0,,,,,,,2.0,1.0,3.0,,,,,"Stade de la Mosson, Montpellier",played,True,False
1998_54,,1998,World Cup 1998,Round of 16,1998-06-29,,Netherlands,Yugoslavia,2.0,1.0,3.0,,,,,,,2.0,1.0,3.0,,,,,"Stade de Toulouse, Toulouse",played,True,False
1998_55,,1998,World Cup 1998,Round of 16,1998-06-30,,Argentina,England,2.0,2.0,4.0,,,,2.0,2.0,4.0,2.0,2.0,4.0,4.0,3.0,7.0,,"Stade Geoffroy-Guichard, Saint-Étienne",played,True,False
1998_56,,1998,World Cup 1998,Round of 16,1998-06-30,,Romania,Croatia,0.0,1.0,1.0,,,,,,,0.0,1.0,1.0,,,,,"Parc Lescure, Bordeaux",played,True,False
1998_57,,1998,World Cup 1998,Quarter-finals,1998-07-03,,Italy,France,0.0,0.0,0.0,,,,0.0,0.0,0.0,0.0,0.0,0.0,3.0,4.0,7.0,,"Stade de France, Saint-Denis",played,True,False
1998_58,,1998,World Cup 1998,Quarter-finals,1998-07-03,,Brazil,Denmark,3.0,2.0,5.0,,,,,,,3.0,2.0,5.0,,,,,"Stade de la Beaujoire, Nantes",played,True,False
1998_59,,1998,World Cup 1998,Quarter-finals,1998-07-04,,Germany,Croatia,0.0,3.0,3.0,,,,,,,0.0,3.0,3.0,,,,,"Stade Gerland, Lyon",played,True,False
1998_60,,1998,World Cup 1998,Quarter-finals,1998-07-04,,Netherlands,Argentina,2.0,1.0,3.0,,,,,,,2.0,1.0,3.0,,,,,"Stade Vélodrome, Marseille",played,True,False
1998_61,,1998,World Cup 1998,Semi-finals,1998-07-07,,Brazil,Netherlands,1.0,1.0,2.0,,,,1.0,1.0,2.0,1.0,1.0,2.0,4.0,2.0,6.0,,"Stade Vélodrome, Marseille",played,True,False
1998_62,,1998,World Cup 1998,Semi-finals,1998-07-08,,France,Croatia,2.0,1.0,3.0,,,,,,,2.0,1.0,3.0,,,,,"Stade de France, Saint-Denis",played,True,False
1998_63,,1998,World Cup 1998,Third place match,1998-07-11,,Netherlands,Croatia,1.0,2.0,3.0,,,,,,,1.0,2.0,3.0,,,,,"Parc des Princes, Paris",played,True,False
1998_64,,1998,World Cup 1998,Final,1998-07-12,,Brazil,France,0.0,3.0,3.0,,,,,,,0.0,3.0,3.0,,,,,"Stade de France, Saint-Denis",played,True,False
2002_1,,2002,World Cup 2002,Matchday 1,2002-05-31,,France,Senegal,0.0,1.0,1.0,,,,,,,0.0,1.0,1.0,,,,Group A,"Seoul World Cup Stadium, Seoul",played,True,False
2002_2,,2002,World Cup 2002,Matchday 1,2002-06-01,,Uruguay,Denmark,1.0,2.0,3.0,,,,,,,1.0,2.0,3.0,,,,Group A,"Munsu Cup Stadium, Ulsan",played,True,False
2002_3,,2002,World Cup 2002,Matchday 2,2002-06-06,,France,Uruguay,0.0,0.0,0.0,,,,,,,0.0,0.0,0.0,,,,Group A,"Asiad Main Stadium, Busan",played,True,False
2002_4,,2002,World Cup 2002,Matchday 2,2002-06-06,,Denmark,Senegal,1.0,1.0,2.0,,,,,,,1.0,1.0,2.0,,,,Group A,"Daegu World Cup Stadium, Daegu",played,True,False
2002_5,,2002,World Cup 2002,Matchday 3,2002-06-11,,Denmark,France,2.0,0.0,2.0,,,,,,,2.0,0.0,2.0,,,,Group A,"Incheon Munhak Stadium, Incheon",played,True,False
2002_6,,2002,World Cup 2002,Matchday 3,2002-06-11,,Senegal,Uruguay,3.0,3.0,6.0,,,,,,,3.0,3.0,6.0,,,,Group A,"Suwon World Cup Stadium, Suwon",played,True,False
2002_7,,2002,World Cup 2002,Matchday 1,2002-06-02,,Paraguay,South Africa,2.0,2.0,4.0,,,,,,,2.0,2.0,4.0,,,,Group B,"Asiad Main Stadium, Busan",played,True,False
2002_8,,2002,World Cup 2002,Matchday 1,2002-06-02,,Spain,Slovenia,3.0,1.0,4.0,,,,,,,3.0,1.0,4.0,,,,Group B,"Gwangju World Cup Stadium, Gwangju",played,True,False
2002_9,,2002,World Cup 2002,Matchday 2,2002-06-07,,Spain,Paraguay,3.0,1.0,4.0,,,,,,,3.0,1.0,4.0,,,,Group B,"Jeonju World Cup Stadium, Jeonju",played,True,False
2002_10,,2002,World Cup 2002,Matchday 2,2002-06-08,,South Africa,Slovenia,1.0,0.0,1.0,,,,,,,1.0,0.0,1.0,,,,Group B,"Daegu World Cup Stadium, Daegu",played,True,False
2002_11,,2002,World Cup 2002,Matchday 3,2002-06-12,,South Africa,Spain,2.0,3.0,5.0,,,,,,,2.0,3.0,5.0,,,,Group B,"Daejeon World Cup Stadium, Daejeon",played,True,False
2002_12,,2002,World Cup 2002,Matchday 3,2002-06-12,,Slovenia,Paraguay,1.0,3.0,4.0,,,,,,,1.0,3.0,4.0,,,,Group B,"Jeju World Cup Stadium, Jeju",played,True,False
2002_13,,2002,World Cup 2002,Matchday 1,2002-06-03,,Brazil,Turkey,2.0,1.0,3.0,,,,,,,2.0,1.0,3.0,,,,Group C,"Munsu Cup Stadium, Ulsan",played,True,False
2002_14,,2002,World Cup 2002,Matchday 1,2002-06-04,,China,Costa Rica,0.0,2.0,2.0,,,,,,,0.0,2.0,2.0,,,,Group C,"Gwangju World Cup Stadium, Gwangju",played,True,False
2002_15,,2002,World Cup 2002,Matchday 2,2002-06-08,,Brazil,China,4.0,0.0,4.0,,,,,,,4.0,0.0,4.0,,,,Group C,"Jeju World Cup Stadium, Jeju",played,True,False
2002_16,,2002,World Cup 2002,Matchday 2,2002-06-09,,Costa Rica,Turkey,1.0,1.0,2.0,,,,,,,1.0,1.0,2.0,,,,Group C,"Incheon Munhak Stadium, Incheon",played,True,False
2002_17,,2002,World Cup 2002,Matchday 3,2002-06-13,,Costa Rica,Brazil,2.0,5.0,7.0,,,,,,,2.0,5.0,7.0,,,,Group C,"Suwon World Cup Stadium, Suwon",played,True,False
2002_18,,2002,World Cup 2002,Matchday 3,2002-06-13,,Turkey,China,3.0,0.0,3.0,,,,,,,3.0,0.0,3.0,,,,Group C,"Seoul World Cup Stadium, Seoul",played,True,False
2002_19,,2002,World Cup 2002,Matchday 1,2002-06-04,,South Korea,Poland,2.0,0.0,2.0,,,,,,,2.0,0.0,2.0,,,,Group D,"Asiad Main Stadium, Busan",played,True,False
2002_20,,2002,World Cup 2002,Matchday 1,2002-06-05,,USA,Portugal,3.0,2.0,5.0,,,,,,,3.0,2.0,5.0,,,,Group D,"Suwon World Cup Stadium, Suwon",played,True,False
2002_21,,2002,World Cup 2002,Matchday 2,2002-06-10,,South Korea,USA,1.0,1.0,2.0,,,,,,,1.0,1.0,2.0,,,,Group D,"Daegu World Cup Stadium, Daegu",played,True,False
2002_22,,2002,World Cup 2002,Matchday 2,2002-06-10,,Portugal,Poland,4.0,0.0,4.0,,,,,,,4.0,0.0,4.0,,,,Group D,"Jeonju World Cup Stadium, Jeonju",played,True,False
2002_23,,2002,World Cup 2002,Matchday 3,2002-06-14,,Portugal,South Korea,0.0,1.0,1.0,,,,,,,0.0,1.0,1.0,,,,Group D,"Incheon Munhak Stadium, Incheon",played,True,False
2002_24,,2002,World Cup 2002,Matchday 3,2002-06-14,,Poland,USA,3.0,1.0,4.0,,,,,,,3.0,1.0,4.0,,,,Group D,"Daejeon World Cup Stadium, Daejeon",played,True,False
2002_25,,2002,World Cup 2002,Matchday 1,2002-06-01,,Ireland,Cameroon,1.0,1.0,2.0,,,,,,,1.0,1.0,2.0,,,,Group E,"Niigata Stadium, Niigata",played,True,False
2002_26,,2002,World Cup 2002,Matchday 1,2002-06-01,,Germany,Saudi Arabia,8.0,0.0,8.0,,,,,,,8.0,0.0,8.0,,,,Group E,"Sapporo Dome, Sapporo",played,True,False
2002_27,,2002,World Cup 2002,Matchday 1,2002-06-05,,Germany,Ireland,1.0,1.0,2.0,,,,,,,1.0,1.0,2.0,,,,Group E,"Kashima Soccer Stadium, Ibaraki",played,True,False
2002_28,,2002,World Cup 2002,Matchday 2,2002-06-06,,Cameroon,Saudi Arabia,1.0,0.0,1.0,,,,,,,1.0,0.0,1.0,,,,Group E,"Saitama Stadium, Saitama",played,True,False
2002_29,,2002,World Cup 2002,Matchday 3,2002-06-11,,Cameroon,Germany,0.0,2.0,2.0,,,,,,,0.0,2.0,2.0,,,,Group E,"Shizuoka Stadium, Shizuoka",played,True,False
2002_30,,2002,World Cup 2002,Matchday 3,2002-06-11,,Saudi Arabia,Ireland,0.0,3.0,3.0,,,,,,,0.0,3.0,3.0,,,,Group E,"International Stadium Yokohama, Yokohama",played,True,False
2002_31,,2002,World Cup 2002,Matchday 1,2002-06-02,,England,Sweden,1.0,1.0,2.0,,,,,,,1.0,1.0,2.0,,,,Group F,"Saitama Stadium, Saitama",played,True,False
2002_32,,2002,World Cup 2002,Matchday 1,2002-06-02,,Argentina,Nigeria,1.0,0.0,1.0,,,,,,,1.0,0.0,1.0,,,,Group F,"Kashima Soccer Stadium, Ibaraki",played,True,False
2002_33,,2002,World Cup 2002,Matchday 2,2002-06-07,,Sweden,Nigeria,2.0,1.0,3.0,,,,,,,2.0,1.0,3.0,,,,Group F,"Kobe Wing Stadium, Kobe",played,True,False
2002_34,,2002,World Cup 2002,Matchday 2,2002-06-07,,Argentina,England,0.0,1.0,1.0,,,,,,,0.0,1.0,1.0,,,,Group F,"Sapporo Dome, Sapporo",played,True,False
2002_35,,2002,World Cup 2002,Matchday 3,2002-06-12,,Sweden,Argentina,1.0,1.0,2.0,,,,,,,1.0,1.0,2.0,,,,Group F,"Miyagi Stadium, Miyagi",played,True,False
2002_36,,2002,World Cup 2002,Matchday 3,2002-06-12,,Nigeria,England,0.0,0.0,0.0,,,,,,,0.0,0.0,0.0,,,,Group F,"Nagai Stadium, Osaka",played,True,False
2002_37,,2002,World Cup 2002,Matchday 1,2002-06-03,,Croatia,Mexico,0.0,1.0,1.0,,,,,,,0.0,1.0,1.0,,,,Group G,"Niigata Stadium, Niigata",played,True,False
2002_38,,2002,World Cup 2002,Matchday 1,2002-06-03,,Italy,Ecuador,2.0,0.0,2.0,,,,,,,2.0,0.0,2.0,,,,Group G,"Sapporo Dome, Sapporo",played,True,False
2002_39,,2002,World Cup 2002,Matchday 2,2002-06-08,,Italy,Croatia,1.0,2.0,3.0,,,,,,,1.0,2.0,3.0,,,,Group G,"Kashima Soccer Stadium, Ibaraki",played,True,False
2002_40,,2002,World Cup 2002,Matchday 2,2002-06-09,,Mexico,Ecuador,2.0,1.0,3.0,,,,,,,2.0,1.0,3.0,,,,Group G,"Miyagi Stadium, Miyagi",played,True,False
2002_41,,2002,World Cup 2002,Matchday 3,2002-06-13,,Mexico,Italy,1.0,1.0,2.0,,,,,,,1.0,1.0,2.0,,,,Group G,"Ōita Stadium, Ōita",played,True,False
2002_42,,2002,World Cup 2002,Matchday 3,2002-06-13,,Ecuador,Croatia,1.0,0.0,1.0,,,,,,,1.0,0.0,1.0,,,,Group G,"International Stadium Yokohama, Yokohama",played,True,False
2002_43,,2002,World Cup 2002,Matchday 1,2002-06-04,,Japan,Belgium,2.0,2.0,4.0,,,,,,,2.0,2.0,4.0,,,,Group H,"Saitama Stadium, Saitama",played,True,False
2002_44,,2002,World Cup 2002,Matchday 1,2002-06-05,,Russia,Tunisia,2.0,0.0,2.0,,,,,,,2.0,0.0,2.0,,,,Group H,"Kobe Wing Stadium, Kobe",played,True,False
2002_45,,2002,World Cup 2002,Matchday 2,2002-06-09,,Japan,Russia,1.0,0.0,1.0,,,,,,,1.0,0.0,1.0,,,,Group H,"International Stadium Yokohama, Yokohama",played,True,False
2002_46,,2002,World Cup 2002,Matchday 2,2002-06-10,,Tunisia,Belgium,1.0,1.0,2.0,,,,,,,1.0,1.0,2.0,,,,Group H,"Ōita Stadium, Ōita",played,True,False
2002_47,,2002,World Cup 2002,Matchday 3,2002-06-14,,Tunisia,Japan,0.0,2.0,2.0,,,,,,,0.0,2.0,2.0,,,,Group H,"Nagai Stadium, Osaka",played,True,False
2002_48,,2002,World Cup 2002,Matchday 3,2002-06-14,,Belgium,Russia,3.0,2.0,5.0,,,,,,,3.0,2.0,5.0,,,,Group H,"Shizuoka Stadium, Shizuoka",played,True,False
2002_49,,2002,World Cup 2002,Round of 16,2002-06-15,,Germany,Paraguay,1.0,0.0,1.0,,,,,,,1.0,0.0,1.0,,,,,"Jeju World Cup Stadium, Jeju",played,True,False
2002_50,,2002,World Cup 2002,Round of 16,2002-06-15,,Denmark,England,0.0,3.0,3.0,,,,,,,0.0,3.0,3.0,,,,,"Niigata Stadium, Niigata",played,True,False
2002_51,,2002,World Cup 2002,Round of 16,2002-06-16,,Sweden,Senegal,1.0,1.0,2.0,,,,1.0,2.0,3.0,1.0,2.0,3.0,,,,,"Ōita Stadium, Ōita",played,True,False
2002_52,,2002,World Cup 2002,Round of 16,2002-06-16,,Spain,Ireland,1.0,1.0,2.0,,,,1.0,1.0,2.0,1.0,1.0,2.0,3.0,2.0,5.0,,"Suwon World Cup Stadium, Suwon",played,True,False
2002_53,,2002,World Cup 2002,Round of 16,2002-06-17,,Mexico,USA,0.0,2.0,2.0,,,,,,,0.0,2.0,2.0,,,,,"Jeonju World Cup Stadium, Jeonju",played,True,False
2002_54,,2002,World Cup 2002,Round of 16,2002-06-17,,Brazil,Belgium,2.0,0.0,2.0,,,,,,,2.0,0.0,2.0,,,,,"Kobe Wing Stadium, Kobe",played,True,False
2002_55,,2002,World Cup 2002,Round of 16,2002-06-18,,Japan,Turkey,0.0,1.0,1.0,,,,,,,0.0,1.0,1.0,,,,,"Miyagi Stadium, Miyagi",played,True,False
2002_56,,2002,World Cup 2002,Round of 16,2002-06-18,,South Korea,Italy,1.0,1.0,2.0,,,,2.0,1.0,3.0,2.0,1.0,3.0,,,,,"Daejeon World Cup Stadium, Daejeon",played,True,False
2002_57,,2002,World Cup 2002,Quarter-finals,2002-06-21,,England,Brazil,1.0,2.0,3.0,,,,,,,1.0,2.0,3.0,,,,,"Shizuoka Stadium, Shizuoka",played,True,False
2002_58,,2002,World Cup 2002,Quarter-finals,2002-06-21,,Germany,USA,1.0,0.0,1.0,,,,,,,1.0,0.0,1.0,,,,,"Munsu Cup Stadium, Ulsan",played,True,False
2002_59,,2002,World Cup 2002,Quarter-finals,2002-06-22,,Spain,South Korea,0.0,0.0,0.0,,,,0.0,0.0,0.0,0.0,0.0,0.0,3.0,5.0,8.0,,"Gwangju World Cup Stadium, Gwangju",played,True,False
2002_60,,2002,World Cup 2002,Quarter-finals,2002-06-22,,Senegal,Turkey,0.0,0.0,0.0,,,,0.0,1.0,1.0,0.0,1.0,1.0,,,,,"Nagai Stadium, Osaka",played,True,False
2002_61,,2002,World Cup 2002,Semi-finals,2002-06-25,,Germany,South Korea,1.0,0.0,1.0,,,,,,,1.0,0.0,1.0,,,,,"Seoul World Cup Stadium, Seoul",played,True,False
2002_62,,2002,World Cup 2002,Semi-finals,2002-06-26,,Brazil,Turkey,1.0,0.0,1.0,,,,,,,1.0,0.0,1.0,,,,,"Saitama Stadium, Saitama",played,True,False
2002_63,,2002,World Cup 2002,Third place play-off,2002-06-29,,South Korea,Turkey,2.0,3.0,5.0,,,,,,,2.0,3.0,5.0,,,,,"Daegu World Cup Stadium, Daegu",played,True,False
2002_64,,2002,World Cup 2002,Final,2002-06-30,,Germany,Brazil,0.0,2.0,2.0,,,,,,,0.0,2.0,2.0,,,,,"International Stadium Yokohama, Yokohama",played,True,False
2006_1,,2006,World Cup 2006,Matchday 1,2006-06-09,,Germany,Costa Rica,4.0,2.0,6.0,2.0,1.0,3.0,,,,4.0,2.0,6.0,,,,Group A,"Allianz Arena, München",played,True,False
2006_2,,2006,World Cup 2006,Matchday 1,2006-06-09,,Poland,Ecuador,0.0,2.0,2.0,0.0,1.0,1.0,,,,0.0,2.0,2.0,,,,Group A,"Veltins-Arena, Gelsenkirchen",played,True,False
2006_3,,2006,World Cup 2006,Matchday 6,2006-06-14,,Germany,Poland,1.0,0.0,1.0,0.0,0.0,0.0,,,,1.0,0.0,1.0,,,,Group A,"Signal Iduna Park, Dortmund",played,True,False
2006_4,,2006,World Cup 2006,Matchday 7,2006-06-15,,Ecuador,Costa Rica,3.0,0.0,3.0,1.0,0.0,1.0,,,,3.0,0.0,3.0,,,,Group A,"AOL Arena, Hamburg",played,True,False
2006_5,,2006,World Cup 2006,Matchday 12,2006-06-20,,Ecuador,Germany,0.0,3.0,3.0,0.0,2.0,2.0,,,,0.0,3.0,3.0,,,,Group A,"Olympiastadion, Berlin",played,True,False
2006_6,,2006,World Cup 2006,Matchday 12,2006-06-20,,Costa Rica,Poland,1.0,2.0,3.0,1.0,1.0,2.0,,,,1.0,2.0,3.0,,,,Group A,"AWD-Arena, Hannover",played,True,False
2006_7,,2006,World Cup 2006,Matchday 2,2006-06-10,,England,Paraguay,1.0,0.0,1.0,1.0,0.0,1.0,,,,1.0,0.0,1.0,,,,Group B,"Commerzbank-Arena, Frankfurt",played,True,False
2006_8,,2006,World Cup 2006,Matchday 2,2006-06-10,,Trinidad and Tobago,Sweden,0.0,0.0,0.0,,,,,,,0.0,0.0,0.0,,,,Group B,"Signal Iduna Park, Dortmund",played,True,False
2006_9,,2006,World Cup 2006,Matchday 7,2006-06-15,,England,Trinidad and Tobago,2.0,0.0,2.0,0.0,0.0,0.0,,,,2.0,0.0,2.0,,,,Group B,"Frankenstadion, Nürnberg",played,True,False
2006_10,,2006,World Cup 2006,Matchday 7,2006-06-15,,Sweden,Paraguay,1.0,0.0,1.0,0.0,0.0,0.0,,,,1.0,0.0,1.0,,,,Group B,"Olympiastadion, Berlin",played,True,False
2006_11,,2006,World Cup 2006,Matchday 12,2006-06-20,,Sweden,England,2.0,2.0,4.0,0.0,1.0,1.0,,,,2.0,2.0,4.0,,,,Group B,"RheinEnergieStadion, Köln",played,True,False
2006_12,,2006,World Cup 2006,Matchday 12,2006-06-20,,Paraguay,Trinidad and Tobago,2.0,0.0,2.0,1.0,0.0,1.0,,,,2.0,0.0,2.0,,,,Group B,"Fritz-Walter-Stadion, Kaiserslautern",played,True,False
2006_13,,2006,World Cup 2006,Matchday 2,2006-06-10,,Argentina,Côte d'Ivoire,2.0,1.0,3.0,2.0,0.0,2.0,,,,2.0,1.0,3.0,,,,Group C,"AOL Arena, Hamburg",played,True,False
2006_14,,2006,World Cup 2006,Matchday 3,2006-06-11,,Serbia and Montenegro,Netherlands,0.0,1.0,1.0,0.0,1.0,1.0,,,,0.0,1.0,1.0,,,,Group C,"Zentralstadion, Leipzig",played,True,False
2006_15,,2006,World Cup 2006,Matchday 8,2006-06-16,,Argentina,Serbia and Montenegro,6.0,0.0,6.0,3.0,0.0,3.0,,,,6.0,0.0,6.0,,,,Group C,"Veltins-Arena, Gelsenkirchen",played,True,False
2006_16,,2006,World Cup 2006,Matchday 8,2006-06-16,,Netherlands,Côte d'Ivoire,2.0,1.0,3.0,2.0,1.0,3.0,,,,2.0,1.0,3.0,,,,Group C,"Gottlieb-Daimler-Stadion, Stuttgart",played,True,False
2006_17,,2006,World Cup 2006,Matchday 13,2006-06-21,,Netherlands,Argentina,0.0,0.0,0.0,,,,,,,0.0,0.0,0.0,,,,Group C,"Commerzbank-Arena, Frankfurt",played,True,False
2006_18,,2006,World Cup 2006,Matchday 13,2006-06-21,,Côte d'Ivoire,Serbia and Montenegro,3.0,2.0,5.0,1.0,2.0,3.0,,,,3.0,2.0,5.0,,,,Group C,"Allianz Arena, München",played,True,False
2006_19,,2006,World Cup 2006,Matchday 3,2006-06-11,,Mexico,Iran,3.0,1.0,4.0,1.0,1.0,2.0,,,,3.0,1.0,4.0,,,,Group D,"Frankenstadion, Nürnberg",played,True,False
2006_20,,2006,World Cup 2006,Matchday 3,2006-06-11,,Angola,Portugal,0.0,1.0,1.0,0.0,1.0,1.0,,,,0.0,1.0,1.0,,,,Group D,"RheinEnergieStadion, Köln",played,True,False
2006_21,,2006,World Cup 2006,Matchday 8,2006-06-16,,Mexico,Angola,0.0,0.0,0.0,,,,,,,0.0,0.0,0.0,,,,Group D,"AWD-Arena, Hannover",played,True,False
2006_22,,2006,World Cup 2006,Matchday 9,2006-06-17,,Portugal,Iran,2.0,0.0,2.0,0.0,0.0,0.0,,,,2.0,0.0,2.0,,,,Group D,"Commerzbank-Arena, Frankfurt",played,True,False
2006_23,,2006,World Cup 2006,Matchday 13,2006-06-21,,Portugal,Mexico,2.0,1.0,3.0,2.0,1.0,3.0,,,,2.0,1.0,3.0,,,,Group D,"Veltins-Arena, Gelsenkirchen",played,True,False
2006_24,,2006,World Cup 2006,Matchday 13,2006-06-21,,Iran,Angola,1.0,1.0,2.0,0.0,0.0,0.0,,,,1.0,1.0,2.0,,,,Group D,"Zentralstadion, Leipzig",played,True,False
2006_25,,2006,World Cup 2006,Matchday 4,2006-06-12,,Italy,Ghana,2.0,0.0,2.0,1.0,0.0,1.0,,,,2.0,0.0,2.0,,,,Group E,"AWD-Arena, Hannover",played,True,False
2006_26,,2006,World Cup 2006,Matchday 4,2006-06-12,,USA,Czech Republic,0.0,3.0,3.0,0.0,2.0,2.0,,,,0.0,3.0,3.0,,,,Group E,"Veltins-Arena, Gelsenkirchen",played,True,False
2006_27,,2006,World Cup 2006,Matchday 9,2006-06-17,,Italy,USA,1.0,1.0,2.0,1.0,1.0,2.0,,,,1.0,1.0,2.0,,,,Group E,"Fritz-Walter-Stadion, Kaiserslautern",played,True,False
2006_28,,2006,World Cup 2006,Matchday 9,2006-06-17,,Czech Republic,Ghana,0.0,2.0,2.0,0.0,1.0,1.0,,,,0.0,2.0,2.0,,,,Group E,"RheinEnergieStadion, Köln",played,True,False
2006_29,,2006,World Cup 2006,Matchday 14,2006-06-22,,Czech Republic,Italy,0.0,2.0,2.0,0.0,1.0,1.0,,,,0.0,2.0,2.0,,,,Group E,"AOL Arena, Hamburg",played,True,False
2006_30,,2006,World Cup 2006,Matchday 14,2006-06-22,,Ghana,USA,2.0,1.0,3.0,2.0,1.0,3.0,,,,2.0,1.0,3.0,,,,Group E,"Frankenstadion, Nürnberg",played,True,False
2006_31,,2006,World Cup 2006,Matchday 5,2006-06-13,,Brazil,Croatia,1.0,0.0,1.0,1.0,0.0,1.0,,,,1.0,0.0,1.0,,,,Group F,"Olympiastadion, Berlin",played,True,False
2006_32,,2006,World Cup 2006,Matchday 4,2006-06-12,,Australia,Japan,3.0,1.0,4.0,0.0,1.0,1.0,,,,3.0,1.0,4.0,,,,Group F,"Fritz-Walter-Stadion, Kaiserslautern",played,True,False
2006_33,,2006,World Cup 2006,Matchday 10,2006-06-18,,Brazil,Australia,2.0,0.0,2.0,0.0,0.0,0.0,,,,2.0,0.0,2.0,,,,Group F,"Allianz Arena, München",played,True,False
2006_34,,2006,World Cup 2006,Matchday 10,2006-06-18,,Japan,Croatia,0.0,0.0,0.0,,,,,,,0.0,0.0,0.0,,,,Group F,"Frankenstadion, Nürnberg",played,True,False
2006_35,,2006,World Cup 2006,Matchday 14,2006-06-22,,Japan,Brazil,1.0,4.0,5.0,1.0,1.0,2.0,,,,1.0,4.0,5.0,,,,Group F,"Signal Iduna Park, Dortmund",played,True,False
2006_36,,2006,World Cup 2006,Matchday 14,2006-06-22,,Croatia,Australia,2.0,2.0,4.0,1.0,1.0,2.0,,,,2.0,2.0,4.0,,,,Group F,"Gottlieb-Daimler-Stadion, Stuttgart",played,True,False
2006_37,,2006,World Cup 2006,Matchday 5,2006-06-13,,France,Switzerland,0.0,0.0,0.0,,,,,,,0.0,0.0,0.0,,,,Group G,"Gottlieb-Daimler-Stadion, Stuttgart",played,True,False
2006_38,,2006,World Cup 2006,Matchday 5,2006-06-13,,South Korea,Togo,2.0,1.0,3.0,0.0,1.0,1.0,,,,2.0,1.0,3.0,,,,Group G,"Commerzbank-Arena, Frankfurt",played,True,False
2006_39,,2006,World Cup 2006,Matchday 10,2006-06-18,,France,South Korea,1.0,1.0,2.0,1.0,0.0,1.0,,,,1.0,1.0,2.0,,,,Group G,"Zentralstadion, Leipzig",played,True,False
2006_40,,2006,World Cup 2006,Matchday 11,2006-06-19,,Togo,Switzerland,0.0,2.0,2.0,0.0,1.0,1.0,,,,0.0,2.0,2.0,,,,Group G,"Signal Iduna Park, Dortmund",played,True,False
2006_41,,2006,World Cup 2006,Matchday 15,2006-06-23,,Togo,France,0.0,2.0,2.0,0.0,0.0,0.0,,,,0.0,2.0,2.0,,,,Group G,"RheinEnergieStadion, Köln",played,True,False
2006_42,,2006,World Cup 2006,Matchday 15,2006-06-23,,Switzerland,South Korea,2.0,0.0,2.0,1.0,0.0,1.0,,,,2.0,0.0,2.0,,,,Group G,"AWD-Arena, Hannover",played,True,False
2006_43,,2006,World Cup 2006,Matchday 6,2006-06-14,,Spain,Ukraine,4.0,0.0,4.0,2.0,0.0,2.0,,,,4.0,0.0,4.0,,,,Group H,"Zentralstadion, Leipzig",played,True,False
2006_44,,2006,World Cup 2006,Matchday 6,2006-06-14,,Tunisia,Saudi Arabia,2.0,2.0,4.0,1.0,0.0,1.0,,,,2.0,2.0,4.0,,,,Group H,"Allianz Arena, München",played,True,False
2006_45,,2006,World Cup 2006,Matchday 11,2006-06-19,,Spain,Tunisia,3.0,1.0,4.0,0.0,1.0,1.0,,,,3.0,1.0,4.0,,,,Group H,"Gottlieb-Daimler-Stadion, Stuttgart",played,True,False
2006_46,,2006,World Cup 2006,Matchday 11,2006-06-19,,Saudi Arabia,Ukraine,0.0,4.0,4.0,0.0,2.0,2.0,,,,0.0,4.0,4.0,,,,Group H,"AOL Arena, Hamburg",played,True,False
2006_47,,2006,World Cup 2006,Matchday 15,2006-06-23,,Saudi Arabia,Spain,0.0,1.0,1.0,0.0,1.0,1.0,,,,0.0,1.0,1.0,,,,Group H,"Fritz-Walter-Stadion, Kaiserslautern",played,True,False
2006_48,,2006,World Cup 2006,Matchday 15,2006-06-23,,Ukraine,Tunisia,1.0,0.0,1.0,0.0,0.0,0.0,,,,1.0,0.0,1.0,,,,Group H,"Olympiastadion, Berlin",played,True,False
2006_49,,2006,World Cup 2006,Round of 16,2006-06-24,,Germany,Sweden,2.0,0.0,2.0,2.0,0.0,2.0,,,,2.0,0.0,2.0,,,,,"Allianz Arena, München",played,True,False
2006_50,,2006,World Cup 2006,Round of 16,2006-06-24,,Argentina,Mexico,1.0,1.0,2.0,1.0,1.0,2.0,2.0,1.0,3.0,2.0,1.0,3.0,,,,,"Zentralstadion, Leipzig",played,True,False
2006_51,,2006,World Cup 2006,Round of 16,2006-06-25,,England,Ecuador,1.0,0.0,1.0,0.0,0.0,0.0,,,,1.0,0.0,1.0,,,,,"Gottlieb-Daimler-Stadion, Stuttgart",played,True,False
2006_52,,2006,World Cup 2006,Round of 16,2006-06-25,,Portugal,Netherlands,1.0,0.0,1.0,1.0,0.0,1.0,,,,1.0,0.0,1.0,,,,,"Frankenstadion, Nürnberg",played,True,False
2006_53,,2006,World Cup 2006,Round of 16,2006-06-26,,Italy,Australia,1.0,0.0,1.0,0.0,0.0,0.0,,,,1.0,0.0,1.0,,,,,"Fritz-Walter-Stadion, Kaiserslautern",played,True,False
2006_54,,2006,World Cup 2006,Round of 16,2006-06-26,,Switzerland,Ukraine,0.0,0.0,0.0,,,,0.0,0.0,0.0,0.0,0.0,0.0,0.0,3.0,3.0,,"RheinEnergieStadion, Köln",played,True,False
2006_55,,2006,World Cup 2006,Round of 16,2006-06-27,,Brazil,Ghana,3.0,0.0,3.0,2.0,0.0,2.0,,,,3.0,0.0,3.0,,,,,"Signal Iduna Park, Dortmund",played,True,False
2006_56,,2006,World Cup 2006,Round of 16,2006-06-27,,Spain,France,1.0,3.0,4.0,1.0,1.0,2.0,,,,1.0,3.0,4.0,,,,,"AWD-Arena, Hannover",played,True,False
2006_57,,2006,World Cup 2006,Quarterfinals,2006-06-30,,Germany,Argentina,1.0,1.0,2.0,0.0,0.0,0.0,1.0,1.0,2.0,1.0,1.0,2.0,4.0,2.0,6.0,,"Olympiastadion, Berlin",played,True,False
2006_58,,2006,World Cup 2006,Quarterfinals,2006-06-30,,Italy,Ukraine,3.0,0.0,3.0,1.0,0.0,1.0,,,,3.0,0.0,3.0,,,,,"AOL Arena, Hamburg",played,True,False
2006_59,,2006,World Cup 2006,Quarterfinals,2006-07-01,,England,Portugal,0.0,0.0,0.0,,,,0.0,0.0,0.0,0.0,0.0,0.0,1.0,3.0,4.0,,"Veltins-Arena, Gelsenkirchen",played,True,False
2006_60,,2006,World Cup 2006,Quarterfinals,2006-07-01,,Brazil,France,0.0,1.0,1.0,0.0,0.0,0.0,,,,0.0,1.0,1.0,,,,,"Commerzbank-Arena, Frankfurt",played,True,False
2006_61,,2006,World Cup 2006,Semifinals,2006-07-04,,Germany,Italy,0.0,0.0,0.0,,,,0.0,2.0,2.0,0.0,2.0,2.0,,,,,"Signal Iduna Park, Dortmund",played,True,True
2006_62,,2006,World Cup 2006,Semifinals,2006-07-05,,Portugal,France,0.0,1.0,1.0,0.0,1.0,1.0,,,,0.0,1.0,1.0,,,,,"Allianz Arena, München",played,True,True
2006_63,,2006,World Cup 2006,Third-place play-off,2006-07-08,,Germany,Portugal,3.0,1.0,4.0,0.0,0.0,0.0,,,,3.0,1.0,4.0,,,,,"Gottlieb-Daimler-Stadion, Stuttgart",played,True,True
2006_64,,2006,World Cup 2006,Final,2006-07-09,,Italy,France,1.0,1.0,2.0,1.0,1.0,2.0,1.0,1.0,2.0,1.0,1.0,2.0,5.0,3.0,8.0,,"Olympiastadion, Berlin",played,True,True
2010_1,,2010,World Cup 2010,Matchday 1,2010-06-11,16:00,South Africa,Mexico,1.0,1.0,2.0,,,,,,,1.0,1.0,2.0,,,,Group A,"Soccer City, Johannesburg",played,True,False
2010_2,,2010,World Cup 2010,Matchday 1,2010-06-11,20:30,Uruguay,France,0.0,0.0,0.0,,,,,,,0.0,0.0,0.0,,,,Group A,"Cape Town Stadium, Cape Town",played,True,False
2010_3,,2010,World Cup 2010,Matchday 6,2010-06-16,20:30,South Africa,Uruguay,0.0,3.0,3.0,,,,,,,0.0,3.0,3.0,,,,Group A,"Loftus Versfeld Stadium, Pretoria",played,True,False
2010_4,,2010,World Cup 2010,Matchday 7,2010-06-17,20:30,France,Mexico,0.0,2.0,2.0,,,,,,,0.0,2.0,2.0,,,,Group A,"Peter Mokaba Stadium, Polokwane",played,True,False
2010_5,,2010,World Cup 2010,Matchday 12,2010-06-22,16:00,Mexico,Uruguay,0.0,1.0,1.0,,,,,,,0.0,1.0,1.0,,,,Group A,"Royal Bafokeng Stadium, Rustenburg",played,True,False
2010_6,,2010,World Cup 2010,Matchday 12,2010-06-22,16:00,France,South Africa,1.0,2.0,3.0,,,,,,,1.0,2.0,3.0,,,,Group A,"Free State Stadium, Bloemfontein",played,True,False
2010_7,,2010,World Cup 2010,Matchday 2,2010-06-12,13:30,South Korea,Greece,2.0,0.0,2.0,,,,,,,2.0,0.0,2.0,,,,Group B,"Nelson Mandela Bay Stadium, Port Elizabeth",played,True,False
2010_8,,2010,World Cup 2010,Matchday 2,2010-06-12,16:00,Argentina,Nigeria,1.0,0.0,1.0,,,,,,,1.0,0.0,1.0,,,,Group B,"Ellis Park Stadium, Johannesburg",played,True,False
2010_9,,2010,World Cup 2010,Matchday 7,2010-06-17,13:30,Argentina,South Korea,4.0,1.0,5.0,,,,,,,4.0,1.0,5.0,,,,Group B,"Soccer City, Johannesburg",played,True,False
2010_10,,2010,World Cup 2010,Matchday 7,2010-06-17,16:00,Greece,Nigeria,2.0,1.0,3.0,,,,,,,2.0,1.0,3.0,,,,Group B,"Free State Stadium, Bloemfontein",played,True,False
2010_11,,2010,World Cup 2010,Matchday 12,2010-06-22,20:30,Nigeria,South Korea,2.0,2.0,4.0,,,,,,,2.0,2.0,4.0,,,,Group B,"Moses Mabhida Stadium, Durban",played,True,False
2010_12,,2010,World Cup 2010,Matchday 12,2010-06-22,20:30,Greece,Argentina,0.0,2.0,2.0,,,,,,,0.0,2.0,2.0,,,,Group B,"Peter Mokaba Stadium, Polokwane",played,True,False
2010_13,,2010,World Cup 2010,Matchday 2,2010-06-12,20:30,England,USA,1.0,1.0,2.0,,,,,,,1.0,1.0,2.0,,,,Group C,"Royal Bafokeng Stadium, Rustenburg",played,True,False
2010_14,,2010,World Cup 2010,Matchday 3,2010-06-13,13:30,Algeria,Slovenia,0.0,1.0,1.0,,,,,,,0.0,1.0,1.0,,,,Group C,"Peter Mokaba Stadium, Polokwane",played,True,False
2010_15,,2010,World Cup 2010,Matchday 8,2010-06-18,16:00,Slovenia,USA,2.0,2.0,4.0,,,,,,,2.0,2.0,4.0,,,,Group C,"Ellis Park Stadium, Johannesburg",played,True,False
2010_16,,2010,World Cup 2010,Matchday 8,2010-06-18,20:30,England,Algeria,0.0,0.0,0.0,,,,,,,0.0,0.0,0.0,,,,Group C,"Cape Town Stadium, Cape Town",played,True,False
2010_17,,2010,World Cup 2010,Matchday 13,2010-06-23,16:00,USA,Algeria,1.0,0.0,1.0,,,,,,,1.0,0.0,1.0,,,,Group C,"Loftus Versfeld Stadium, Pretoria",played,True,False
2010_18,,2010,World Cup 2010,Matchday 13,2010-06-23,16:00,Slovenia,England,0.0,1.0,1.0,,,,,,,0.0,1.0,1.0,,,,Group C,"Nelson Mandela Bay Stadium, Port Elizabeth",played,True,False
2010_19,,2010,World Cup 2010,Matchday 3,2010-06-13,16:00,Serbia,Ghana,0.0,1.0,1.0,,,,,,,0.0,1.0,1.0,,,,Group D,"Loftus Versfeld Stadium, Pretoria",played,True,False
2010_20,,2010,World Cup 2010,Matchday 3,2010-06-13,20:30,Germany,Australia,4.0,0.0,4.0,,,,,,,4.0,0.0,4.0,,,,Group D,"Moses Mabhida Stadium, Durban",played,True,False
2010_21,,2010,World Cup 2010,Matchday 8,2010-06-18,13:30,Germany,Serbia,0.0,1.0,1.0,,,,,,,0.0,1.0,1.0,,,,Group D,"Nelson Mandela Bay Stadium, Port Elizabeth",played,True,False
2010_22,,2010,World Cup 2010,Matchday 9,2010-06-19,16:00,Ghana,Australia,1.0,1.0,2.0,,,,,,,1.0,1.0,2.0,,,,Group D,"Royal Bafokeng Stadium, Rustenburg",played,True,False
2010_23,,2010,World Cup 2010,Matchday 13,2010-06-23,20:30,Australia,Serbia,2.0,1.0,3.0,,,,,,,2.0,1.0,3.0,,,,Group D,"Mbombela Stadium, Nelspruit",played,True,False
2010_24,,2010,World Cup 2010,Matchday 13,2010-06-23,20:30,Ghana,Germany,0.0,1.0,1.0,,,,,,,0.0,1.0,1.0,,,,Group D,"Soccer City, Johannesburg",played,True,False
2010_25,,2010,World Cup 2010,Matchday 4,2010-06-14,13:30,Netherlands,Denmark,2.0,0.0,2.0,,,,,,,2.0,0.0,2.0,,,,Group E,"Soccer City, Johannesburg",played,True,False
2010_26,,2010,World Cup 2010,Matchday 4,2010-06-14,16:00,Japan,Cameroon,1.0,0.0,1.0,,,,,,,1.0,0.0,1.0,,,,Group E,"Free State Stadium, Bloemfontein",played,True,False
2010_27,,2010,World Cup 2010,Matchday 9,2010-06-19,13:30,Netherlands,Japan,1.0,0.0,1.0,,,,,,,1.0,0.0,1.0,,,,Group E,"Moses Mabhida Stadium, Durban",played,True,False
2010_28,,2010,World Cup 2010,Matchday 9,2010-06-19,20:30,Cameroon,Denmark,1.0,2.0,3.0,,,,,,,1.0,2.0,3.0,,,,Group E,"Loftus Versfeld Stadium, Pretoria",played,True,False
2010_29,,2010,World Cup 2010,Matchday 14,2010-06-24,20:30,Denmark,Japan,1.0,3.0,4.0,,,,,,,1.0,3.0,4.0,,,,Group E,"Royal Bafokeng Stadium, Rustenburg",played,True,False
2010_30,,2010,World Cup 2010,Matchday 14,2010-06-24,20:30,Cameroon,Netherlands,1.0,2.0,3.0,,,,,,,1.0,2.0,3.0,,,,Group E,"Cape Town Stadium, Cape Town",played,True,False
2010_31,,2010,World Cup 2010,Matchday 4,2010-06-14,20:30,Italy,Paraguay,1.0,1.0,2.0,,,,,,,1.0,1.0,2.0,,,,Group F,"Cape Town Stadium, Cape Town",played,True,False
2010_32,,2010,World Cup 2010,Matchday 5,2010-06-15,13:30,New Zealand,Slovakia,1.0,1.0,2.0,,,,,,,1.0,1.0,2.0,,,,Group F,"Royal Bafokeng Stadium, Rustenburg",played,True,False
2010_33,,2010,World Cup 2010,Matchday 10,2010-06-20,13:30,Slovakia,Paraguay,0.0,2.0,2.0,,,,,,,0.0,2.0,2.0,,,,Group F,"Free State Stadium, Bloemfontein",played,True,False
2010_34,,2010,World Cup 2010,Matchday 10,2010-06-20,16:00,Italy,New Zealand,1.0,1.0,2.0,,,,,,,1.0,1.0,2.0,,,,Group F,"Mbombela Stadium, Nelspruit",played,True,False
2010_35,,2010,World Cup 2010,Matchday 14,2010-06-24,16:00,Slovakia,Italy,3.0,2.0,5.0,,,,,,,3.0,2.0,5.0,,,,Group F,"Ellis Park Stadium, Johannesburg",played,True,False
2010_36,,2010,World Cup 2010,Matchday 14,2010-06-24,16:00,Paraguay,New Zealand,0.0,0.0,0.0,,,,,,,0.0,0.0,0.0,,,,Group F,"Peter Mokaba Stadium, Polokwane",played,True,False
2010_37,,2010,World Cup 2010,Matchday 5,2010-06-15,16:00,Côte d'Ivoire,Portugal,0.0,0.0,0.0,,,,,,,0.0,0.0,0.0,,,,Group G,"Nelson Mandela Bay Stadium, Port Elizabeth",played,True,False
2010_38,,2010,World Cup 2010,Matchday 5,2010-06-15,20:30,Brazil,North Korea,2.0,1.0,3.0,,,,,,,2.0,1.0,3.0,,,,Group G,"Ellis Park Stadium, Johannesburg",played,True,False
2010_39,,2010,World Cup 2010,Matchday 10,2010-06-20,20:30,Brazil,Côte d'Ivoire,3.0,1.0,4.0,,,,,,,3.0,1.0,4.0,,,,Group G,"Soccer City, Johannesburg",played,True,False
2010_40,,2010,World Cup 2010,Matchday 11,2010-06-21,13:30,Portugal,North Korea,7.0,0.0,7.0,,,,,,,7.0,0.0,7.0,,,,Group G,"Cape Town Stadium, Cape Town",played,True,False
2010_41,,2010,World Cup 2010,Matchday 15,2010-06-25,16:00,Portugal,Brazil,0.0,0.0,0.0,,,,,,,0.0,0.0,0.0,,,,Group G,"Moses Mabhida Stadium, Durban",played,True,False
2010_42,,2010,World Cup 2010,Matchday 15,2010-06-25,16:00,North Korea,Côte d'Ivoire,0.0,3.0,3.0,,,,,,,0.0,3.0,3.0,,,,Group G,"Mbombela Stadium, Nelspruit",played,True,False
2010_43,,2010,World Cup 2010,Matchday 6,2010-06-16,13:30,Honduras,Chile,0.0,1.0,1.0,,,,,,,0.0,1.0,1.0,,,,Group H,"Mbombela Stadium, Nelspruit",played,True,False
2010_44,,2010,World Cup 2010,Matchday 6,2010-06-16,16:00,Spain,Switzerland,0.0,1.0,1.0,,,,,,,0.0,1.0,1.0,,,,Group H,"Moses Mabhida Stadium, Durban",played,True,False
2010_45,,2010,World Cup 2010,Matchday 11,2010-06-21,16:00,Chile,Switzerland,1.0,0.0,1.0,,,,,,,1.0,0.0,1.0,,,,Group H,"Nelson Mandela Bay Stadium, Port Elizabeth",played,True,False
2010_46,,2010,World Cup 2010,Matchday 11,2010-06-21,20:30,Spain,Honduras,2.0,0.0,2.0,,,,,,,2.0,0.0,2.0,,,,Group H,"Ellis Park Stadium, Johannesburg",played,True,False
2010_47,,2010,World Cup 2010,Matchday 15,2010-06-25,20:30,Chile,Spain,1.0,2.0,3.0,,,,,,,1.0,2.0,3.0,,,,Group H,"Loftus Versfeld Stadium, Pretoria",played,True,False
2010_48,,2010,World Cup 2010,Matchday 15,2010-06-25,20:30,Switzerland,Honduras,0.0,0.0,0.0,,,,,,,0.0,0.0,0.0,,,,Group H,"Free State Stadium, Bloemfontein",played,True,False
2010_49,,2010,World Cup 2010,Round of 16,2010-06-26,16:00,Uruguay,South Korea,2.0,1.0,3.0,,,,,,,2.0,1.0,3.0,,,,,"Nelson Mandela Bay Stadium, Port Elizabeth",played,True,False
2010_50,,2010,World Cup 2010,Round of 16,2010-06-26,20:30,USA,Ghana,1.0,1.0,2.0,,,,1.0,2.0,3.0,1.0,2.0,3.0,,,,,"Royal Bafokeng Stadium, Rustenburg",played,True,False
2010_51,,2010,World Cup 2010,Round of 16,2010-06-27,16:00,Germany,England,4.0,1.0,5.0,,,,,,,4.0,1.0,5.0,,,,,"Free State Stadium, Bloemfontein",played,True,False
2010_52,,2010,World Cup 2010,Round of 16,2010-06-27,20:30,Argentina,Mexico,3.0,1.0,4.0,,,,,,,3.0,1.0,4.0,,,,,"Soccer City, Johannesburg",played,True,False
2010_53,,2010,World Cup 2010,Round of 16,2010-06-28,16:00,Netherlands,Slovakia,2.0,1.0,3.0,,,,,,,2.0,1.0,3.0,,,,,"Moses Mabhida Stadium, Durban",played,True,False
2010_54,,2010,World Cup 2010,Round of 16,2010-06-28,20:30,Brazil,Chile,3.0,0.0,3.0,,,,,,,3.0,0.0,3.0,,,,,"Ellis Park Stadium, Johannesburg",played,True,False
2010_55,,2010,World Cup 2010,Round of 16,2010-06-29,16:00,Paraguay,Japan,0.0,0.0,0.0,,,,0.0,0.0,0.0,0.0,0.0,0.0,5.0,3.0,8.0,,"Loftus Versfeld Stadium, Pretoria",played,True,False
2010_56,,2010,World Cup 2010,Round of 16,2010-06-29,20:30,Spain,Portugal,1.0,0.0,1.0,,,,,,,1.0,0.0,1.0,,,,,"Cape Town Stadium, Cape Town",played,True,False
2010_57,,2010,World Cup 2010,Quarterfinals,2010-07-02,16:00,Netherlands,Brazil,2.0,1.0,3.0,,,,,,,2.0,1.0,3.0,,,,,"Nelson Mandela Bay Stadium, Port Elizabeth",played,True,False
2010_58,,2010,World Cup 2010,Quarterfinals,2010-07-02,20:30,Uruguay,Ghana,1.0,1.0,2.0,,,,1.0,1.0,2.0,1.0,1.0,2.0,4.0,2.0,6.0,,"Soccer City, Johannesburg",played,True,False
2010_59,,2010,World Cup 2010,Quarterfinals,2010-07-03,16:00,Argentina,Germany,0.0,4.0,4.0,,,,,,,0.0,4.0,4.0,,,,,"Cape Town Stadium, Cape Town",played,True,False
2010_60,,2010,World Cup 2010,Quarterfinals,2010-07-03,20:30,Paraguay,Spain,0.0,1.0,1.0,,,,,,,0.0,1.0,1.0,,,,,"Ellis Park Stadium, Johannesburg",played,True,False
2010_61,,2010,World Cup 2010,Semifinals,2010-07-06,20:30,Uruguay,Netherlands,2.0,3.0,5.0,,,,,,,2.0,3.0,5.0,,,,,"Cape Town Stadium, Cape Town",played,True,False
2010_62,,2010,World Cup 2010,Semifinals,2010-07-07,20:30,Germany,Spain,0.0,1.0,1.0,,,,,,,0.0,1.0,1.0,,,,,"Moses Mabhida Stadium, Durban",played,True,False
2010_63,,2010,World Cup 2010,Third-place play-off,2010-07-10,20:30,Uruguay,Germany,2.0,3.0,5.0,,,,,,,2.0,3.0,5.0,,,,,"Nelson Mandela Bay Stadium, Port Elizabeth",played,True,False
2010_64,,2010,World Cup 2010,Final,2010-07-11,20:30,Netherlands,Spain,0.0,0.0,0.0,,,,0.0,1.0,1.0,0.0,1.0,1.0,,,,,"Soccer City, Johannesburg",played,True,False
2014_1,,2014,World Cup 2014,Matchday 1,2014-06-12,17:00 UTC-3,Brazil,Croatia,3.0,1.0,4.0,1.0,1.0,2.0,,,,3.0,1.0,4.0,,,,Group A,"Arena de São Paulo, São Paulo",played,True,True
2014_2,,2014,World Cup 2014,Matchday 2,2014-06-13,13:00 UTC-3,Mexico,Cameroon,1.0,0.0,1.0,0.0,0.0,0.0,,,,1.0,0.0,1.0,,,,Group A,"Estádio das Dunas, Natal",played,True,True
2014_3,,2014,World Cup 2014,Matchday 6,2014-06-17,16:00 UTC-3,Brazil,Mexico,0.0,0.0,0.0,,,,,,,0.0,0.0,0.0,,,,Group A,"Estádio Castelão, Fortaleza",played,True,False
2014_4,,2014,World Cup 2014,Matchday 7,2014-06-18,18:00 UTC-4,Cameroon,Croatia,0.0,4.0,4.0,,,,,,,0.0,4.0,4.0,,,,Group A,"Arena Amazônia, Manaus",played,True,True
2014_5,,2014,World Cup 2014,Matchday 12,2014-06-23,17:00 UTC-3,Cameroon,Brazil,1.0,4.0,5.0,,,,,,,1.0,4.0,5.0,,,,Group A,"Estádio Nacional Mané Garrincha, Brasília",played,True,True
2014_6,,2014,World Cup 2014,Matchday 12,2014-06-23,17:00 UTC-3,Croatia,Mexico,1.0,3.0,4.0,,,,,,,1.0,3.0,4.0,,,,Group A,"Arena Pernambuco, Recife",played,True,True
2014_7,,2014,World Cup 2014,Matchday 2,2014-06-13,16:00 UTC-3,Spain,Netherlands,1.0,5.0,6.0,1.0,1.0,2.0,,,,1.0,5.0,6.0,,,,Group B,"Arena Fonte Nova, Salvador",played,True,True
2014_8,,2014,World Cup 2014,Matchday 2,2014-06-13,18:00 UTC-4,Chile,Australia,3.0,1.0,4.0,2.0,1.0,3.0,,,,3.0,1.0,4.0,,,,Group B,"Arena Pantanal, Cuiabá",played,True,True
2014_9,,2014,World Cup 2014,Matchday 7,2014-06-18,13:00 UTC-3,Australia,Netherlands,2.0,3.0,5.0,,,,,,,2.0,3.0,5.0,,,,Group B,"Estádio Beira-Rio, Porto Alegre",played,True,True
2014_10,,2014,World Cup 2014,Matchday 7,2014-06-18,16:00 UTC-3,Spain,Chile,0.0,2.0,2.0,,,,,,,0.0,2.0,2.0,,,,Group B,"Estádio do Maracanã, Rio de Janeiro",played,True,True
2014_11,,2014,World Cup 2014,Matchday 12,2014-06-23,13:00 UTC-3,Australia,Spain,0.0,3.0,3.0,,,,,,,0.0,3.0,3.0,,,,Group B,"Arena da Baixada, Curitiba",played,True,True
2014_12,,2014,World Cup 2014,Matchday 12,2014-06-23,13:00 UTC-3,Netherlands,Chile,2.0,0.0,2.0,,,,,,,2.0,0.0,2.0,,,,Group B,"Arena de São Paulo, São Paulo",played,True,True
2014_13,,2014,World Cup 2014,Matchday 3,2014-06-14,13:00 UTC-3,Colombia,Greece,3.0,0.0,3.0,,,,,,,3.0,0.0,3.0,,,,Group C,"Estádio Mineirão, Belo Horizonte",played,True,True
2014_14,,2014,World Cup 2014,Matchday 3,2014-06-14,22:00 UTC-3,Côte d'Ivoire,Japan,2.0,1.0,3.0,,,,,,,2.0,1.0,3.0,,,,Group C,"Arena Pernambuco, Recife",played,True,True
2014_15,,2014,World Cup 2014,Matchday 8,2014-06-19,13:00 UTC-3,Colombia,Côte d'Ivoire,2.0,1.0,3.0,,,,,,,2.0,1.0,3.0,,,,Group C,"Estádio Nacional Mané Garrincha, Brasília",played,True,True
2014_16,,2014,World Cup 2014,Matchday 8,2014-06-19,19:00 UTC-3,Japan,Greece,0.0,0.0,0.0,,,,,,,0.0,0.0,0.0,,,,Group C,"Estádio das Dunas, Natal",played,True,False
2014_17,,2014,World Cup 2014,Matchday 13,2014-06-24,16:00 UTC-4,Japan,Colombia,1.0,4.0,5.0,,,,,,,1.0,4.0,5.0,,,,Group C,"Arena Pantanal, Cuiabá",played,True,True
2014_18,,2014,World Cup 2014,Matchday 13,2014-06-24,17:00 UTC-3,Greece,Côte d'Ivoire,2.0,1.0,3.0,,,,,,,2.0,1.0,3.0,,,,Group C,"Estádio Castelão, Fortaleza",played,True,True
2014_19,,2014,World Cup 2014,Matchday 3,2014-06-14,16:00 UTC-3,Uruguay,Costa Rica,1.0,3.0,4.0,,,,,,,1.0,3.0,4.0,,,,Group D,"Estádio Castelão, Fortaleza",played,True,True
2014_20,,2014,World Cup 2014,Matchday 3,2014-06-14,18:00 UTC-4,England,Italy,1.0,2.0,3.0,,,,,,,1.0,2.0,3.0,,,,Group D,"Arena Amazônia, Manaus",played,True,True
2014_21,,2014,World Cup 2014,Matchday 8,2014-06-19,16:00 UTC-3,Uruguay,England,2.0,1.0,3.0,,,,,,,2.0,1.0,3.0,,,,Group D,"Arena de São Paulo, São Paulo",played,True,True
2014_22,,2014,World Cup 2014,Matchday 9,2014-06-20,13:00 UTC-3,Italy,Costa Rica,0.0,1.0,1.0,,,,,,,0.0,1.0,1.0,,,,Group D,"Arena Pernambuco, Recife",played,True,True
2014_23,,2014,World Cup 2014,Matchday 13,2014-06-24,13:00 UTC-3,Italy,Uruguay,0.0,1.0,1.0,,,,,,,0.0,1.0,1.0,,,,Group D,"Estádio das Dunas, Natal",played,True,True
2014_24,,2014,World Cup 2014,Matchday 13,2014-06-24,13:00 UTC-3,Costa Rica,England,0.0,0.0,0.0,,,,,,,0.0,0.0,0.0,,,,Group D,"Estádio Mineirão, Belo Horizonte",played,True,False
2014_25,,2014,World Cup 2014,Matchday 4,2014-06-15,13:00 UTC-3,Switzerland,Ecuador,2.0,1.0,3.0,,,,,,,2.0,1.0,3.0,,,,Group E,"Estádio Nacional Mané Garrincha, Brasília",played,True,True
2014_26,,2014,World Cup 2014,Matchday 4,2014-06-15,16:00 UTC-3,France,Honduras,3.0,0.0,3.0,,,,,,,3.0,0.0,3.0,,,,Group E,"Estádio Beira-Rio, Porto Alegre",played,True,True
2014_27,,2014,World Cup 2014,Matchday 9,2014-06-20,16:00 UTC-3,Switzerland,France,2.0,5.0,7.0,,,,,,,2.0,5.0,7.0,,,,Group E,"Arena Fonte Nova, Salvador",played,True,True
2014_28,,2014,World Cup 2014,Matchday 9,2014-06-20,19:00 UTC-3,Honduras,Ecuador,1.0,2.0,3.0,,,,,,,1.0,2.0,3.0,,,,Group E,"Arena da Baixada, Curitiba",played,True,True
2014_29,,2014,World Cup 2014,Matchday 14,2014-06-25,16:00 UTC-4,Honduras,Switzerland,0.0,3.0,3.0,,,,,,,0.0,3.0,3.0,,,,Group E,"Arena Amazônia, Manaus",played,True,True
2014_30,,2014,World Cup 2014,Matchday 14,2014-06-25,17:00 UTC-3,Ecuador,France,0.0,0.0,0.0,,,,,,,0.0,0.0,0.0,,,,Group E,"Estádio do Maracanã, Rio de Janeiro",played,True,False
2014_31,,2014,World Cup 2014,Matchday 4,2014-06-15,19:00 UTC-3,Argentina,Bosnia-Herzegovina,2.0,1.0,3.0,,,,,,,2.0,1.0,3.0,,,,Group F,"Estádio do Maracanã, Rio de Janeiro",played,True,True
2014_32,,2014,World Cup 2014,Matchday 5,2014-06-16,16:00 UTC-3,Iran,Nigeria,0.0,0.0,0.0,,,,,,,0.0,0.0,0.0,,,,Group F,"Arena da Baixada, Curitiba",played,True,False
2014_33,,2014,World Cup 2014,Matchday 10,2014-06-21,13:00 UTC-3,Argentina,Iran,1.0,0.0,1.0,,,,,,,1.0,0.0,1.0,,,,Group F,"Estádio Mineirão, Belo Horizonte",played,True,True
2014_34,,2014,World Cup 2014,Matchday 10,2014-06-21,18:00 UTC-4,Nigeria,Bosnia-Herzegovina,1.0,0.0,1.0,,,,,,,1.0,0.0,1.0,,,,Group F,"Arena Pantanal, Cuiabá",played,True,True
2014_35,,2014,World Cup 2014,Matchday 14,2014-06-25,13:00 UTC-3,Nigeria,Argentina,2.0,3.0,5.0,,,,,,,2.0,3.0,5.0,,,,Group F,"Estádio Beira-Rio, Porto Alegre",played,True,True
2014_36,,2014,World Cup 2014,Matchday 14,2014-06-25,13:00 UTC-3,Bosnia-Herzegovina,Iran,3.0,1.0,4.0,,,,,,,3.0,1.0,4.0,,,,Group F,"Arena Fonte Nova, Salvador",played,True,True
2014_37,,2014,World Cup 2014,Matchday 5,2014-06-16,13:00 UTC-3,Germany,Portugal,4.0,0.0,4.0,,,,,,,4.0,0.0,4.0,,,,Group G,"Arena Fonte Nova, Salvador",played,True,True
2014_38,,2014,World Cup 2014,Matchday 5,2014-06-16,19:00 UTC-3,Ghana,USA,1.0,2.0,3.0,,,,,,,1.0,2.0,3.0,,,,Group G,"Estádio das Dunas, Natal",played,True,True
2014_39,,2014,World Cup 2014,Matchday 10,2014-06-21,16:00 UTC-3,Germany,Ghana,2.0,2.0,4.0,,,,,,,2.0,2.0,4.0,,,,Group G,"Estádio Castelão, Fortaleza",played,True,True
2014_40,,2014,World Cup 2014,Matchday 11,2014-06-22,18:00 UTC-4,USA,Portugal,2.0,2.0,4.0,,,,,,,2.0,2.0,4.0,,,,Group G,"Arena Amazônia, Manaus",played,True,True
2014_41,,2014,World Cup 2014,Matchday 15,2014-06-26,13:00 UTC-3,USA,Germany,0.0,1.0,1.0,,,,,,,0.0,1.0,1.0,,,,Group G,"Arena Pernambuco, Recife",played,True,True
2014_42,,2014,World Cup 2014,Matchday 15,2014-06-26,13:00 UTC-3,Portugal,Ghana,2.0,1.0,3.0,,,,,,,2.0,1.0,3.0,,,,Group G,"Estádio Nacional Mané Garrincha, Brasília",played,True,True
2014_43,,2014,World Cup 2014,Matchday 6,2014-06-17,13:00 UTC-3,Belgium,Algeria,2.0,1.0,3.0,,,,,,,2.0,1.0,3.0,,,,Group H,"Estádio Mineirão, Belo Horizonte",played,True,True
2014_44,,2014,World Cup 2014,Matchday 6,2014-06-17,18:00 UTC-4,Russia,South Korea,1.0,1.0,2.0,,,,,,,1.0,1.0,2.0,,,,Group H,"Arena Pantanal, Cuiabá",played,True,True
2014_45,,2014,World Cup 2014,Matchday 11,2014-06-22,13:00 UTC-3,Belgium,Russia,1.0,0.0,1.0,,,,,,,1.0,0.0,1.0,,,,Group H,"Estádio do Maracanã, Rio de Janeiro",played,True,True
2014_46,,2014,World Cup 2014,Matchday 11,2014-06-22,16:00 UTC-3,South Korea,Algeria,2.0,4.0,6.0,,,,,,,2.0,4.0,6.0,,,,Group H,"Estádio Beira-Rio, Porto Alegre",played,True,True
2014_47,,2014,World Cup 2014,Matchday 15,2014-06-26,17:00 UTC-3,South Korea,Belgium,0.0,1.0,1.0,,,,,,,0.0,1.0,1.0,,,,Group H,"Arena de São Paulo, São Paulo",played,True,True
2014_48,,2014,World Cup 2014,Matchday 15,2014-06-26,17:00 UTC-3,Algeria,Russia,1.0,1.0,2.0,,,,,,,1.0,1.0,2.0,,,,Group H,"Arena da Baixada, Curitiba",played,True,True
2014_49,,2014,World Cup 2014,Round of 16,2014-06-28,13:00 UTC-3,Brazil,Chile,1.0,1.0,2.0,1.0,1.0,2.0,1.0,1.0,2.0,1.0,1.0,2.0,3.0,2.0,5.0,,"Estádio Mineirão, Belo Horizonte",played,True,True
2014_50,,2014,World Cup 2014,Round of 16,2014-06-28,17:00 UTC-3,Colombia,Uruguay,2.0,0.0,2.0,1.0,0.0,1.0,,,,2.0,0.0,2.0,,,,,"Estádio do Maracanã, Rio de Janeiro",played,True,True
2014_51,,2014,World Cup 2014,Round of 16,2014-06-29,13:00 UTC-3,Netherlands,Mexico,2.0,1.0,3.0,0.0,0.0,0.0,,,,2.0,1.0,3.0,,,,,"Estádio Castelão, Fortaleza",played,True,True
2014_52,,2014,World Cup 2014,Round of 16,2014-06-29,17:00 UTC-3,Costa Rica,Greece,1.0,1.0,2.0,0.0,0.0,0.0,1.0,1.0,2.0,1.0,1.0,2.0,5.0,3.0,8.0,,"Arena Pernambuco, Recife",played,True,True
2014_53,,2014,World Cup 2014,Round of 16,2014-06-30,13:00 UTC-3,France,Nigeria,2.0,0.0,2.0,0.0,0.0,0.0,,,,2.0,0.0,2.0,,,,,"Estádio Nacional Mané Garrincha, Brasília",played,True,True
2014_54,,2014,World Cup 2014,Round of 16,2014-06-30,17:00 UTC-3,Germany,Algeria,0.0,0.0,0.0,0.0,0.0,0.0,2.0,1.0,3.0,2.0,1.0,3.0,,,,,"Estádio Beira-Rio, Porto Alegre",played,True,True
2014_55,,2014,World Cup 2014,Round of 16,2014-07-01,13:00 UTC-3,Argentina,Switzerland,0.0,0.0,0.0,0.0,0.0,0.0,1.0,0.0,1.0,1.0,0.0,1.0,,,,,"Arena de São Paulo, São Paulo",played,True,True
2014_56,,2014,World Cup 2014,Round of 16,2014-07-01,17:00 UTC-3,Belgium,USA,0.0,0.0,0.0,0.0,0.0,0.0,2.0,1.0,3.0,2.0,1.0,3.0,,,,,"Arena Fonte Nova, Salvador",played,True,True
2014_57,,2014,World Cup 2014,Quarter-finals,2014-07-04,13:00 UTC-3,France,Germany,0.0,1.0,1.0,0.0,1.0,1.0,,,,0.0,1.0,1.0,,,,,"Estádio do Maracanã, Rio de Janeiro",played,True,True
2014_58,,2014,World Cup 2014,Quarter-finals,2014-07-04,17:00 UTC-3,Brazil,Colombia,2.0,1.0,3.0,1.0,0.0,1.0,,,,2.0,1.0,3.0,,,,,"Estádio Castelão, Fortaleza",played,True,True
2014_59,,2014,World Cup 2014,Quarter-finals,2014-07-05,13:00 UTC-3,Argentina,Belgium,1.0,0.0,1.0,1.0,0.0,1.0,,,,1.0,0.0,1.0,,,,,"Estádio Nacional Mané Garrincha, Brasília",played,True,True
2014_60,,2014,World Cup 2014,Quarter-finals,2014-07-05,17:00 UTC-3,Netherlands,Costa Rica,0.0,0.0,0.0,0.0,0.0,0.0,0.0,0.0,0.0,0.0,0.0,0.0,4.0,3.0,7.0,,"Arena Fonte Nova, Salvador",played,True,False
2014_61,,2014,World Cup 2014,Semi-finals,2014-07-08,17:00 UTC-3,Brazil,Germany,1.0,7.0,8.0,0.0,5.0,5.0,,,,1.0,7.0,8.0,,,,,"Estádio Mineirão, Belo Horizonte",played,True,True
2014_62,,2014,World Cup 2014,Semi-finals,2014-07-09,17:00 UTC-3,Netherlands,Argentina,0.0,0.0,0.0,0.0,0.0,0.0,0.0,0.0,0.0,0.0,0.0,0.0,2.0,4.0,6.0,,"Arena de São Paulo, São Paulo",played,True,False
2014_63,,2014,World Cup 2014,Match for third place,2014-07-12,17:00 UTC-3,Brazil,Netherlands,0.0,3.0,3.0,0.0,2.0,2.0,,,,0.0,3.0,3.0,,,,,"Estádio Nacional Mané Garrincha, Brasília",played,True,True
2014_64,,2014,World Cup 2014,Final,2014-07-13,16:00 UTC-3,Germany,Argentina,0.0,0.0,0.0,0.0,0.0,0.0,1.0,0.0,1.0,1.0,0.0,1.0,,,,,"Estádio do Maracanã, Rio de Janeiro",played,True,True
2018_1,,2018,World Cup 2018,Matchday 1,2018-06-14,18:00 UTC+3,Russia,Saudi Arabia,5.0,0.0,5.0,2.0,0.0,2.0,,,,5.0,0.0,5.0,,,,Group A,"Luzhniki Stadium, Moscow",played,True,True
2018_2,,2018,World Cup 2018,Matchday 2,2018-06-15,17:00 UTC+5,Egypt,Uruguay,0.0,1.0,1.0,0.0,0.0,0.0,,,,0.0,1.0,1.0,,,,Group A,"Ekaterinburg Arena, Ekaterinburg",played,True,True
2018_3,,2018,World Cup 2018,Matchday 6,2018-06-19,21:00 UTC+3,Russia,Egypt,3.0,1.0,4.0,0.0,0.0,0.0,,,,3.0,1.0,4.0,,,,Group A,"Saint Petersburg Stadium, Saint Petersburg",played,True,True
2018_4,,2018,World Cup 2018,Matchday 7,2018-06-20,18:00 UTC+3,Uruguay,Saudi Arabia,1.0,0.0,1.0,1.0,0.0,1.0,,,,1.0,0.0,1.0,,,,Group A,"Rostov Arena, Rostov-on-Don",played,True,True
2018_5,,2018,World Cup 2018,Matchday 12,2018-06-25,18:00 UTC+4,Uruguay,Russia,3.0,0.0,3.0,2.0,0.0,2.0,,,,3.0,0.0,3.0,,,,Group A,"Samara Arena, Samara",played,True,True
2018_6,,2018,World Cup 2018,Matchday 12,2018-06-25,17:00 UTC+3,Saudi Arabia,Egypt,2.0,1.0,3.0,1.0,1.0,2.0,,,,2.0,1.0,3.0,,,,Group A,"Volgograd Arena, Volgograd",played,True,True
2018_7,,2018,World Cup 2018,Matchday 2,2018-06-15,18:00 UTC+3,Morocco,Iran,0.0,1.0,1.0,0.0,0.0,0.0,,,,0.0,1.0,1.0,,,,Group B,"Saint Petersburg Stadium, Saint Petersburg",played,True,True
2018_8,,2018,World Cup 2018,Matchday 2,2018-06-15,21:00 UTC+3,Portugal,Spain,3.0,3.0,6.0,2.0,1.0,3.0,,,,3.0,3.0,6.0,,,,Group B,"Fisht Stadium, Sochi",played,True,True
2018_9,,2018,World Cup 2018,Matchday 7,2018-06-20,15:00 UTC+3,Portugal,Morocco,1.0,0.0,1.0,1.0,0.0,1.0,,,,1.0,0.0,1.0,,,,Group B,"Luzhniki Stadium, Moscow",played,True,True
2018_10,,2018,World Cup 2018,Matchday 7,2018-06-20,21:00 UTC+3,Iran,Spain,0.0,1.0,1.0,0.0,0.0,0.0,,,,0.0,1.0,1.0,,,,Group B,"Kazan Arena, Kazan",played,True,True
2018_11,,2018,World Cup 2018,Matchday 12,2018-06-25,21:00 UTC+3,Iran,Portugal,1.0,1.0,2.0,0.0,1.0,1.0,,,,1.0,1.0,2.0,,,,Group B,"Mordovia Arena, Saransk",played,True,True
2018_12,,2018,World Cup 2018,Matchday 12,2018-06-25,20:00 UTC+2,Spain,Morocco,2.0,2.0,4.0,1.0,1.0,2.0,,,,2.0,2.0,4.0,,,,Group B,"Kaliningrad Stadium, Kaliningrad",played,True,True
2018_13,,2018,World Cup 2018,Matchday 3,2018-06-16,13:00 UTC+3,France,Australia,2.0,1.0,3.0,0.0,0.0,0.0,,,,2.0,1.0,3.0,,,,Group C,"Kazan Arena, Kazan",played,True,True
2018_14,,2018,World Cup 2018,Matchday 3,2018-06-16,19:00 UTC+3,Peru,Denmark,0.0,1.0,1.0,0.0,0.0,0.0,,,,0.0,1.0,1.0,,,,Group C,"Mordovia Arena, Saransk",played,True,True
2018_15,,2018,World Cup 2018,Matchday 8,2018-06-21,16:00 UTC+4,Denmark,Australia,1.0,1.0,2.0,1.0,1.0,2.0,,,,1.0,1.0,2.0,,,,Group C,"Samara Arena, Samara",played,True,True
2018_16,,2018,World Cup 2018,Matchday 8,2018-06-21,20:00 UTC+5,France,Peru,1.0,0.0,1.0,1.0,0.0,1.0,,,,1.0,0.0,1.0,,,,Group C,"Ekaterinburg Arena, Ekaterinburg",played,True,True
2018_17,,2018,World Cup 2018,Matchday 13,2018-06-26,17:00 UTC+3,Denmark,France,0.0,0.0,0.0,0.0,0.0,0.0,,,,0.0,0.0,0.0,,,,Group C,"Luzhniki Stadium, Moscow",played,True,False
2018_18,,2018,World Cup 2018,Matchday 13,2018-06-26,17:00 UTC+3,Australia,Peru,0.0,2.0,2.0,0.0,1.0,1.0,,,,0.0,2.0,2.0,,,,Group C,"Fisht Stadium, Sochi",played,True,True
2018_19,,2018,World Cup 2018,Matchday 3,2018-06-16,16:00 UTC+3,Argentina,Iceland,1.0,1.0,2.0,1.0,1.0,2.0,,,,1.0,1.0,2.0,,,,Group D,"Spartak Stadium, Moscow",played,True,True
2018_20,,2018,World Cup 2018,Matchday 3,2018-06-16,21:00 UTC+2,Croatia,Nigeria,2.0,0.0,2.0,1.0,0.0,1.0,,,,2.0,0.0,2.0,,,,Group D,"Kaliningrad Stadium, Kaliningrad",played,True,True
2018_21,,2018,World Cup 2018,Matchday 8,2018-06-21,21:00 UTC+3,Argentina,Croatia,0.0,3.0,3.0,0.0,0.0,0.0,,,,0.0,3.0,3.0,,,,Group D,"Nizhny Novgorod Stadium, Nizhny Novgorod",played,True,True
2018_22,,2018,World Cup 2018,Matchday 9,2018-06-22,18:00 UTC+3,Nigeria,Iceland,2.0,0.0,2.0,0.0,0.0,0.0,,,,2.0,0.0,2.0,,,,Group D,"Volgograd Arena, Volgograd",played,True,True
2018_23,,2018,World Cup 2018,Matchday 13,2018-06-26,21:00 UTC+3,Nigeria,Argentina,1.0,2.0,3.0,0.0,1.0,1.0,,,,1.0,2.0,3.0,,,,Group D,"Saint Petersburg Stadium, Saint Petersburg",played,True,True
2018_24,,2018,World Cup 2018,Matchday 13,2018-06-26,21:00 UTC+3,Iceland,Croatia,1.0,2.0,3.0,0.0,0.0,0.0,,,,1.0,2.0,3.0,,,,Group D,"Rostov Arena, Rostov-on-Don",played,True,True
2018_25,,2018,World Cup 2018,Matchday 4,2018-06-17,16:00 UTC+4,Costa Rica,Serbia,0.0,1.0,1.0,0.0,0.0,0.0,,,,0.0,1.0,1.0,,,,Group E,"Samara Arena, Samara",played,True,True
2018_26,,2018,World Cup 2018,Matchday 4,2018-06-17,21:00 UTC+3,Brazil,Switzerland,1.0,1.0,2.0,1.0,0.0,1.0,,,,1.0,1.0,2.0,,,,Group E,"Rostov Arena, Rostov-on-Don",played,True,True
2018_27,,2018,World Cup 2018,Matchday 9,2018-06-22,15:00 UTC+3,Brazil,Costa Rica,2.0,0.0,2.0,0.0,0.0,0.0,,,,2.0,0.0,2.0,,,,Group E,"Saint Petersburg Stadium, Saint Petersburg",played,True,True
2018_28,,2018,World Cup 2018,Matchday 9,2018-06-22,20:00 UTC+2,Serbia,Switzerland,1.0,2.0,3.0,1.0,0.0,1.0,,,,1.0,2.0,3.0,,,,Group E,"Kaliningrad Stadium, Kaliningrad",played,True,True
2018_29,,2018,World Cup 2018,Matchday 14,2018-06-27,21:00 UTC+3,Serbia,Brazil,0.0,2.0,2.0,0.0,1.0,1.0,,,,0.0,2.0,2.0,,,,Group E,"Spartak Stadium, Moscow",played,True,True
2018_30,,2018,World Cup 2018,Matchday 14,2018-06-27,21:00 UTC+3,Switzerland,Costa Rica,2.0,2.0,4.0,1.0,0.0,1.0,,,,2.0,2.0,4.0,,,,Group E,"Nizhny Novgorod Stadium, Nizhny Novgorod",played,True,True
2018_31,,2018,World Cup 2018,Matchday 4,2018-06-17,18:00 UTC+3,Germany,Mexico,0.0,1.0,1.0,0.0,1.0,1.0,,,,0.0,1.0,1.0,,,,Group F,"Luzhniki Stadium, Moscow",played,True,True
2018_32,,2018,World Cup 2018,Matchday 5,2018-06-18,15:00 UTC+3,Sweden,South Korea,1.0,0.0,1.0,0.0,0.0,0.0,,,,1.0,0.0,1.0,,,,Group F,"Nizhny Novgorod Stadium, Nizhny Novgorod",played,True,True
2018_33,,2018,World Cup 2018,Matchday 10,2018-06-23,18:00 UTC+3,South Korea,Mexico,1.0,2.0,3.0,0.0,1.0,1.0,,,,1.0,2.0,3.0,,,,Group F,"Rostov Arena, Rostov-on-Don",played,True,True
2018_34,,2018,World Cup 2018,Matchday 10,2018-06-23,21:00 UTC+3,Germany,Sweden,2.0,1.0,3.0,0.0,1.0,1.0,,,,2.0,1.0,3.0,,,,Group F,"Fisht Stadium, Sochi",played,True,True
2018_35,,2018,World Cup 2018,Matchday 14,2018-06-27,17:00 UTC+3,South Korea,Germany,2.0,0.0,2.0,0.0,0.0,0.0,,,,2.0,0.0,2.0,,,,Group F,"Kazan Arena, Kazan",played,True,True
2018_36,,2018,World Cup 2018,Matchday 14,2018-06-27,19:00 UTC+5,Mexico,Sweden,0.0,3.0,3.0,0.0,0.0,0.0,,,,0.0,3.0,3.0,,,,Group F,"Ekaterinburg Arena, Ekaterinburg",played,True,True
2018_37,,2018,World Cup 2018,Matchday 5,2018-06-18,18:00 UTC+3,Belgium,Panama,3.0,0.0,3.0,0.0,0.0,0.0,,,,3.0,0.0,3.0,,,,Group G,"Fisht Stadium, Sochi",played,True,True
2018_38,,2018,World Cup 2018,Matchday 5,2018-06-18,21:00 UTC+3,Tunisia,England,1.0,2.0,3.0,1.0,1.0,2.0,,,,1.0,2.0,3.0,,,,Group G,"Volgograd Arena, Volgograd",played,True,True
2018_39,,2018,World Cup 2018,Matchday 10,2018-06-23,15:00 UTC+3,Belgium,Tunisia,5.0,2.0,7.0,3.0,1.0,4.0,,,,5.0,2.0,7.0,,,,Group G,"Spartak Stadium, Moscow",played,True,True
2018_40,,2018,World Cup 2018,Matchday 11,2018-06-24,15:00 UTC+3,England,Panama,6.0,1.0,7.0,5.0,0.0,5.0,,,,6.0,1.0,7.0,,,,Group G,"Nizhny Novgorod Stadium, Nizhny Novgorod",played,True,True
2018_41,,2018,World Cup 2018,Matchday 15,2018-06-28,20:00 UTC+2,England,Belgium,0.0,1.0,1.0,0.0,0.0,0.0,,,,0.0,1.0,1.0,,,,Group G,"Kaliningrad Stadium, Kaliningrad",played,True,True
2018_42,,2018,World Cup 2018,Matchday 15,2018-06-28,21:00 UTC+3,Panama,Tunisia,1.0,2.0,3.0,1.0,0.0,1.0,,,,1.0,2.0,3.0,,,,Group G,"Mordovia Arena, Saransk",played,True,True
2018_43,,2018,World Cup 2018,Matchday 6,2018-06-19,15:00 UTC+3,Colombia,Japan,1.0,2.0,3.0,1.0,1.0,2.0,,,,1.0,2.0,3.0,,,,Group H,"Mordovia Arena, Saransk",played,True,True
2018_44,,2018,World Cup 2018,Matchday 6,2018-06-19,18:00 UTC+3,Poland,Senegal,1.0,2.0,3.0,0.0,1.0,1.0,,,,1.0,2.0,3.0,,,,Group H,"Spartak Stadium, Moscow",played,True,True
2018_45,,2018,World Cup 2018,Matchday 11,2018-06-24,20:00 UTC+5,Japan,Senegal,2.0,2.0,4.0,1.0,1.0,2.0,,,,2.0,2.0,4.0,,,,Group H,"Ekaterinburg Arena, Ekaterinburg",played,True,True
2018_46,,2018,World Cup 2018,Matchday 11,2018-06-24,21:00 UTC+3,Poland,Colombia,0.0,3.0,3.0,0.0,1.0,1.0,,,,0.0,3.0,3.0,,,,Group H,"Kazan Arena, Kazan",played,True,True
2018_47,,2018,World Cup 2018,Matchday 15,2018-06-28,17:00 UTC+3,Japan,Poland,0.0,1.0,1.0,0.0,1.0,1.0,,,,0.0,1.0,1.0,,,,Group H,"Volgograd Arena, Volgograd",played,True,True
2018_48,,2018,World Cup 2018,Matchday 15,2018-06-28,18:00 UTC+4,Senegal,Colombia,0.0,1.0,1.0,0.0,1.0,1.0,,,,0.0,1.0,1.0,,,,Group H,"Samara Arena, Samara",played,True,True
2018_49,,2018,World Cup 2018,Round of 16,2018-06-30,17:00 UTC+3,France,Argentina,4.0,3.0,7.0,1.0,1.0,2.0,,,,4.0,3.0,7.0,,,,,"Kazan Arena, Kazan",played,True,True
2018_50,,2018,World Cup 2018,Round of 16,2018-06-30,21:00 UTC+3,Uruguay,Portugal,2.0,1.0,3.0,1.0,0.0,1.0,,,,2.0,1.0,3.0,,,,,"Fisht Stadium, Sochi",played,True,True
2018_51,,2018,World Cup 2018,Round of 16,2018-07-01,17:00 UTC+3,Spain,Russia,1.0,1.0,2.0,1.0,1.0,2.0,1.0,1.0,2.0,1.0,1.0,2.0,3.0,4.0,7.0,,"Luzhniki Stadium, Moscow",played,True,True
2018_52,,2018,World Cup 2018,Round of 16,2018-07-01,21:00 UTC+3,Croatia,Denmark,1.0,1.0,2.0,1.0,1.0,2.0,1.0,1.0,2.0,1.0,1.0,2.0,3.0,2.0,5.0,,"Nizhny Novgorod Stadium, Nizhny Novgorod",played,True,True
2018_53,,2018,World Cup 2018,Round of 16,2018-07-02,18:00 UTC+4,Brazil,Mexico,2.0,0.0,2.0,0.0,0.0,0.0,,,,2.0,0.0,2.0,,,,,"Samara Arena, Samara",played,True,True
2018_54,,2018,World Cup 2018,Round of 16,2018-07-02,21:00 UTC+3,Belgium,Japan,3.0,2.0,5.0,0.0,0.0,0.0,,,,3.0,2.0,5.0,,,,,"Rostov Arena, Rostov-on-Don",played,True,True
2018_55,,2018,World Cup 2018,Round of 16,2018-07-03,17:00 UTC+3,Sweden,Switzerland,1.0,0.0,1.0,0.0,0.0,0.0,,,,1.0,0.0,1.0,,,,,"Saint Petersburg Stadium, Saint Petersburg",played,True,True
2018_56,,2018,World Cup 2018,Round of 16,2018-07-03,21:00 UTC+3,Colombia,England,1.0,1.0,2.0,0.0,0.0,0.0,1.0,1.0,2.0,1.0,1.0,2.0,3.0,4.0,7.0,,"Spartak Stadium, Moscow",played,True,True
2018_57,,2018,World Cup 2018,Quarter-finals,2018-07-06,17:00 UTC+3,Uruguay,France,0.0,2.0,2.0,0.0,1.0,1.0,,,,0.0,2.0,2.0,,,,,"Nizhny Novgorod Stadium, Nizhny Novgorod",played,True,True
2018_58,,2018,World Cup 2018,Quarter-finals,2018-07-06,21:00 UTC+3,Brazil,Belgium,1.0,2.0,3.0,0.0,2.0,2.0,,,,1.0,2.0,3.0,,,,,"Kazan Arena, Kazan",played,True,True
2018_59,,2018,World Cup 2018,Quarter-finals,2018-07-07,18:00 UTC+4,Sweden,England,0.0,2.0,2.0,0.0,1.0,1.0,,,,0.0,2.0,2.0,,,,,"Samara Arena, Samara",played,True,True
2018_60,,2018,World Cup 2018,Quarter-finals,2018-07-07,21:00 UTC+3,Russia,Croatia,1.0,1.0,2.0,1.0,1.0,2.0,2.0,2.0,4.0,2.0,2.0,4.0,3.0,4.0,7.0,,"Fisht Stadium, Sochi",played,True,True
2018_61,,2018,World Cup 2018,Semi-finals,2018-07-10,21:00 UTC+3,France,Belgium,1.0,0.0,1.0,0.0,0.0,0.0,,,,1.0,0.0,1.0,,,,,"Saint Petersburg Stadium, St. Petersburg",played,True,True
2018_62,,2018,World Cup 2018,Semi-finals,2018-07-11,21:00 UTC+3,Croatia,England,1.0,1.0,2.0,0.0,1.0,1.0,2.0,1.0,3.0,2.0,1.0,3.0,,,,,"Luzhniki Stadium, Moscow",played,True,True
2018_63,,2018,World Cup 2018,Match for third place,2018-07-14,17:00 UTC+3,Belgium,England,2.0,0.0,2.0,1.0,0.0,1.0,,,,2.0,0.0,2.0,,,,,"Saint Petersburg Stadium, St. Petersburg",played,True,True
2018_64,,2018,World Cup 2018,Final,2018-07-15,18:00 UTC+3,France,Croatia,4.0,2.0,6.0,2.0,1.0,3.0,,,,4.0,2.0,6.0,,,,,"Luzhniki Stadium, Moscow",played,True,True
2022_1,,2022,World Cup 2022,Matchday 1,2022-11-20,19:00,Qatar,Ecuador,0.0,2.0,2.0,0.0,2.0,2.0,,,,0.0,2.0,2.0,,,,Group A,"Al Bayt Stadium, Al Khor",played,True,True
2022_2,,2022,World Cup 2022,Matchday 2,2022-11-21,19:00,Senegal,Netherlands,0.0,2.0,2.0,0.0,0.0,0.0,,,,0.0,2.0,2.0,,,,Group A,"Al Thumama Stadium, Doha",played,True,True
2022_3,,2022,World Cup 2022,Matchday 6,2022-11-25,16:00,Qatar,Senegal,1.0,3.0,4.0,0.0,1.0,1.0,,,,1.0,3.0,4.0,,,,Group A,"Al Thumama Stadium, Doha",played,True,True
2022_4,,2022,World Cup 2022,Matchday 6,2022-11-25,19:00,Netherlands,Ecuador,1.0,1.0,2.0,1.0,0.0,1.0,,,,1.0,1.0,2.0,,,,Group A,"Khalifa International Stadium, Al Rayyan",played,True,True
2022_5,,2022,World Cup 2022,Matchday 10,2022-11-29,18:00,Ecuador,Senegal,1.0,2.0,3.0,0.0,1.0,1.0,,,,1.0,2.0,3.0,,,,Group A,"Khalifa International Stadium, Al Rayyan",played,True,True
2022_6,,2022,World Cup 2022,Matchday 10,2022-11-29,18:00,Netherlands,Qatar,2.0,0.0,2.0,1.0,0.0,1.0,,,,2.0,0.0,2.0,,,,Group A,"Al Bayt Stadium, Al Khor",played,True,True
2022_7,,2022,World Cup 2022,Matchday 2,2022-11-21,16:00,England,Iran,6.0,2.0,8.0,3.0,0.0,3.0,,,,6.0,2.0,8.0,,,,Group B,"Khalifa International Stadium, Al Rayyan",played,True,True
2022_8,,2022,World Cup 2022,Matchday 2,2022-11-21,22:00,USA,Wales,1.0,1.0,2.0,1.0,0.0,1.0,,,,1.0,1.0,2.0,,,,Group B,"Ahmad bin Ali Stadium, Al Rayyan",played,True,True
2022_9,,2022,World Cup 2022,Matchday 6,2022-11-25,13:00,Wales,Iran,0.0,2.0,2.0,0.0,0.0,0.0,,,,0.0,2.0,2.0,,,,Group B,"Ahmad bin Ali Stadium, Al Rayyan",played,True,True
2022_10,,2022,World Cup 2022,Matchday 6,2022-11-25,22:00,England,USA,0.0,0.0,0.0,,,,,,,0.0,0.0,0.0,,,,Group B,"Al Bayt Stadium, Al Khor",played,True,False
2022_11,,2022,World Cup 2022,Matchday 10,2022-11-29,22:00,Wales,England,0.0,3.0,3.0,0.0,0.0,0.0,,,,0.0,3.0,3.0,,,,Group B,"Ahmad bin Ali Stadium, Al Rayyan",played,True,True
2022_12,,2022,World Cup 2022,Matchday 10,2022-11-29,22:00,Iran,USA,0.0,1.0,1.0,0.0,1.0,1.0,,,,0.0,1.0,1.0,,,,Group B,"Al Thumama Stadium, Doha",played,True,True
2022_13,,2022,World Cup 2022,Matchday 3,2022-11-22,13:00,Argentina,Saudi Arabia,1.0,2.0,3.0,1.0,0.0,1.0,,,,1.0,2.0,3.0,,,,Group C,"Lusail Iconic Stadium, Lusail",played,True,True
2022_14,,2022,World Cup 2022,Matchday 3,2022-11-22,19:00,Mexico,Poland,0.0,0.0,0.0,,,,,,,0.0,0.0,0.0,,,,Group C,"Stadium 974, Doha",played,True,False
2022_15,,2022,World Cup 2022,Matchday 7,2022-11-26,16:00,Poland,Saudi Arabia,2.0,0.0,2.0,1.0,0.0,1.0,,,,2.0,0.0,2.0,,,,Group C,"Education City Stadium, Al Rayyan",played,True,True
2022_16,,2022,World Cup 2022,Matchday 7,2022-11-26,22:00,Argentina,Mexico,2.0,0.0,2.0,0.0,0.0,0.0,,,,2.0,0.0,2.0,,,,Group C,"Lusail Iconic Stadium, Lusail",played,True,True
2022_17,,2022,World Cup 2022,Matchday 11,2022-11-30,22:00,Poland,Argentina,0.0,2.0,2.0,0.0,0.0,0.0,,,,0.0,2.0,2.0,,,,Group C,"Stadium 974, Doha",played,True,True
2022_18,,2022,World Cup 2022,Matchday 11,2022-11-30,22:00,Saudi Arabia,Mexico,1.0,2.0,3.0,0.0,0.0,0.0,,,,1.0,2.0,3.0,,,,Group C,"Lusail Iconic Stadium, Lusail",played,True,True
2022_19,,2022,World Cup 2022,Matchday 3,2022-11-22,16:00,Denmark,Tunisia,0.0,0.0,0.0,,,,,,,0.0,0.0,0.0,,,,Group D,"Education City Stadium, Al Rayyan",played,True,False
2022_20,,2022,World Cup 2022,Matchday 3,2022-11-22,22:00,France,Australia,4.0,1.0,5.0,2.0,1.0,3.0,,,,4.0,1.0,5.0,,,,Group D,"Al Janoub Stadium, Al Wakrah",played,True,True
2022_21,,2022,World Cup 2022,Matchday 7,2022-11-26,13:00,Tunisia,Australia,0.0,1.0,1.0,0.0,1.0,1.0,,,,0.0,1.0,1.0,,,,Group D,"Al Janoub Stadium, Al Wakrah",played,True,True
2022_22,,2022,World Cup 2022,Matchday 7,2022-11-26,19:00,France,Denmark,2.0,1.0,3.0,0.0,0.0,0.0,,,,2.0,1.0,3.0,,,,Group D,"Stadium 974, Doha",played,True,True
2022_23,,2022,World Cup 2022,Matchday 11,2022-11-30,18:00,Australia,Denmark,1.0,0.0,1.0,0.0,0.0,0.0,,,,1.0,0.0,1.0,,,,Group D,"Al Janoub Stadium, Al Wakrah",played,True,True
2022_24,,2022,World Cup 2022,Matchday 11,2022-11-30,18:00,Tunisia,France,1.0,0.0,1.0,0.0,0.0,0.0,,,,1.0,0.0,1.0,,,,Group D,"Education City Stadium, Al Rayyan",played,True,True
2022_25,,2022,World Cup 2022,Matchday 4,2022-11-23,16:00,Germany,Japan,1.0,2.0,3.0,1.0,0.0,1.0,,,,1.0,2.0,3.0,,,,Group E,"Khalifa International Stadium, Al Rayyan",played,True,True
2022_26,,2022,World Cup 2022,Matchday 4,2022-11-23,19:00,Spain,Costa Rica,7.0,0.0,7.0,3.0,0.0,3.0,,,,7.0,0.0,7.0,,,,Group E,"Al Thumama Stadium, Doha",played,True,True
2022_27,,2022,World Cup 2022,Matchday 8,2022-11-27,13:00,Japan,Costa Rica,0.0,1.0,1.0,0.0,0.0,0.0,,,,0.0,1.0,1.0,,,,Group E,"Ahmad bin Ali Stadium, Al Rayyan",played,True,True
2022_28,,2022,World Cup 2022,Matchday 8,2022-11-27,22:00,Spain,Germany,1.0,1.0,2.0,0.0,0.0,0.0,,,,1.0,1.0,2.0,,,,Group E,"Al Bayt Stadium, Al Khor",played,True,True
2022_29,,2022,World Cup 2022,Matchday 12,2022-12-01,22:00,Japan,Spain,2.0,1.0,3.0,0.0,0.0,0.0,,,,2.0,1.0,3.0,,,,Group E,"Khalifa International Stadium, Al Rayyan",played,True,True
2022_30,,2022,World Cup 2022,Matchday 12,2022-12-01,22:00,Costa Rica,Germany,2.0,4.0,6.0,0.0,1.0,1.0,,,,2.0,4.0,6.0,,,,Group E,"Al Bayt Stadium, Al Khor",played,True,True
2022_31,,2022,World Cup 2022,Matchday 4,2022-11-23,13:00,Morocco,Croatia,0.0,0.0,0.0,,,,,,,0.0,0.0,0.0,,,,Group F,"Al Bayt Stadium, Al Khor",played,True,False
2022_32,,2022,World Cup 2022,Matchday 4,2022-11-23,22:00,Belgium,Canada,1.0,0.0,1.0,1.0,0.0,1.0,,,,1.0,0.0,1.0,,,,Group F,"Ahmad bin Ali Stadium, Al Rayyan",played,True,True
2022_33,,2022,World Cup 2022,Matchday 8,2022-11-27,16:00,Belgium,Morocco,0.0,2.0,2.0,0.0,0.0,0.0,,,,0.0,2.0,2.0,,,,Group F,"Al Thumama Stadium, Doha",played,True,True
2022_34,,2022,World Cup 2022,Matchday 8,2022-11-27,19:00,Croatia,Canada,4.0,1.0,5.0,2.0,1.0,3.0,,,,4.0,1.0,5.0,,,,Group F,"Khalifa International Stadium, Al Rayyan",played,True,True
2022_35,,2022,World Cup 2022,Matchday 12,2022-12-01,18:00,Croatia,Belgium,0.0,0.0,0.0,,,,,,,0.0,0.0,0.0,,,,Group F,"Ahmad bin Ali Stadium, Al Rayyan",played,True,False
2022_36,,2022,World Cup 2022,Matchday 12,2022-12-01,18:00,Canada,Morocco,1.0,2.0,3.0,1.0,2.0,3.0,,,,1.0,2.0,3.0,,,,Group F,"Al Thumama Stadium, Doha",played,True,True
2022_37,,2022,World Cup 2022,Matchday 5,2022-11-24,13:00,Switzerland,Cameroon,1.0,0.0,1.0,0.0,0.0,0.0,,,,1.0,0.0,1.0,,,,Group G,"Al Janoub Stadium, Al Wakrah",played,True,True
2022_38,,2022,World Cup 2022,Matchday 5,2022-11-24,22:00,Brazil,Serbia,2.0,0.0,2.0,0.0,0.0,0.0,,,,2.0,0.0,2.0,,,,Group G,"Lusail Iconic Stadium, Lusail",played,True,True
2022_39,,2022,World Cup 2022,Matchday 9,2022-11-28,13:00,Cameroon,Serbia,3.0,3.0,6.0,1.0,2.0,3.0,,,,3.0,3.0,6.0,,,,Group G,"Al Janoub Stadium, Al Wakrah",played,True,True
2022_40,,2022,World Cup 2022,Matchday 9,2022-11-28,19:00,Brazil,Switzerland,1.0,0.0,1.0,0.0,0.0,0.0,,,,1.0,0.0,1.0,,,,Group G,"Stadium 974, Doha",played,True,True
2022_41,,2022,World Cup 2022,Matchday 13,2022-12-02,22:00,Serbia,Switzerland,2.0,3.0,5.0,2.0,1.0,3.0,,,,2.0,3.0,5.0,,,,Group G,"Stadium 974, Doha",played,True,True
2022_42,,2022,World Cup 2022,Matchday 13,2022-12-02,22:00,Cameroon,Brazil,1.0,0.0,1.0,0.0,0.0,0.0,,,,1.0,0.0,1.0,,,,Group G,"Lusail Iconic Stadium, Lusail",played,True,True
2022_43,,2022,World Cup 2022,Matchday 5,2022-11-24,16:00,Uruguay,South Korea,0.0,0.0,0.0,,,,,,,0.0,0.0,0.0,,,,Group H,"Education City Stadium, Al Rayyan",played,True,False
2022_44,,2022,World Cup 2022,Matchday 5,2022-11-24,19:00,Portugal,Ghana,3.0,2.0,5.0,0.0,0.0,0.0,,,,3.0,2.0,5.0,,,,Group H,"Stadium 974, Doha",played,True,True
2022_45,,2022,World Cup 2022,Matchday 9,2022-11-28,16:00,South Korea,Ghana,2.0,3.0,5.0,0.0,2.0,2.0,,,,2.0,3.0,5.0,,,,Group H,"Education City Stadium, Al Rayyan",played,True,True
2022_46,,2022,World Cup 2022,Matchday 9,2022-11-28,22:00,Portugal,Uruguay,2.0,0.0,2.0,0.0,0.0,0.0,,,,2.0,0.0,2.0,,,,Group H,"Lusail Iconic Stadium, Lusail",played,True,True
2022_47,,2022,World Cup 2022,Matchday 13,2022-12-02,18:00,Ghana,Uruguay,0.0,2.0,2.0,,,,,,,0.0,2.0,2.0,,,,Group H,"Al Janoub Stadium, Al Wakrah",played,True,True
2022_48,,2022,World Cup 2022,Matchday 13,2022-12-02,18:00,South Korea,Portugal,2.0,1.0,3.0,1.0,1.0,2.0,,,,2.0,1.0,3.0,,,,Group H,"Lusail Iconic Stadium, Lusail",played,True,True
2022_49,,2022,World Cup 2022,Round of 16,2022-12-03,18:00,Netherlands,USA,3.0,1.0,4.0,2.0,0.0,2.0,,,,3.0,1.0,4.0,,,,,"Khalifa International Stadium, Al Rayyan",played,True,True
2022_50,,2022,World Cup 2022,Round of 16,2022-12-03,22:00,Argentina,Australia,2.0,1.0,3.0,1.0,0.0,1.0,,,,2.0,1.0,3.0,,,,,"Ahmad bin Ali Stadium, Al Rayyan",played,True,True
2022_51,,2022,World Cup 2022,Round of 16,2022-12-04,18:00,France,Poland,3.0,1.0,4.0,1.0,0.0,1.0,,,,3.0,1.0,4.0,,,,,"Al Thumama Stadium, Doha",played,True,True
2022_52,,2022,World Cup 2022,Round of 16,2022-12-04,22:00,England,Senegal,3.0,0.0,3.0,2.0,0.0,2.0,,,,3.0,0.0,3.0,,,,,"Al Bayt Stadium, Al Khor",played,True,True
2022_53,,2022,World Cup 2022,Round of 16,2022-12-05,18:00,Japan,Croatia,1.0,1.0,2.0,1.0,0.0,1.0,1.0,1.0,2.0,1.0,1.0,2.0,1.0,3.0,4.0,,"Al Janoub Stadium, Al Wakrah",played,True,True
2022_54,,2022,World Cup 2022,Round of 16,2022-12-05,22:00,Brazil,South Korea,4.0,1.0,5.0,4.0,0.0,4.0,,,,4.0,1.0,5.0,,,,,"Stadium 974, Doha",played,True,True
2022_55,,2022,World Cup 2022,Round of 16,2022-12-06,18:00,Morocco,Spain,0.0,0.0,0.0,0.0,0.0,0.0,0.0,0.0,0.0,0.0,0.0,0.0,3.0,0.0,3.0,,"Education City Stadium, Al Rayyan",played,True,False
2022_56,,2022,World Cup 2022,Round of 16,2022-12-06,22:00,Portugal,Switzerland,6.0,1.0,7.0,2.0,0.0,2.0,,,,6.0,1.0,7.0,,,,,"Lusail Iconic Stadium, Lusail",played,True,True
2022_57,,2022,World Cup 2022,Quarter-finals,2022-12-09,18:00,Croatia,Brazil,0.0,0.0,0.0,0.0,0.0,0.0,1.0,1.0,2.0,1.0,1.0,2.0,4.0,2.0,6.0,,"Education City Stadium, Al Rayyan",played,True,True
2022_58,,2022,World Cup 2022,Quarter-finals,2022-12-09,22:00,Netherlands,Argentina,2.0,2.0,4.0,1.0,0.0,1.0,2.0,2.0,4.0,2.0,2.0,4.0,3.0,4.0,7.0,,"Lusail Iconic Stadium, Lusail",played,True,True
2022_59,,2022,World Cup 2022,Quarter-finals,2022-12-10,18:00,Morocco,Portugal,1.0,0.0,1.0,1.0,0.0,1.0,,,,1.0,0.0,1.0,,,,,"Al Thumama Stadium, Doha",played,True,True
2022_60,,2022,World Cup 2022,Quarter-finals,2022-12-10,22:00,England,France,1.0,2.0,3.0,0.0,1.0,1.0,,,,1.0,2.0,3.0,,,,,"Al Bayt Stadium, Al Khor",played,True,True
2022_61,,2022,World Cup 2022,Semi-finals,2022-12-13,22:00,Argentina,Croatia,3.0,0.0,3.0,2.0,0.0,2.0,,,,3.0,0.0,3.0,,,,,"Lusail Iconic Stadium, Lusail",played,True,True
2022_62,,2022,World Cup 2022,Semi-finals,2022-12-14,22:00,France,Morocco,2.0,0.0,2.0,1.0,0.0,1.0,,,,2.0,0.0,2.0,,,,,"Al Bayt Stadium, Al Khor",played,True,True
2022_63,,2022,World Cup 2022,Match for third place,2022-12-17,18:00,Croatia,Morocco,2.0,1.0,3.0,2.0,1.0,3.0,,,,2.0,1.0,3.0,,,,,"Khalifa International Stadium, Al Rayyan",played,True,True
2022_64,,2022,World Cup 2022,Final,2022-12-18,18:00,Argentina,France,2.0,2.0,4.0,2.0,0.0,2.0,3.0,3.0,6.0,3.0,3.0,6.0,4.0,2.0,6.0,,"Lusail Iconic Stadium, Lusail",played,True,True
2026_1,,2026,World Cup 2026,Matchday 1,2026-06-11,13:00 UTC-6,Mexico,South Africa,,,,,,,,,,,,,,,,Group A,Mexico City,scheduled,False,False
2026_2,,2026,World Cup 2026,Matchday 1,2026-06-11,20:00 UTC-6,South Korea,Czech Republic,,,,,,,,,,,,,,,,Group A,Guadalajara (Zapopan),scheduled,False,False
2026_3,,2026,World Cup 2026,Matchday 8,2026-06-18,12:00 UTC-4,Czech Republic,South Africa,,,,,,,,,,,,,,,,Group A,Atlanta,scheduled,False,False
2026_4,,2026,World Cup 2026,Matchday 8,2026-06-18,19:00 UTC-6,Mexico,South Korea,,,,,,,,,,,,,,,,Group A,Guadalajara (Zapopan),scheduled,False,False
2026_5,,2026,World Cup 2026,Matchday 14,2026-06-24,19:00 UTC-6,Czech Republic,Mexico,,,,,,,,,,,,,,,,Group A,Mexico City,scheduled,False,False
2026_6,,2026,World Cup 2026,Matchday 14,2026-06-24,19:00 UTC-6,South Africa,South Korea,,,,,,,,,,,,,,,,Group A,Monterrey (Guadalupe),scheduled,False,False
2026_7,,2026,World Cup 2026,Matchday 2,2026-06-12,15:00 UTC-4,Canada,Bosnia & Herzegovina,,,,,,,,,,,,,,,,Group B,Toronto,scheduled,False,False
2026_8,,2026,World Cup 2026,Matchday 3,2026-06-13,12:00 UTC-7,Qatar,Switzerland,,,,,,,,,,,,,,,,Group B,San Francisco Bay Area (Santa Clara),scheduled,False,False
2026_9,,2026,World Cup 2026,Matchday 8,2026-06-18,12:00 UTC-7,Switzerland,Bosnia & Herzegovina,,,,,,,,,,,,,,,,Group B,Los Angeles (Inglewood),scheduled,False,False
2026_10,,2026,World Cup 2026,Matchday 8,2026-06-18,15:00 UTC-7,Canada,Qatar,,,,,,,,,,,,,,,,Group B,Vancouver,scheduled,False,False
2026_11,,2026,World Cup 2026,Matchday 14,2026-06-24,12:00 UTC-7,Switzerland,Canada,,,,,,,,,,,,,,,,Group B,Vancouver,scheduled,False,False
2026_12,,2026,World Cup 2026,Matchday 14,2026-06-24,12:00 UTC-7,Bosnia & Herzegovina,Qatar,,,,,,,,,,,,,,,,Group B,Seattle,scheduled,False,False
2026_13,,2026,World Cup 2026,Matchday 3,2026-06-13,18:00 UTC-4,Brazil,Morocco,,,,,,,,,,,,,,,,Group C,New York/New Jersey (East Rutherford),scheduled,False,False
2026_14,,2026,World Cup 2026,Matchday 3,2026-06-13,21:00 UTC-4,Haiti,Scotland,,,,,,,,,,,,,,,,Group C,Boston (Foxborough),scheduled,False,False
2026_15,,2026,World Cup 2026,Matchday 9,2026-06-19,18:00 UTC-4,Scotland,Morocco,,,,,,,,,,,,,,,,Group C,Boston (Foxborough),scheduled,False,False
2026_16,,2026,World Cup 2026,Matchday 9,2026-06-19,20:30 UTC-4,Brazil,Haiti,,,,,,,,,,,,,,,,Group C,Philadelphia,scheduled,False,False
2026_17,,2026,World Cup 2026,Matchday 14,2026-06-24,18:00 UTC-4,Scotland,Brazil,,,,,,,,,,,,,,,,Group C,Miami (Miami Gardens),scheduled,False,False
2026_18,,2026,World Cup 2026,Matchday 14,2026-06-24,18:00 UTC-4,Morocco,Haiti,,,,,,,,,,,,,,,,Group C,Atlanta,scheduled,False,False
2026_19,,2026,World Cup 2026,Matchday 2,2026-06-12,18:00 UTC-7,USA,Paraguay,,,,,,,,,,,,,,,,Group D,Los Angeles (Inglewood),scheduled,False,False
2026_20,,2026,World Cup 2026,Matchday 3,2026-06-13,21:00 UTC-7,Australia,Turkey,,,,,,,,,,,,,,,,Group D,Vancouver,scheduled,False,False
2026_21,,2026,World Cup 2026,Matchday 9,2026-06-19,12:00 UTC-7,USA,Australia,,,,,,,,,,,,,,,,Group D,Seattle,scheduled,False,False
2026_22,,2026,World Cup 2026,Matchday 9,2026-06-19,20:00 UTC-7,Turkey,Paraguay,,,,,,,,,,,,,,,,Group D,San Francisco Bay Area (Santa Clara),scheduled,False,False
2026_23,,2026,World Cup 2026,Matchday 15,2026-06-25,19:00 UTC-7,Turkey,USA,,,,,,,,,,,,,,,,Group D,Los Angeles (Inglewood),scheduled,False,False
2026_24,,2026,World Cup 2026,Matchday 15,2026-06-25,19:00 UTC-7,Paraguay,Australia,,,,,,,,,,,,,,,,Group D,San Francisco Bay Area (Santa Clara),scheduled,False,False
2026_25,,2026,World Cup 2026,Matchday 4,2026-06-14,12:00 UTC-5,Germany,Curaçao,,,,,,,,,,,,,,,,Group E,Houston,scheduled,False,False
2026_26,,2026,World Cup 2026,Matchday 4,2026-06-14,19:00 UTC-4,Ivory Coast,Ecuador,,,,,,,,,,,,,,,,Group E,Philadelphia,scheduled,False,False
2026_27,,2026,World Cup 2026,Matchday 10,2026-06-20,16:00 UTC-4,Germany,Ivory Coast,,,,,,,,,,,,,,,,Group E,Toronto,scheduled,False,False
2026_28,,2026,World Cup 2026,Matchday 10,2026-06-20,19:00 UTC-5,Ecuador,Curaçao,,,,,,,,,,,,,,,,Group E,Kansas City,scheduled,False,False
2026_29,,2026,World Cup 2026,Matchday 15,2026-06-25,16:00 UTC-4,Curaçao,Ivory Coast,,,,,,,,,,,,,,,,Group E,Philadelphia,scheduled,False,False
2026_30,,2026,World Cup 2026,Matchday 15,2026-06-25,16:00 UTC-4,Ecuador,Germany,,,,,,,,,,,,,,,,Group E,New York/New Jersey (East Rutherford),scheduled,False,False
2026_31,,2026,World Cup 2026,Matchday 4,2026-06-14,15:00 UTC-5,Netherlands,Japan,,,,,,,,,,,,,,,,Group F,Dallas (Arlington),scheduled,False,False
2026_32,,2026,World Cup 2026,Matchday 4,2026-06-14,20:00 UTC-6,Sweden,Tunisia,,,,,,,,,,,,,,,,Group F,Monterrey (Guadalupe),scheduled,False,False
2026_33,,2026,World Cup 2026,Matchday 10,2026-06-20,12:00 UTC-5,Netherlands,Sweden,,,,,,,,,,,,,,,,Group F,Houston,scheduled,False,False
2026_34,,2026,World Cup 2026,Matchday 10,2026-06-20,22:00 UTC-6,Tunisia,Japan,,,,,,,,,,,,,,,,Group F,Monterrey (Guadalupe),scheduled,False,False
2026_35,,2026,World Cup 2026,Matchday 15,2026-06-25,18:00 UTC-5,Japan,Sweden,,,,,,,,,,,,,,,,Group F,Dallas (Arlington),scheduled,False,False
2026_36,,2026,World Cup 2026,Matchday 15,2026-06-25,18:00 UTC-5,Tunisia,Netherlands,,,,,,,,,,,,,,,,Group F,Kansas City,scheduled,False,False
2026_37,,2026,World Cup 2026,Matchday 5,2026-06-15,12:00 UTC-7,Belgium,Egypt,,,,,,,,,,,,,,,,Group G,Seattle,scheduled,False,False
2026_38,,2026,World Cup 2026,Matchday 5,2026-06-15,18:00 UTC-7,Iran,New Zealand,,,,,,,,,,,,,,,,Group G,Los Angeles (Inglewood),scheduled,False,False
2026_39,,2026,World Cup 2026,Matchday 11,2026-06-21,12:00 UTC-7,Belgium,Iran,,,,,,,,,,,,,,,,Group G,Los Angeles (Inglewood),scheduled,False,False
2026_40,,2026,World Cup 2026,Matchday 11,2026-06-21,18:00 UTC-7,New Zealand,Egypt,,,,,,,,,,,,,,,,Group G,Vancouver,scheduled,False,False
2026_41,,2026,World Cup 2026,Matchday 16,2026-06-26,20:00 UTC-7,Egypt,Iran,,,,,,,,,,,,,,,,Group G,Seattle,scheduled,False,False
2026_42,,2026,World Cup 2026,Matchday 16,2026-06-26,20:00 UTC-7,New Zealand,Belgium,,,,,,,,,,,,,,,,Group G,Vancouver,scheduled,False,False
2026_43,,2026,World Cup 2026,Matchday 5,2026-06-15,12:00 UTC-4,Spain,Cape Verde,,,,,,,,,,,,,,,,Group H,Atlanta,scheduled,False,False
2026_44,,2026,World Cup 2026,Matchday 5,2026-06-15,18:00 UTC-4,Saudi Arabia,Uruguay,,,,,,,,,,,,,,,,Group H,Miami (Miami Gardens),scheduled,False,False
2026_45,,2026,World Cup 2026,Matchday 11,2026-06-21,12:00 UTC-4,Spain,Saudi Arabia,,,,,,,,,,,,,,,,Group H,Atlanta,scheduled,False,False
2026_46,,2026,World Cup 2026,Matchday 11,2026-06-21,18:00 UTC-4,Uruguay,Cape Verde,,,,,,,,,,,,,,,,Group H,Miami (Miami Gardens),scheduled,False,False
2026_47,,2026,World Cup 2026,Matchday 16,2026-06-26,19:00 UTC-5,Cape Verde,Saudi Arabia,,,,,,,,,,,,,,,,Group H,Houston,scheduled,False,False
2026_48,,2026,World Cup 2026,Matchday 16,2026-06-26,18:00 UTC-6,Uruguay,Spain,,,,,,,,,,,,,,,,Group H,Guadalajara (Zapopan),scheduled,False,False
2026_49,,2026,World Cup 2026,Matchday 6,2026-06-16,15:00 UTC-4,France,Senegal,,,,,,,,,,,,,,,,Group I,New York/New Jersey (East Rutherford),scheduled,False,False
2026_50,,2026,World Cup 2026,Matchday 6,2026-06-16,18:00 UTC-4,Iraq,Norway,,,,,,,,,,,,,,,,Group I,Boston (Foxborough),scheduled,False,False
2026_51,,2026,World Cup 2026,Matchday 12,2026-06-22,17:00 UTC-4,France,Iraq,,,,,,,,,,,,,,,,Group I,Philadelphia,scheduled,False,False
2026_52,,2026,World Cup 2026,Matchday 12,2026-06-22,20:00 UTC-4,Norway,Senegal,,,,,,,,,,,,,,,,Group I,New York/New Jersey (East Rutherford),scheduled,False,False
2026_53,,2026,World Cup 2026,Matchday 16,2026-06-26,15:00 UTC-4,Norway,France,,,,,,,,,,,,,,,,Group I,Boston (Foxborough),scheduled,False,False
2026_54,,2026,World Cup 2026,Matchday 16,2026-06-26,15:00 UTC-4,Senegal,Iraq,,,,,,,,,,,,,,,,Group I,Toronto,scheduled,False,False
2026_55,,2026,World Cup 2026,Matchday 6,2026-06-16,20:00 UTC-5,Argentina,Algeria,,,,,,,,,,,,,,,,Group J,Kansas City,scheduled,False,False
2026_56,,2026,World Cup 2026,Matchday 6,2026-06-16,21:00 UTC-7,Austria,Jordan,,,,,,,,,,,,,,,,Group J,San Francisco Bay Area (Santa Clara),scheduled,False,False
2026_57,,2026,World Cup 2026,Matchday 12,2026-06-22,12:00 UTC-5,Argentina,Austria,,,,,,,,,,,,,,,,Group J,Dallas (Arlington),scheduled,False,False
2026_58,,2026,World Cup 2026,Matchday 12,2026-06-22,20:00 UTC-7,Jordan,Algeria,,,,,,,,,,,,,,,,Group J,San Francisco Bay Area (Santa Clara),scheduled,False,False
2026_59,,2026,World Cup 2026,Matchday 17,2026-06-27,21:00 UTC-5,Algeria,Austria,,,,,,,,,,,,,,,,Group J,Kansas City,scheduled,False,False
2026_60,,2026,World Cup 2026,Matchday 17,2026-06-27,21:00 UTC-5,Jordan,Argentina,,,,,,,,,,,,,,,,Group J,Dallas (Arlington),scheduled,False,False
2026_61,,2026,World Cup 2026,Matchday 7,2026-06-17,12:00 UTC-5,Portugal,DR Congo,,,,,,,,,,,,,,,,Group K,Houston,scheduled,False,False
2026_62,,2026,World Cup 2026,Matchday 7,2026-06-17,20:00 UTC-6,Uzbekistan,Colombia,,,,,,,,,,,,,,,,Group K,Mexico City,scheduled,False,False
2026_63,,2026,World Cup 2026,Matchday 13,2026-06-23,12:00 UTC-5,Portugal,Uzbekistan,,,,,,,,,,,,,,,,Group K,Houston,scheduled,False,False
2026_64,,2026,World Cup 2026,Matchday 13,2026-06-23,20:00 UTC-6,Colombia,DR Congo,,,,,,,,,,,,,,,,Group K,Guadalajara (Zapopan),scheduled,False,False
2026_65,,2026,World Cup 2026,Matchday 17,2026-06-27,19:30 UTC-4,Colombia,Portugal,,,,,,,,,,,,,,,,Group K,Miami (Miami Gardens),scheduled,False,False
2026_66,,2026,World Cup 2026,Matchday 17,2026-06-27,19:30 UTC-4,DR Congo,Uzbekistan,,,,,,,,,,,,,,,,Group K,Atlanta,scheduled,False,False
2026_67,,2026,World Cup 2026,Matchday 7,2026-06-17,15:00 UTC-5,England,Croatia,,,,,,,,,,,,,,,,Group L,Dallas (Arlington),scheduled,False,False
2026_68,,2026,World Cup 2026,Matchday 7,2026-06-17,19:00 UTC-4,Ghana,Panama,,,,,,,,,,,,,,,,Group L,Toronto,scheduled,False,False
2026_69,,2026,World Cup 2026,Matchday 13,2026-06-23,16:00 UTC-4,England,Ghana,,,,,,,,,,,,,,,,Group L,Boston (Foxborough),scheduled,False,False
2026_70,,2026,World Cup 2026,Matchday 13,2026-06-23,19:00 UTC-4,Panama,Croatia,,,,,,,,,,,,,,,,Group L,Toronto,scheduled,False,False
2026_71,,2026,World Cup 2026,Matchday 17,2026-06-27,17:00 UTC-4,Panama,England,,,,,,,,,,,,,,,,Group L,New York/New Jersey (East Rutherford),scheduled,False,False
2026_72,,2026,World Cup 2026,Matchday 17,2026-06-27,17:00 UTC-4,Croatia,Ghana,,,,,,,,,,,,,,,,Group L,Philadelphia,scheduled,False,False
2026_73,73.0,2026,World Cup 2026,Round of 32,2026-06-28,12:00 UTC-7,2A,2B,,,,,,,,,,,,,,,,,Los Angeles (Inglewood),scheduled,False,False
2026_74,74.0,2026,World Cup 2026,Round of 32,2026-06-29,16:30 UTC-4,1E,3A/B/C/D/F,,,,,,,,,,,,,,,,,Boston (Foxborough),scheduled,False,False
2026_75,75.0,2026,World Cup 2026,Round of 32,2026-06-29,19:00 UTC-6,1F,2C,,,,,,,,,,,,,,,,,Monterrey (Guadalupe),scheduled,False,False
2026_76,76.0,2026,World Cup 2026,Round of 32,2026-06-29,12:00 UTC-5,1C,2F,,,,,,,,,,,,,,,,,Houston,scheduled,False,False
2026_77,77.0,2026,World Cup 2026,Round of 32,2026-06-30,17:00 UTC-4,1I,3C/D/F/G/H,,,,,,,,,,,,,,,,,New York/New Jersey (East Rutherford),scheduled,False,False
2026_78,78.0,2026,World Cup 2026,Round of 32,2026-06-30,12:00 UTC-5,2E,2I,,,,,,,,,,,,,,,,,Dallas (Arlington),scheduled,False,False
2026_79,79.0,2026,World Cup 2026,Round of 32,2026-06-30,19:00 UTC-6,1A,3C/E/F/H/I,,,,,,,,,,,,,,,,,Mexico City,scheduled,False,False
2026_80,80.0,2026,World Cup 2026,Round of 32,2026-07-01,12:00 UTC-4,1L,3E/H/I/J/K,,,,,,,,,,,,,,,,,Atlanta,scheduled,False,False
2026_81,81.0,2026,World Cup 2026,Round of 32,2026-07-01,17:00 UTC-7,1D,3B/E/F/I/J,,,,,,,,,,,,,,,,,San Francisco Bay Area (Santa Clara),scheduled,False,False
2026_82,82.0,2026,World Cup 2026,Round of 32,2026-07-01,13:00 UTC-7,1G,3A/E/H/I/J,,,,,,,,,,,,,,,,,Seattle,scheduled,False,False
2026_83,83.0,2026,World Cup 2026,Round of 32,2026-07-02,19:00 UTC-4,2K,2L,,,,,,,,,,,,,,,,,Toronto,scheduled,False,False
2026_84,84.0,2026,World Cup 2026,Round of 32,2026-07-02,12:00 UTC-7,1H,2J,,,,,,,,,,,,,,,,,Los Angeles (Inglewood),scheduled,False,False
2026_85,85.0,2026,World Cup 2026,Round of 32,2026-07-02,20:00 UTC-7,1B,3E/F/G/I/J,,,,,,,,,,,,,,,,,Vancouver,scheduled,False,False
2026_86,86.0,2026,World Cup 2026,Round of 32,2026-07-03,18:00 UTC-4,1J,2H,,,,,,,,,,,,,,,,,Miami (Miami Gardens),scheduled,False,False
2026_87,87.0,2026,World Cup 2026,Round of 32,2026-07-03,20:30 UTC-5,1K,3D/E/I/J/L,,,,,,,,,,,,,,,,,Kansas City,scheduled,False,False
2026_88,88.0,2026,World Cup 2026,Round of 32,2026-07-03,13:00 UTC-5,2D,2G,,,,,,,,,,,,,,,,,Dallas (Arlington),scheduled,False,False
2026_89,89.0,2026,World Cup 2026,Round of 16,2026-07-04,17:00 UTC-4,W74,W77,,,,,,,,,,,,,,,,,Philadelphia,scheduled,False,False
2026_90,90.0,2026,World Cup 2026,Round of 16,2026-07-04,12:00 UTC-5,W73,W75,,,,,,,,,,,,,,,,,Houston,scheduled,False,False
2026_91,91.0,2026,World Cup 2026,Round of 16,2026-07-05,16:00 UTC-4,W76,W78,,,,,,,,,,,,,,,,,New York/New Jersey (East Rutherford),scheduled,False,False
2026_92,92.0,2026,World Cup 2026,Round of 16,2026-07-05,18:00 UTC-6,W79,W80,,,,,,,,,,,,,,,,,Mexico City,scheduled,False,False
2026_93,93.0,2026,World Cup 2026,Round of 16,2026-07-06,14:00 UTC-5,W83,W84,,,,,,,,,,,,,,,,,Dallas (Arlington),scheduled,False,False
2026_94,94.0,2026,World Cup 2026,Round of 16,2026-07-06,17:00 UTC-7,W81,W82,,,,,,,,,,,,,,,,,Seattle,scheduled,False,False
2026_95,95.0,2026,World Cup 2026,Round of 16,2026-07-07,12:00 UTC-4,W86,W88,,,,,,,,,,,,,,,,,Atlanta,scheduled,False,False
2026_96,96.0,2026,World Cup 2026,Round of 16,2026-07-07,13:00 UTC-7,W85,W87,,,,,,,,,,,,,,,,,Vancouver,scheduled,False,False
2026_97,97.0,2026,World Cup 2026,Quarter-final,2026-07-09,16:00 UTC-4,W89,W90,,,,,,,,,,,,,,,,,Boston (Foxborough),scheduled,False,False
2026_98,98.0,2026,World Cup 2026,Quarter-final,2026-07-10,12:00 UTC-7,W93,W94,,,,,,,,,,,,,,,,,Los Angeles (Inglewood),scheduled,False,False
2026_99,99.0,2026,World Cup 2026,Quarter-final,2026-07-11,17:00 UTC-4,W91,W92,,,,,,,,,,,,,,,,,Miami (Miami Gardens),scheduled,False,False
2026_100,100.0,2026,World Cup 2026,Quarter-final,2026-07-11,20:00 UTC-5,W95,W96,,,,,,,,,,,,,,,,,Kansas City,scheduled,False,False
2026_101,101.0,2026,World Cup 2026,Semi-final,2026-07-14,14:00 UTC-5,W97,W98,,,,,,,,,,,,,,,,,Dallas (Arlington),scheduled,False,False
2026_102,102.0,2026,World Cup 2026,Semi-final,2026-07-15,15:00 UTC-4,W99,W100,,,,,,,,,,,,,,,,,Atlanta,scheduled,False,False
2026_103,,2026,World Cup 2026,Match for third place,2026-07-18,17:00 UTC-4,L101,L102,,,,,,,,,,,,,,,,,Miami (Miami Gardens),scheduled,False,False
2026_104,,2026,World Cup 2026,Final,2026-07-19,15:00 UTC-4,W101,W102,,,,,,,,,,,,,,,,,New York/New Jersey (East Rutherford),scheduled,False,False
