match_id,year,team,opponent,player_name,minute,offset,penalty,owngoal,goal_side,goal_source,team_normalized,opponent_normalized
1930_1,1930,France,Mexico,L. Laurent,19.0,,False,False,team1,event,France,Mexico
1930_1,1930,France,Mexico,Langiller,40.0,,False,False,team1,event,France,Mexico
1930_1,1930,France,Mexico,Maschinot,43.0,,False,False,team1,event,France,Mexico
1930_1,1930,France,Mexico,Maschinot,87.0,,False,False,team1,event,France,Mexico
1930_1,1930,Mexico,France,Carreño,70.0,,False,False,team2,event,Mexico,France
1930_2,1930,Argentina,France,Monti,81.0,,False,False,team1,event,Argentina,France
1930_3,1930,Chile,Mexico,Vidal,3.0,,False,False,team1,event,Chile,Mexico
1930_3,1930,Chile,Mexico,Vidal,65.0,,False,False,team1,event,Chile,Mexico
1930_3,1930,Chile,Mexico,M. Rosas,51.0,,False,True,team1,event,Chile,Mexico
1930_4,1930,Chile,France,Subiabre,65.0,,False,False,team1,event,Chile,France
1930_5,1930,Argentina,Mexico,Stábile,8.0,,False,False,team1,event,Argentina,Mexico
1930_5,1930,Argentina,Mexico,Stábile,17.0,,False,False,team1,event,Argentina,Mexico
1930_5,1930,Argentina,Mexico,Stábile,80.0,,False,False,team1,event,Argentina,Mexico
1930_5,1930,Argentina,Mexico,Zumelzú,12.0,,False,False,team1,event,Argentina,Mexico
1930_5,1930,Argentina,Mexico,Zumelzú,55.0,,False,False,team1,event,Argentina,Mexico
1930_5,1930,Argentina,Mexico,Varallo,53.0,,False,False,team1,event,Argentina,Mexico
1930_5,1930,Mexico,Argentina,M. Rosas,42.0,,True,False,team2,event,Mexico,Argentina
1930_5,1930,Mexico,Argentina,M. Rosas,65.0,,False,False,team2,event,Mexico,Argentina
1930_5,1930,Mexico,Argentina,Gayón,75.0,,False,False,team2,event,Mexico,Argentina
1930_6,1930,Argentina,Chile,Stábile,12.0,,False,False,team1,event,Argentina,Chile
1930_6,1930,Argentina,Chile,Stábile,13.0,,False,False,team1,event,Argentina,Chile
1930_6,1930,Argentina,Chile,M. Evaristo,81.0,,False,False,team1,event,Argentina,Chile
1930_6,1930,Chile,Argentina,Subiabre,15.0,,False,False,team2,event,Chile,Argentina
1930_7,1930,Yugoslavia,Brazil,Tirnanić,21.0,,False,False,team1,event,Serbia,Brazil
1930_7,1930,Yugoslavia,Brazil,Bek,30.0,,False,False,team1,event,Serbia,Brazil
1930_7,1930,Brazil,Yugoslavia,Preguinho,62.0,,False,False,team2,event,Brazil,Serbia
1930_8,1930,Yugoslavia,Bolivia,Bek,60.0,,False,False,team1,event,Serbia,Bolivia
1930_8,1930,Yugoslavia,Bolivia,Bek,67.0,,False,False,team1,event,Serbia,Bolivia
1930_8,1930,Yugoslavia,Bolivia,Marjanović,65.0,,False,False,team1,event,Serbia,Bolivia
1930_8,1930,Yugoslavia,Bolivia,Vujadinović,85.0,,False,False,team1,event,Serbia,Bolivia
1930_9,1930,Brazil,Bolivia,Moderato,37.0,,False,False,team1,event,Brazil,Bolivia
1930_9,1930,Brazil,Bolivia,Moderato,73.0,,False,False,team1,event,Brazil,Bolivia
1930_9,1930,Brazil,Bolivia,Preguinho,57.0,,False,False,team1,event,Brazil,Bolivia
1930_9,1930,Brazil,Bolivia,Preguinho,83.0,,False,False,team1,event,Brazil,Bolivia
1930_10,1930,Romania,Peru,Deşu,1.0,,False,False,team1,event,Romania,Peru
1930_10,1930,Romania,Peru,Stanciu,79.0,,False,False,team1,event,Romania,Peru
1930_10,1930,Romania,Peru,Kovács,89.0,,False,False,team1,event,Romania,Peru
1930_10,1930,Peru,Romania,Souza Ferreira,75.0,,False,False,team2,event,Peru,Romania
1930_11,1930,Uruguay,Peru,Castro,60.0,,False,False,team1,event,Uruguay,Peru
1930_12,1930,Uruguay,Romania,Dorado,7.0,,False,False,team1,event,Uruguay,Romania
1930_12,1930,Uruguay,Romania,Scarone,24.0,,False,False,team1,event,Uruguay,Romania
1930_12,1930,Uruguay,Romania,Anselmo,30.0,,False,False,team1,event,Uruguay,Romania
1930_12,1930,Uruguay,Romania,Cea,35.0,,False,False,team1,event,Uruguay,Romania
1930_13,1930,United States,Belgium,McGhee,23.0,,False,False,team1,event,United States,Belgium
1930_13,1930,United States,Belgium,Florie,45.0,,False,False,team1,event,United States,Belgium
1930_13,1930,United States,Belgium,Patenaude,69.0,,False,False,team1,event,United States,Belgium
1930_14,1930,United States,Paraguay,Patenaude,10.0,,False,False,team1,event,United States,Paraguay
1930_14,1930,United States,Paraguay,Patenaude,15.0,,False,False,team1,event,United States,Paraguay
1930_14,1930,United States,Paraguay,Patenaude,50.0,,False,False,team1,event,United States,Paraguay
1930_15,1930,Paraguay,Belgium,Vargas Peña,40.0,,False,False,team1,event,Paraguay,Belgium
1930_16,1930,Argentina,United States,Monti,20.0,,False,False,team1,event,Argentina,United States
1930_16,1930,Argentina,United States,Scopelli,56.0,,False,False,team1,event,Argentina,United States
1930_16,1930,Argentina,United States,Stábile,69.0,,False,False,team1,event,Argentina,United States
1930_16,1930,Argentina,United States,Stábile,87.0,,False,False,team1,event,Argentina,United States
1930_16,1930,Argentina,United States,Peucelle,80.0,,False,False,team1,event,Argentina,United States
1930_16,1930,Argentina,United States,Peucelle,85.0,,False,False,team1,event,Argentina,United States
1930_16,1930,United States,Argentina,Brown,89.0,,False,False,team2,event,United States,Argentina
1930_17,1930,Uruguay,Yugoslavia,Cea,18.0,,False,False,team1,event,Uruguay,Serbia
1930_17,1930,Uruguay,Yugoslavia,Cea,67.0,,False,False,team1,event,Uruguay,Serbia
1930_17,1930,Uruguay,Yugoslavia,Cea,72.0,,False,False,team1,event,Uruguay,Serbia
1930_17,1930,Uruguay,Yugoslavia,Anselmo,20.0,,False,False,team1,event,Uruguay,Serbia
1930_17,1930,Uruguay,Yugoslavia,Anselmo,31.0,,False,False,team1,event,Uruguay,Serbia
1930_17,1930,Uruguay,Yugoslavia,Iriarte,61.0,,False,False,team1,event,Uruguay,Serbia
1930_17,1930,Yugoslavia,Uruguay,Vujadinović,4.0,,False,False,team2,event,Serbia,Uruguay
1930_18,1930,Uruguay,Argentina,Dorado,12.0,,False,False,team1,event,Uruguay,Argentina
1930_18,1930,Uruguay,Argentina,Cea,57.0,,False,False,team1,event,Uruguay,Argentina
1930_18,1930,Uruguay,Argentina,Iriarte,68.0,,False,False,team1,event,Uruguay,Argentina
1930_18,1930,Uruguay,Argentina,Castro,89.0,,False,False,team1,event,Uruguay,Argentina
1930_18,1930,Argentina,Uruguay,Peucelle,20.0,,False,False,team2,event,Argentina,Uruguay
1930_18,1930,Argentina,Uruguay,Stábile,37.0,,False,False,team2,event,Argentina,Uruguay
1934_1,1934,Sweden,Argentina,Jonasson,9.0,,False,False,team1,event,Sweden,Argentina
1934_1,1934,Sweden,Argentina,Jonasson,67.0,,False,False,team1,event,Sweden,Argentina
1934_1,1934,Sweden,Argentina,Kroon,79.0,,False,False,team1,event,Sweden,Argentina
1934_1,1934,Argentina,Sweden,Belis,4.0,,False,False,team2,event,Argentina,Sweden
1934_1,1934,Argentina,Sweden,Galateo,48.0,,False,False,team2,event,Argentina,Sweden
1934_2,1934,Austria,France,Sindelar,44.0,,False,False,team1,event,Austria,France
1934_2,1934,Austria,France,Schall,93.0,,False,False,team1,event,Austria,France
1934_2,1934,Austria,France,Bican,109.0,,False,False,team1,event,Austria,France
1934_2,1934,France,Austria,Nicolas,18.0,,False,False,team2,event,France,Austria
1934_2,1934,France,Austria,Verriest,116.0,,True,False,team2,event,France,Austria
1934_3,1934,Germany,Belgium,Kobierski,25.0,,False,False,team1,event,Germany,Belgium
1934_3,1934,Germany,Belgium,Siffling,49.0,,False,False,team1,event,Germany,Belgium
1934_3,1934,Germany,Belgium,Conen,66.0,,False,False,team1,event,Germany,Belgium
1934_3,1934,Germany,Belgium,Conen,70.0,,False,False,team1,event,Germany,Belgium
1934_3,1934,Germany,Belgium,Conen,87.0,,False,False,team1,event,Germany,Belgium
1934_3,1934,Belgium,Germany,Voorhoof,29.0,,False,False,team2,event,Belgium,Germany
1934_3,1934,Belgium,Germany,Voorhoof,43.0,,False,False,team2,event,Belgium,Germany
1934_4,1934,Spain,Brazil,Iraragorri,18.0,,True,False,team1,event,Spain,Brazil
1934_4,1934,Spain,Brazil,Iraragorri,25.0,,False,False,team1,event,Spain,Brazil
1934_4,1934,Spain,Brazil,Lángara,29.0,,False,False,team1,event,Spain,Brazil
1934_4,1934,Brazil,Spain,Leônidas,55.0,,False,False,team2,event,Brazil,Spain
1934_5,1934,Hungary,Egypt,Teleki,11.0,,False,False,team1,event,Hungary,Egypt
1934_5,1934,Hungary,Egypt,Toldi,27.0,,False,False,team1,event,Hungary,Egypt
1934_5,1934,Hungary,Egypt,Toldi,61.0,,False,False,team1,event,Hungary,Egypt
1934_5,1934,Hungary,Egypt,Vincze,53.0,,False,False,team1,event,Hungary,Egypt
1934_5,1934,Egypt,Hungary,Fawzi,31.0,,False,False,team2,event,Egypt,Hungary
1934_5,1934,Egypt,Hungary,Fawzi,39.0,,False,False,team2,event,Egypt,Hungary
1934_6,1934,Switzerland,Netherlands,Kielholz,7.0,,False,False,team1,event,Switzerland,Netherlands
1934_6,1934,Switzerland,Netherlands,Kielholz,43.0,,False,False,team1,event,Switzerland,Netherlands
1934_6,1934,Switzerland,Netherlands,Abegglen,69.0,,False,False,team1,event,Switzerland,Netherlands
1934_6,1934,Netherlands,Switzerland,Smit,19.0,,False,False,team2,event,Netherlands,Switzerland
1934_6,1934,Netherlands,Switzerland,Vente,84.0,,False,False,team2,event,Netherlands,Switzerland
1934_7,1934,Italy,United States,Schiavio,18.0,,False,False,team1,event,Italy,United States
1934_7,1934,Italy,United States,Schiavio,29.0,,False,False,team1,event,Italy,United States
1934_7,1934,Italy,United States,Schiavio,64.0,,False,False,team1,event,Italy,United States
1934_7,1934,Italy,United States,Orsi,20.0,,False,False,team1,event,Italy,United States
1934_7,1934,Italy,United States,Orsi,69.0,,False,False,team1,event,Italy,United States
1934_7,1934,Italy,United States,Ferrari,63.0,,False,False,team1,event,Italy,United States
1934_7,1934,Italy,United States,Meazza,90.0,,False,False,team1,event,Italy,United States
1934_7,1934,United States,Italy,Donelli,57.0,,False,False,team2,event,United States,Italy
1934_8,1934,Czechoslovakia,Romania,Puč,50.0,,False,False,team1,event,Czech Republic,Romania
1934_8,1934,Czechoslovakia,Romania,Nejedlý,67.0,,False,False,team1,event,Czech Republic,Romania
1934_8,1934,Romania,Czechoslovakia,Dobay,11.0,,False,False,team2,event,Romania,Czech Republic
1934_9,1934,Czechoslovakia,Switzerland,Svoboda,24.0,,False,False,team1,event,Czech Republic,Switzerland
1934_9,1934,Czechoslovakia,Switzerland,Sobotka,49.0,,False,False,team1,event,Czech Republic,Switzerland
1934_9,1934,Czechoslovakia,Switzerland,Nejedlý,82.0,,False,False,team1,event,Czech Republic,Switzerland
1934_9,1934,Switzerland,Czechoslovakia,Kielholz,18.0,,False,False,team2,event,Switzerland,Czech Republic
1934_9,1934,Switzerland,Czechoslovakia,Jäggi,78.0,,False,False,team2,event,Switzerland,Czech Republic
1934_10,1934,Germany,Sweden,Hohmann,60.0,,False,False,team1,event,Germany,Sweden
1934_10,1934,Germany,Sweden,Hohmann,63.0,,False,False,team1,event,Germany,Sweden
1934_10,1934,Sweden,Germany,Dunker,82.0,,False,False,team2,event,Sweden,Germany
1934_11,1934,Italy,Spain,Ferrari,44.0,,False,False,team1,event,Italy,Spain
1934_11,1934,Spain,Italy,Regueiro,30.0,,False,False,team2,event,Spain,Italy
1934_12,1934,Austria,Hungary,Horvath,8.0,,False,False,team1,event,Austria,Hungary
1934_12,1934,Austria,Hungary,Zischek,51.0,,False,False,team1,event,Austria,Hungary
1934_12,1934,Hungary,Austria,Sárosi,60.0,,True,False,team2,event,Hungary,Austria
1934_13,1934,Italy,Spain,Meazza,11.0,,False,False,team1,event,Italy,Spain
1934_14,1934,Italy,Austria,Guaita,19.0,,False,False,team1,event,Italy,Austria
1934_15,1934,Czechoslovakia,Germany,Nejedlý,19.0,,False,False,team1,event,Czech Republic,Germany
1934_15,1934,Czechoslovakia,Germany,Nejedlý,71.0,,False,False,team1,event,Czech Republic,Germany
1934_15,1934,Czechoslovakia,Germany,Nejedlý,80.0,,False,False,team1,event,Czech Republic,Germany
1934_15,1934,Germany,Czechoslovakia,Noack,62.0,,False,False,team2,event,Germany,Czech Republic
1934_16,1934,Germany,Austria,Lehner,1.0,,False,False,team1,event,Germany,Austria
1934_16,1934,Germany,Austria,Lehner,42.0,,False,False,team1,event,Germany,Austria
1934_16,1934,Germany,Austria,Conen,27.0,,False,False,team1,event,Germany,Austria
1934_16,1934,Austria,Germany,Horvath,28.0,,False,False,team2,event,Austria,Germany
1934_16,1934,Austria,Germany,Sesta,54.0,,False,False,team2,event,Austria,Germany
1934_17,1934,Italy,Czechoslovakia,Orsi,81.0,,False,False,team1,event,Italy,Czech Republic
1934_17,1934,Italy,Czechoslovakia,Schiavio,95.0,,False,False,team1,event,Italy,Czech Republic
1934_17,1934,Czechoslovakia,Italy,Puč,71.0,,False,False,team2,event,Czech Republic,Italy
1938_1,1938,Switzerland,Germany,Abegglen,43.0,,False,False,team1,event,Switzerland,Germany
1938_1,1938,Germany,Switzerland,Gauchel,29.0,,False,False,team2,event,Germany,Switzerland
1938_2,1938,Hungary,Dutch East Indies,Kohut,14.0,,False,False,team1,event,Hungary,Dutch East Indies
1938_2,1938,Hungary,Dutch East Indies,Toldi,16.0,,False,False,team1,event,Hungary,Dutch East Indies
1938_2,1938,Hungary,Dutch East Indies,Sárosi,25.0,,False,False,team1,event,Hungary,Dutch East Indies
1938_2,1938,Hungary,Dutch East Indies,Sárosi,88.0,,False,False,team1,event,Hungary,Dutch East Indies
1938_2,1938,Hungary,Dutch East Indies,Zsengellér,30.0,,False,False,team1,event,Hungary,Dutch East Indies
1938_2,1938,Hungary,Dutch East Indies,Zsengellér,67.0,,False,False,team1,event,Hungary,Dutch East Indies
1938_3,1938,France,Belgium,Veinante,1.0,,False,False,team1,event,France,Belgium
1938_3,1938,France,Belgium,Nicolas,16.0,,False,False,team1,event,France,Belgium
1938_3,1938,France,Belgium,Nicolas,69.0,,False,False,team1,event,France,Belgium
1938_3,1938,Belgium,France,Isemborghs,38.0,,False,False,team2,event,Belgium,France
1938_4,1938,Cuba,Romania,Socorro,44.0,,False,False,team1,event,Cuba,Romania
1938_4,1938,Cuba,Romania,Fernández,87.0,,False,False,team1,event,Cuba,Romania
1938_4,1938,Cuba,Romania,Tuñas,117.0,,False,False,team1,event,Cuba,Romania
1938_4,1938,Romania,Cuba,Bindea,35.0,,False,False,team2,event,Romania,Cuba
1938_4,1938,Romania,Cuba,Baratky,88.0,,False,False,team2,event,Romania,Cuba
1938_4,1938,Romania,Cuba,Dobay,105.0,,False,False,team2,event,Romania,Cuba
1938_5,1938,Italy,Norway,Ferraris,2.0,,False,False,team1,event,Italy,Norway
1938_5,1938,Italy,Norway,Piola,94.0,,False,False,team1,event,Italy,Norway
1938_5,1938,Norway,Italy,Brustad,83.0,,False,False,team2,event,Norway,Italy
1938_6,1938,Brazil,Poland,Leônidas,18.0,,False,False,team1,event,Brazil,Poland
1938_6,1938,Brazil,Poland,Leônidas,93.0,,False,False,team1,event,Brazil,Poland
1938_6,1938,Brazil,Poland,Leônidas,104.0,,False,False,team1,event,Brazil,Poland
1938_6,1938,Brazil,Poland,Romeu,25.0,,False,False,team1,event,Brazil,Poland
1938_6,1938,Brazil,Poland,Perácio,44.0,,False,False,team1,event,Brazil,Poland
1938_6,1938,Brazil,Poland,Perácio,71.0,,False,False,team1,event,Brazil,Poland
1938_6,1938,Poland,Brazil,Scherfke,23.0,,True,False,team2,event,Poland,Brazil
1938_6,1938,Poland,Brazil,Wilimowski,53.0,,False,False,team2,event,Poland,Brazil
1938_6,1938,Poland,Brazil,Wilimowski,59.0,,False,False,team2,event,Poland,Brazil
1938_6,1938,Poland,Brazil,Wilimowski,89.0,,False,False,team2,event,Poland,Brazil
1938_6,1938,Poland,Brazil,Wilimowski,118.0,,False,False,team2,event,Poland,Brazil
1938_7,1938,Czechoslovakia,Netherlands,Košťálek,93.0,,False,False,team1,event,Czech Republic,Netherlands
1938_7,1938,Czechoslovakia,Netherlands,Nejedlý,111.0,,False,False,team1,event,Czech Republic,Netherlands
1938_7,1938,Czechoslovakia,Netherlands,Zeman,118.0,,False,False,team1,event,Czech Republic,Netherlands
1938_9,1938,Cuba,Romania,Socorro,51.0,,False,False,team1,event,Cuba,Romania
1938_9,1938,Cuba,Romania,Oliveira,57.0,,False,False,team1,event,Cuba,Romania
1938_9,1938,Romania,Cuba,Dobay,35.0,,False,False,team2,event,Romania,Cuba
1938_10,1938,Germany,Switzerland,Hahnemann,8.0,,False,False,team1,event,Germany,Switzerland
1938_10,1938,Germany,Switzerland,Lörtscher,22.0,,False,True,team1,event,Germany,Switzerland
1938_10,1938,Switzerland,Germany,Walaschek,42.0,,False,False,team2,event,Switzerland,Germany
1938_10,1938,Switzerland,Germany,Bickel,64.0,,False,False,team2,event,Switzerland,Germany
1938_10,1938,Switzerland,Germany,Abegglen,75.0,,False,False,team2,event,Switzerland,Germany
1938_10,1938,Switzerland,Germany,Abegglen,78.0,,False,False,team2,event,Switzerland,Germany
1938_11,1938,Brazil,Czechoslovakia,Leônidas,30.0,,False,False,team1,event,Brazil,Czech Republic
1938_11,1938,Czechoslovakia,Brazil,Nejedlý,65.0,,True,False,team2,event,Czech Republic,Brazil
1938_12,1938,Hungary,Switzerland,Sárosi,40.0,,False,False,team2,event,Hungary,Switzerland
1938_12,1938,Hungary,Switzerland,Zsengellér,89.0,,False,False,team2,event,Hungary,Switzerland
1938_13,1938,Sweden,Cuba,H. Andersson,9.0,,False,False,team1,event,Sweden,Cuba
1938_13,1938,Sweden,Cuba,H. Andersson,81.0,,False,False,team1,event,Sweden,Cuba
1938_13,1938,Sweden,Cuba,H. Andersson,90.0,,False,False,team1,event,Sweden,Cuba
1938_13,1938,Sweden,Cuba,Wetterström,32.0,,False,False,team1,event,Sweden,Cuba
1938_13,1938,Sweden,Cuba,Wetterström,37.0,,False,False,team1,event,Sweden,Cuba
1938_13,1938,Sweden,Cuba,Wetterström,44.0,,False,False,team1,event,Sweden,Cuba
1938_13,1938,Sweden,Cuba,Keller,80.0,,False,False,team1,event,Sweden,Cuba
1938_13,1938,Sweden,Cuba,Nyberg,84.0,,False,False,team1,event,Sweden,Cuba
1938_14,1938,France,Italy,Heisserer,10.0,,False,False,team1,event,France,Italy
1938_14,1938,Italy,France,Colaussi,9.0,,False,False,team2,event,Italy,France
1938_14,1938,Italy,France,Piola,51.0,,False,False,team2,event,Italy,France
1938_14,1938,Italy,France,Piola,72.0,,False,False,team2,event,Italy,France
1938_15,1938,Brazil,Czechoslovakia,Leônidas,57.0,,False,False,team1,event,Brazil,Czech Republic
1938_15,1938,Brazil,Czechoslovakia,Roberto,62.0,,False,False,team1,event,Brazil,Czech Republic
1938_15,1938,Czechoslovakia,Brazil,Kopecký,25.0,,False,False,team2,event,Czech Republic,Brazil
1938_16,1938,Hungary,Sweden,Jacobsson,19.0,,False,True,team1,event,Hungary,Sweden
1938_16,1938,Hungary,Sweden,Titkos,37.0,,False,False,team1,event,Hungary,Sweden
1938_16,1938,Hungary,Sweden,Zsengellér,39.0,,False,False,team1,event,Hungary,Sweden
1938_16,1938,Hungary,Sweden,Zsengellér,85.0,,False,False,team1,event,Hungary,Sweden
1938_16,1938,Hungary,Sweden,Sárosi,65.0,,False,False,team1,event,Hungary,Sweden
1938_16,1938,Sweden,Hungary,Nyberg,1.0,,False,False,team2,event,Sweden,Hungary
1938_17,1938,Italy,Brazil,Colaussi,51.0,,False,False,team1,event,Italy,Brazil
1938_17,1938,Italy,Brazil,Meazza,60.0,,True,False,team1,event,Italy,Brazil
1938_17,1938,Brazil,Italy,Romeu,87.0,,False,False,team2,event,Brazil,Italy
1938_18,1938,Sweden,Brazil,Jonasson,28.0,,False,False,team1,event,Sweden,Brazil
1938_18,1938,Sweden,Brazil,Nyberg,38.0,,False,False,team1,event,Sweden,Brazil
1938_18,1938,Brazil,Sweden,Romeu,44.0,,False,False,team2,event,Brazil,Sweden
1938_18,1938,Brazil,Sweden,Leônidas,63.0,,False,False,team2,event,Brazil,Sweden
1938_18,1938,Brazil,Sweden,Leônidas,74.0,,False,False,team2,event,Brazil,Sweden
1938_18,1938,Brazil,Sweden,Perácio,80.0,,False,False,team2,event,Brazil,Sweden
1938_19,1938,Hungary,Italy,Titkos,8.0,,False,False,team1,event,Hungary,Italy
1938_19,1938,Hungary,Italy,Sárosi,70.0,,False,False,team1,event,Hungary,Italy
1938_19,1938,Italy,Hungary,Colaussi,6.0,,False,False,team2,event,Italy,Hungary
1938_19,1938,Italy,Hungary,Colaussi,35.0,,False,False,team2,event,Italy,Hungary
1938_19,1938,Italy,Hungary,Piola,16.0,,False,False,team2,event,Italy,Hungary
1938_19,1938,Italy,Hungary,Piola,82.0,,False,False,team2,event,Italy,Hungary
1950_1,1950,Brazil,Mexico,Ademir,30.0,,False,False,team1,event,Brazil,Mexico
1950_1,1950,Brazil,Mexico,Ademir,79.0,,False,False,team1,event,Brazil,Mexico
1950_1,1950,Brazil,Mexico,Jair,65.0,,False,False,team1,event,Brazil,Mexico
1950_1,1950,Brazil,Mexico,Baltazar,71.0,,False,False,team1,event,Brazil,Mexico
1950_2,1950,Yugoslavia,Switzerland,Mitić,59.0,,False,False,team1,event,Serbia,Switzerland
1950_2,1950,Yugoslavia,Switzerland,Tomašević,70.0,,False,False,team1,event,Serbia,Switzerland
1950_2,1950,Yugoslavia,Switzerland,Ognjanov,75.0,,False,False,team1,event,Serbia,Switzerland
1950_3,1950,Brazil,Switzerland,Alfredo,3.0,,False,False,team1,event,Brazil,Switzerland
1950_3,1950,Brazil,Switzerland,Baltazar,32.0,,False,False,team1,event,Brazil,Switzerland
1950_3,1950,Switzerland,Brazil,Fatton,17.0,,False,False,team2,event,Switzerland,Brazil
1950_3,1950,Switzerland,Brazil,Fatton,88.0,,False,False,team2,event,Switzerland,Brazil
1950_4,1950,Yugoslavia,Mexico,Bobek,19.0,,False,False,team1,event,Serbia,Mexico
1950_4,1950,Yugoslavia,Mexico,Ž. Čajkovski,22.0,,False,False,team1,event,Serbia,Mexico
1950_4,1950,Yugoslavia,Mexico,Ž. Čajkovski,62.0,,False,False,team1,event,Serbia,Mexico
1950_4,1950,Yugoslavia,Mexico,Tomašević,81.0,,False,False,team1,event,Serbia,Mexico
1950_4,1950,Mexico,Yugoslavia,Ortiz,89.0,,True,False,team2,event,Mexico,Serbia
1950_5,1950,Brazil,Yugoslavia,Ademir,4.0,,False,False,team1,event,Brazil,Serbia
1950_5,1950,Brazil,Yugoslavia,Zizinho,69.0,,False,False,team1,event,Brazil,Serbia
1950_6,1950,Switzerland,Mexico,Bader,10.0,,False,False,team1,event,Switzerland,Mexico
1950_6,1950,Switzerland,Mexico,Antenen,44.0,,False,False,team1,event,Switzerland,Mexico
1950_6,1950,Mexico,Switzerland,Casarín,89.0,,False,False,team2,event,Mexico,Switzerland
1950_7,1950,England,Chile,Mortensen,27.0,,False,False,team1,event,England,Chile
1950_7,1950,England,Chile,Mannion,51.0,,False,False,team1,event,England,Chile
1950_8,1950,Spain,United States,Igoa,81.0,,False,False,team1,event,Spain,United States
1950_8,1950,Spain,United States,Basora,83.0,,False,False,team1,event,Spain,United States
1950_8,1950,Spain,United States,Zarra,89.0,,False,False,team1,event,Spain,United States
1950_8,1950,United States,Spain,Pariani,17.0,,False,False,team2,event,United States,Spain
1950_9,1950,Spain,Chile,Basora,17.0,,False,False,team1,event,Spain,Chile
1950_9,1950,Spain,Chile,Zarra,30.0,,False,False,team1,event,Spain,Chile
1950_10,1950,United States,England,Gaetjens,38.0,,False,False,team1,event,United States,England
1950_11,1950,Spain,England,Zarra,48.0,,False,False,team1,event,Spain,England
1950_12,1950,Chile,United States,Robledo,16.0,,False,False,team1,event,Chile,United States
1950_12,1950,Chile,United States,Riera,32.0,,False,False,team1,event,Chile,United States
1950_12,1950,Chile,United States,Cremaschi,54.0,,False,False,team1,event,Chile,United States
1950_12,1950,Chile,United States,Cremaschi,82.0,,False,False,team1,event,Chile,United States
1950_12,1950,Chile,United States,Prieto,60.0,,False,False,team1,event,Chile,United States
1950_12,1950,United States,Chile,Wallace,47.0,,False,False,team2,event,United States,Chile
1950_12,1950,United States,Chile,Maca,48.0,,True,False,team2,event,United States,Chile
1950_13,1950,Sweden,Italy,Jeppson,25.0,,False,False,team1,event,Sweden,Italy
1950_13,1950,Sweden,Italy,Jeppson,68.0,,False,False,team1,event,Sweden,Italy
1950_13,1950,Sweden,Italy,Andersson,33.0,,False,False,team1,event,Sweden,Italy
1950_13,1950,Italy,Sweden,Carapellese,7.0,,False,False,team2,event,Italy,Sweden
1950_13,1950,Italy,Sweden,Muccinelli,75.0,,False,False,team2,event,Italy,Sweden
1950_14,1950,Sweden,Paraguay,Sundqvist,17.0,,False,False,team1,event,Sweden,Paraguay
1950_14,1950,Sweden,Paraguay,Palmér,26.0,,False,False,team1,event,Sweden,Paraguay
1950_14,1950,Paraguay,Sweden,López,35.0,,False,False,team2,event,Paraguay,Sweden
1950_14,1950,Paraguay,Sweden,López Fretes,74.0,,False,False,team2,event,Paraguay,Sweden
1950_15,1950,Italy,Paraguay,Carapellese,12.0,,False,False,team1,event,Italy,Paraguay
1950_15,1950,Italy,Paraguay,Pandolfini,62.0,,False,False,team1,event,Italy,Paraguay
1950_16,1950,Uruguay,Bolivia,Míguez,14.0,,False,False,team1,event,Uruguay,Bolivia
1950_16,1950,Uruguay,Bolivia,Míguez,40.0,,False,False,team1,event,Uruguay,Bolivia
1950_16,1950,Uruguay,Bolivia,Míguez,51.0,,False,False,team1,event,Uruguay,Bolivia
1950_16,1950,Uruguay,Bolivia,Vidal,18.0,,False,False,team1,event,Uruguay,Bolivia
1950_16,1950,Uruguay,Bolivia,Schiaffino,23.0,,False,False,team1,event,Uruguay,Bolivia
1950_16,1950,Uruguay,Bolivia,Schiaffino,54.0,,False,False,team1,event,Uruguay,Bolivia
1950_16,1950,Uruguay,Bolivia,Pérez,83.0,,False,False,team1,event,Uruguay,Bolivia
1950_16,1950,Uruguay,Bolivia,Ghiggia,87.0,,False,False,team1,event,Uruguay,Bolivia
1950_17,1950,Uruguay,Spain,Ghiggia,29.0,,False,False,team1,event,Uruguay,Spain
1950_17,1950,Uruguay,Spain,Varela,73.0,,False,False,team1,event,Uruguay,Spain
1950_17,1950,Spain,Uruguay,Basora,37.0,,False,False,team2,event,Spain,Uruguay
1950_17,1950,Spain,Uruguay,Basora,39.0,,False,False,team2,event,Spain,Uruguay
1950_18,1950,Brazil,Sweden,Ademir,17.0,,False,False,team1,event,Brazil,Sweden
1950_18,1950,Brazil,Sweden,Ademir,36.0,,False,False,team1,event,Brazil,Sweden
1950_18,1950,Brazil,Sweden,Ademir,52.0,,False,False,team1,event,Brazil,Sweden
1950_18,1950,Brazil,Sweden,Ademir,58.0,,False,False,team1,event,Brazil,Sweden
1950_18,1950,Brazil,Sweden,Chico,39.0,,False,False,team1,event,Brazil,Sweden
1950_18,1950,Brazil,Sweden,Chico,88.0,,False,False,team1,event,Brazil,Sweden
1950_18,1950,Brazil,Sweden,Maneca,85.0,,False,False,team1,event,Brazil,Sweden
1950_18,1950,Sweden,Brazil,Andersson,67.0,,True,False,team2,event,Sweden,Brazil
1950_19,1950,Brazil,Spain,Parra,15.0,,False,True,team1,event,Brazil,Spain
1950_19,1950,Brazil,Spain,Jair,21.0,,False,False,team1,event,Brazil,Spain
1950_19,1950,Brazil,Spain,Chico,31.0,,False,False,team1,event,Brazil,Spain
1950_19,1950,Brazil,Spain,Chico,55.0,,False,False,team1,event,Brazil,Spain
1950_19,1950,Brazil,Spain,Ademir,57.0,,False,False,team1,event,Brazil,Spain
1950_19,1950,Brazil,Spain,Zizinho,67.0,,False,False,team1,event,Brazil,Spain
1950_19,1950,Spain,Brazil,Igoa,71.0,,False,False,team2,event,Spain,Brazil
1950_20,1950,Uruguay,Sweden,Ghiggia,39.0,,False,False,team1,event,Uruguay,Sweden
1950_20,1950,Uruguay,Sweden,Míguez,77.0,,False,False,team1,event,Uruguay,Sweden
1950_20,1950,Uruguay,Sweden,Míguez,85.0,,False,False,team1,event,Uruguay,Sweden
1950_20,1950,Sweden,Uruguay,Palmér,5.0,,False,False,team2,event,Sweden,Uruguay
1950_20,1950,Sweden,Uruguay,Sundqvist,40.0,,False,False,team2,event,Sweden,Uruguay
1950_21,1950,Sweden,Spain,Sundqvist,15.0,,False,False,team1,event,Sweden,Spain
1950_21,1950,Sweden,Spain,Mellberg,33.0,,False,False,team1,event,Sweden,Spain
1950_21,1950,Sweden,Spain,Palmér,80.0,,False,False,team1,event,Sweden,Spain
1950_21,1950,Spain,Sweden,Zarra,82.0,,False,False,team2,event,Spain,Sweden
1950_22,1950,Uruguay,Brazil,Schiaffino,66.0,,False,False,team1,event,Uruguay,Brazil
1950_22,1950,Uruguay,Brazil,Ghiggia,79.0,,False,False,team1,event,Uruguay,Brazil
1950_22,1950,Brazil,Uruguay,Friaça,47.0,,False,False,team2,event,Brazil,Uruguay
1954_1,1954,Brazil,Mexico,Unknown,,,False,False,team1,inferred_from_score,Brazil,Mexico
1954_1,1954,Brazil,Mexico,Unknown,,,False,False,team1,inferred_from_score,Brazil,Mexico
1954_1,1954,Brazil,Mexico,Unknown,,,False,False,team1,inferred_from_score,Brazil,Mexico
1954_1,1954,Brazil,Mexico,Unknown,,,False,False,team1,inferred_from_score,Brazil,Mexico
1954_1,1954,Brazil,Mexico,Unknown,,,False,False,team1,inferred_from_score,Brazil,Mexico
1954_2,1954,Yugoslavia,France,Unknown,,,False,False,team1,inferred_from_score,Serbia,France
1954_3,1954,Brazil,Yugoslavia,Unknown,,,False,False,team1,inferred_from_score,Brazil,Serbia
1954_3,1954,Yugoslavia,Brazil,Unknown,,,False,False,team2,inferred_from_score,Serbia,Brazil
1954_4,1954,France,Mexico,Unknown,,,False,False,team1,inferred_from_score,France,Mexico
1954_4,1954,France,Mexico,Unknown,,,False,False,team1,inferred_from_score,France,Mexico
1954_4,1954,France,Mexico,Unknown,,,False,False,team1,inferred_from_score,France,Mexico
1954_4,1954,Mexico,France,Unknown,,,False,False,team2,inferred_from_score,Mexico,France
1954_4,1954,Mexico,France,Unknown,,,False,False,team2,inferred_from_score,Mexico,France
1954_5,1954,West Germany,Turkey,Unknown,,,False,False,team1,inferred_from_score,Germany,Turkey
1954_5,1954,West Germany,Turkey,Unknown,,,False,False,team1,inferred_from_score,Germany,Turkey
1954_5,1954,West Germany,Turkey,Unknown,,,False,False,team1,inferred_from_score,Germany,Turkey
1954_5,1954,West Germany,Turkey,Unknown,,,False,False,team1,inferred_from_score,Germany,Turkey
1954_5,1954,Turkey,West Germany,Unknown,,,False,False,team2,inferred_from_score,Turkey,Germany
1954_6,1954,Hungary,South Korea,Unknown,,,False,False,team1,inferred_from_score,Hungary,South Korea
1954_6,1954,Hungary,South Korea,Unknown,,,False,False,team1,inferred_from_score,Hungary,South Korea
1954_6,1954,Hungary,South Korea,Unknown,,,False,False,team1,inferred_from_score,Hungary,South Korea
1954_6,1954,Hungary,South Korea,Unknown,,,False,False,team1,inferred_from_score,Hungary,South Korea
1954_6,1954,Hungary,South Korea,Unknown,,,False,False,team1,inferred_from_score,Hungary,South Korea
1954_6,1954,Hungary,South Korea,Unknown,,,False,False,team1,inferred_from_score,Hungary,South Korea
1954_6,1954,Hungary,South Korea,Unknown,,,False,False,team1,inferred_from_score,Hungary,South Korea
1954_6,1954,Hungary,South Korea,Unknown,,,False,False,team1,inferred_from_score,Hungary,South Korea
1954_6,1954,Hungary,South Korea,Unknown,,,False,False,team1,inferred_from_score,Hungary,South Korea
1954_7,1954,Hungary,West Germany,Unknown,,,False,False,team1,inferred_from_score,Hungary,Germany
1954_7,1954,Hungary,West Germany,Unknown,,,False,False,team1,inferred_from_score,Hungary,Germany
1954_7,1954,Hungary,West Germany,Unknown,,,False,False,team1,inferred_from_score,Hungary,Germany
1954_7,1954,Hungary,West Germany,Unknown,,,False,False,team1,inferred_from_score,Hungary,Germany
1954_7,1954,Hungary,West Germany,Unknown,,,False,False,team1,inferred_from_score,Hungary,Germany
1954_7,1954,Hungary,West Germany,Unknown,,,False,False,team1,inferred_from_score,Hungary,Germany
1954_7,1954,Hungary,West Germany,Unknown,,,False,False,team1,inferred_from_score,Hungary,Germany
1954_7,1954,Hungary,West Germany,Unknown,,,False,False,team1,inferred_from_score,Hungary,Germany
1954_7,1954,West Germany,Hungary,Unknown,,,False,False,team2,inferred_from_score,Germany,Hungary
1954_7,1954,West Germany,Hungary,Unknown,,,False,False,team2,inferred_from_score,Germany,Hungary
1954_7,1954,West Germany,Hungary,Unknown,,,False,False,team2,inferred_from_score,Germany,Hungary
1954_8,1954,Turkey,South Korea,Unknown,,,False,False,team1,inferred_from_score,Turkey,South Korea
1954_8,1954,Turkey,South Korea,Unknown,,,False,False,team1,inferred_from_score,Turkey,South Korea
1954_8,1954,Turkey,South Korea,Unknown,,,False,False,team1,inferred_from_score,Turkey,South Korea
1954_8,1954,Turkey,South Korea,Unknown,,,False,False,team1,inferred_from_score,Turkey,South Korea
1954_8,1954,Turkey,South Korea,Unknown,,,False,False,team1,inferred_from_score,Turkey,South Korea
1954_8,1954,Turkey,South Korea,Unknown,,,False,False,team1,inferred_from_score,Turkey,South Korea
1954_8,1954,Turkey,South Korea,Unknown,,,False,False,team1,inferred_from_score,Turkey,South Korea
1954_9,1954,West Germany,Turkey,Unknown,,,False,False,team1,inferred_from_score,Germany,Turkey
1954_9,1954,West Germany,Turkey,Unknown,,,False,False,team1,inferred_from_score,Germany,Turkey
1954_9,1954,West Germany,Turkey,Unknown,,,False,False,team1,inferred_from_score,Germany,Turkey
1954_9,1954,West Germany,Turkey,Unknown,,,False,False,team1,inferred_from_score,Germany,Turkey
1954_9,1954,West Germany,Turkey,Unknown,,,False,False,team1,inferred_from_score,Germany,Turkey
1954_9,1954,West Germany,Turkey,Unknown,,,False,False,team1,inferred_from_score,Germany,Turkey
1954_9,1954,West Germany,Turkey,Unknown,,,False,False,team1,inferred_from_score,Germany,Turkey
1954_9,1954,Turkey,West Germany,Unknown,,,False,False,team2,inferred_from_score,Turkey,Germany
1954_9,1954,Turkey,West Germany,Unknown,,,False,False,team2,inferred_from_score,Turkey,Germany
1954_10,1954,Uruguay,Czechoslovakia,Unknown,,,False,False,team1,inferred_from_score,Uruguay,Czech Republic
1954_10,1954,Uruguay,Czechoslovakia,Unknown,,,False,False,team1,inferred_from_score,Uruguay,Czech Republic
1954_11,1954,Austria,Scotland,Unknown,,,False,False,team1,inferred_from_score,Austria,Scotland
1954_12,1954,Austria,Czechoslovakia,Unknown,,,False,False,team1,inferred_from_score,Austria,Czech Republic
1954_12,1954,Austria,Czechoslovakia,Unknown,,,False,False,team1,inferred_from_score,Austria,Czech Republic
1954_12,1954,Austria,Czechoslovakia,Unknown,,,False,False,team1,inferred_from_score,Austria,Czech Republic
1954_12,1954,Austria,Czechoslovakia,Unknown,,,False,False,team1,inferred_from_score,Austria,Czech Republic
1954_12,1954,Austria,Czechoslovakia,Unknown,,,False,False,team1,inferred_from_score,Austria,Czech Republic
1954_13,1954,Uruguay,Scotland,Unknown,,,False,False,team1,inferred_from_score,Uruguay,Scotland
1954_13,1954,Uruguay,Scotland,Unknown,,,False,False,team1,inferred_from_score,Uruguay,Scotland
1954_13,1954,Uruguay,Scotland,Unknown,,,False,False,team1,inferred_from_score,Uruguay,Scotland
1954_13,1954,Uruguay,Scotland,Unknown,,,False,False,team1,inferred_from_score,Uruguay,Scotland
1954_13,1954,Uruguay,Scotland,Unknown,,,False,False,team1,inferred_from_score,Uruguay,Scotland
1954_13,1954,Uruguay,Scotland,Unknown,,,False,False,team1,inferred_from_score,Uruguay,Scotland
1954_13,1954,Uruguay,Scotland,Unknown,,,False,False,team1,inferred_from_score,Uruguay,Scotland
1954_14,1954,England,Belgium,Unknown,,,False,False,team1,inferred_from_score,England,Belgium
1954_14,1954,England,Belgium,Unknown,,,False,False,team1,inferred_from_score,England,Belgium
1954_14,1954,England,Belgium,Unknown,,,False,False,team1,inferred_from_score,England,Belgium
1954_14,1954,England,Belgium,Unknown,,,False,False,team1,inferred_from_score,England,Belgium
1954_14,1954,Belgium,England,Unknown,,,False,False,team2,inferred_from_score,Belgium,England
1954_14,1954,Belgium,England,Unknown,,,False,False,team2,inferred_from_score,Belgium,England
1954_14,1954,Belgium,England,Unknown,,,False,False,team2,inferred_from_score,Belgium,England
1954_14,1954,Belgium,England,Unknown,,,False,False,team2,inferred_from_score,Belgium,England
1954_15,1954,Switzerland,Italy,Unknown,,,False,False,team1,inferred_from_score,Switzerland,Italy
1954_15,1954,Switzerland,Italy,Unknown,,,False,False,team1,inferred_from_score,Switzerland,Italy
1954_15,1954,Italy,Switzerland,Unknown,,,False,False,team2,inferred_from_score,Italy,Switzerland
1954_16,1954,England,Switzerland,Unknown,,,False,False,team1,inferred_from_score,England,Switzerland
1954_16,1954,England,Switzerland,Unknown,,,False,False,team1,inferred_from_score,England,Switzerland
1954_17,1954,Italy,Belgium,Unknown,,,False,False,team1,inferred_from_score,Italy,Belgium
1954_17,1954,Italy,Belgium,Unknown,,,False,False,team1,inferred_from_score,Italy,Belgium
1954_17,1954,Italy,Belgium,Unknown,,,False,False,team1,inferred_from_score,Italy,Belgium
1954_17,1954,Italy,Belgium,Unknown,,,False,False,team1,inferred_from_score,Italy,Belgium
1954_17,1954,Belgium,Italy,Unknown,,,False,False,team2,inferred_from_score,Belgium,Italy
1954_18,1954,Switzerland,Italy,Unknown,,,False,False,team1,inferred_from_score,Switzerland,Italy
1954_18,1954,Switzerland,Italy,Unknown,,,False,False,team1,inferred_from_score,Switzerland,Italy
1954_18,1954,Switzerland,Italy,Unknown,,,False,False,team1,inferred_from_score,Switzerland,Italy
1954_18,1954,Switzerland,Italy,Unknown,,,False,False,team1,inferred_from_score,Switzerland,Italy
1954_18,1954,Italy,Switzerland,Unknown,,,False,False,team2,inferred_from_score,Italy,Switzerland
1954_19,1954,Austria,Switzerland,Unknown,,,False,False,team1,inferred_from_score,Austria,Switzerland
1954_19,1954,Austria,Switzerland,Unknown,,,False,False,team1,inferred_from_score,Austria,Switzerland
1954_19,1954,Austria,Switzerland,Unknown,,,False,False,team1,inferred_from_score,Austria,Switzerland
1954_19,1954,Austria,Switzerland,Unknown,,,False,False,team1,inferred_from_score,Austria,Switzerland
1954_19,1954,Austria,Switzerland,Unknown,,,False,False,team1,inferred_from_score,Austria,Switzerland
1954_19,1954,Austria,Switzerland,Unknown,,,False,False,team1,inferred_from_score,Austria,Switzerland
1954_19,1954,Austria,Switzerland,Unknown,,,False,False,team1,inferred_from_score,Austria,Switzerland
1954_19,1954,Switzerland,Austria,Unknown,,,False,False,team2,inferred_from_score,Switzerland,Austria
1954_19,1954,Switzerland,Austria,Unknown,,,False,False,team2,inferred_from_score,Switzerland,Austria
1954_19,1954,Switzerland,Austria,Unknown,,,False,False,team2,inferred_from_score,Switzerland,Austria
1954_19,1954,Switzerland,Austria,Unknown,,,False,False,team2,inferred_from_score,Switzerland,Austria
1954_19,1954,Switzerland,Austria,Unknown,,,False,False,team2,inferred_from_score,Switzerland,Austria
1954_20,1954,Uruguay,England,Unknown,,,False,False,team1,inferred_from_score,Uruguay,England
1954_20,1954,Uruguay,England,Unknown,,,False,False,team1,inferred_from_score,Uruguay,England
1954_20,1954,Uruguay,England,Unknown,,,False,False,team1,inferred_from_score,Uruguay,England
1954_20,1954,Uruguay,England,Unknown,,,False,False,team1,inferred_from_score,Uruguay,England
1954_20,1954,England,Uruguay,Unknown,,,False,False,team2,inferred_from_score,England,Uruguay
1954_20,1954,England,Uruguay,Unknown,,,False,False,team2,inferred_from_score,England,Uruguay
1954_21,1954,West Germany,Yugoslavia,Unknown,,,False,False,team2,inferred_from_score,Germany,Serbia
1954_21,1954,West Germany,Yugoslavia,Unknown,,,False,False,team2,inferred_from_score,Germany,Serbia
1954_22,1954,Brazil,Hungary,Unknown,,,False,False,team1,inferred_from_score,Brazil,Hungary
1954_22,1954,Brazil,Hungary,Unknown,,,False,False,team1,inferred_from_score,Brazil,Hungary
1954_22,1954,Hungary,Brazil,Unknown,,,False,False,team2,inferred_from_score,Hungary,Brazil
1954_22,1954,Hungary,Brazil,Unknown,,,False,False,team2,inferred_from_score,Hungary,Brazil
1954_22,1954,Hungary,Brazil,Unknown,,,False,False,team2,inferred_from_score,Hungary,Brazil
1954_22,1954,Hungary,Brazil,Unknown,,,False,False,team2,inferred_from_score,Hungary,Brazil
1954_23,1954,West Germany,Austria,Unknown,,,False,False,team1,inferred_from_score,Germany,Austria
1954_23,1954,West Germany,Austria,Unknown,,,False,False,team1,inferred_from_score,Germany,Austria
1954_23,1954,West Germany,Austria,Unknown,,,False,False,team1,inferred_from_score,Germany,Austria
1954_23,1954,West Germany,Austria,Unknown,,,False,False,team1,inferred_from_score,Germany,Austria
1954_23,1954,West Germany,Austria,Unknown,,,False,False,team1,inferred_from_score,Germany,Austria
1954_23,1954,West Germany,Austria,Unknown,,,False,False,team1,inferred_from_score,Germany,Austria
1954_23,1954,Austria,West Germany,Unknown,,,False,False,team2,inferred_from_score,Austria,Germany
1954_24,1954,Hungary,Uruguay,Unknown,,,False,False,team1,inferred_from_score,Hungary,Uruguay
1954_24,1954,Hungary,Uruguay,Unknown,,,False,False,team1,inferred_from_score,Hungary,Uruguay
1954_24,1954,Hungary,Uruguay,Unknown,,,False,False,team1,inferred_from_score,Hungary,Uruguay
1954_24,1954,Hungary,Uruguay,Unknown,,,False,False,team1,inferred_from_score,Hungary,Uruguay
1954_24,1954,Uruguay,Hungary,Unknown,,,False,False,team2,inferred_from_score,Uruguay,Hungary
1954_24,1954,Uruguay,Hungary,Unknown,,,False,False,team2,inferred_from_score,Uruguay,Hungary
1954_25,1954,Uruguay,Austria,Unknown,,,False,False,team1,inferred_from_score,Uruguay,Austria
1954_25,1954,Austria,Uruguay,Unknown,,,False,False,team2,inferred_from_score,Austria,Uruguay
1954_25,1954,Austria,Uruguay,Unknown,,,False,False,team2,inferred_from_score,Austria,Uruguay
1954_25,1954,Austria,Uruguay,Unknown,,,False,False,team2,inferred_from_score,Austria,Uruguay
1954_26,1954,Hungary,West Germany,Unknown,,,False,False,team1,inferred_from_score,Hungary,Germany
1954_26,1954,Hungary,West Germany,Unknown,,,False,False,team1,inferred_from_score,Hungary,Germany
1954_26,1954,West Germany,Hungary,Unknown,,,False,False,team2,inferred_from_score,Germany,Hungary
1954_26,1954,West Germany,Hungary,Unknown,,,False,False,team2,inferred_from_score,Germany,Hungary
1954_26,1954,West Germany,Hungary,Unknown,,,False,False,team2,inferred_from_score,Germany,Hungary
1958_1,1958,West Germany,Argentina,Unknown,,,False,False,team1,inferred_from_score,Germany,Argentina
1958_1,1958,West Germany,Argentina,Unknown,,,False,False,team1,inferred_from_score,Germany,Argentina
1958_1,1958,West Germany,Argentina,Unknown,,,False,False,team1,inferred_from_score,Germany,Argentina
1958_1,1958,Argentina,West Germany,Unknown,,,False,False,team2,inferred_from_score,Argentina,Germany
1958_2,1958,Northern Ireland,Czechoslovakia,Unknown,,,False,False,team1,inferred_from_score,Northern Ireland,Czech Republic
1958_3,1958,Argentina,Northern Ireland,Unknown,,,False,False,team1,inferred_from_score,Argentina,Northern Ireland
1958_3,1958,Argentina,Northern Ireland,Unknown,,,False,False,team1,inferred_from_score,Argentina,Northern Ireland
1958_3,1958,Argentina,Northern Ireland,Unknown,,,False,False,team1,inferred_from_score,Argentina,Northern Ireland
1958_3,1958,Northern Ireland,Argentina,Unknown,,,False,False,team2,inferred_from_score,Northern Ireland,Argentina
1958_4,1958,West Germany,Czechoslovakia,Unknown,,,False,False,team1,inferred_from_score,Germany,Czech Republic
1958_4,1958,West Germany,Czechoslovakia,Unknown,,,False,False,team1,inferred_from_score,Germany,Czech Republic
1958_4,1958,Czechoslovakia,West Germany,Unknown,,,False,False,team2,inferred_from_score,Czech Republic,Germany
1958_4,1958,Czechoslovakia,West Germany,Unknown,,,False,False,team2,inferred_from_score,Czech Republic,Germany
1958_5,1958,West Germany,Northern Ireland,Unknown,,,False,False,team1,inferred_from_score,Germany,Northern Ireland
1958_5,1958,West Germany,Northern Ireland,Unknown,,,False,False,team1,inferred_from_score,Germany,Northern Ireland
1958_5,1958,Northern Ireland,West Germany,Unknown,,,False,False,team2,inferred_from_score,Northern Ireland,Germany
1958_5,1958,Northern Ireland,West Germany,Unknown,,,False,False,team2,inferred_from_score,Northern Ireland,Germany
1958_6,1958,Czechoslovakia,Argentina,Unknown,,,False,False,team1,inferred_from_score,Czech Republic,Argentina
1958_6,1958,Czechoslovakia,Argentina,Unknown,,,False,False,team1,inferred_from_score,Czech Republic,Argentina
1958_6,1958,Czechoslovakia,Argentina,Unknown,,,False,False,team1,inferred_from_score,Czech Republic,Argentina
1958_6,1958,Czechoslovakia,Argentina,Unknown,,,False,False,team1,inferred_from_score,Czech Republic,Argentina
1958_6,1958,Czechoslovakia,Argentina,Unknown,,,False,False,team1,inferred_from_score,Czech Republic,Argentina
1958_6,1958,Czechoslovakia,Argentina,Unknown,,,False,False,team1,inferred_from_score,Czech Republic,Argentina
1958_6,1958,Argentina,Czechoslovakia,Unknown,,,False,False,team2,inferred_from_score,Argentina,Czech Republic
1958_7,1958,Northern Ireland,Czechoslovakia,Unknown,,,False,False,team1,inferred_from_score,Northern Ireland,Czech Republic
1958_7,1958,Northern Ireland,Czechoslovakia,Unknown,,,False,False,team1,inferred_from_score,Northern Ireland,Czech Republic
1958_7,1958,Czechoslovakia,Northern Ireland,Unknown,,,False,False,team2,inferred_from_score,Czech Republic,Northern Ireland
1958_8,1958,France,Paraguay,Unknown,,,False,False,team1,inferred_from_score,France,Paraguay
1958_8,1958,France,Paraguay,Unknown,,,False,False,team1,inferred_from_score,France,Paraguay
1958_8,1958,France,Paraguay,Unknown,,,False,False,team1,inferred_from_score,France,Paraguay
1958_8,1958,France,Paraguay,Unknown,,,False,False,team1,inferred_from_score,France,Paraguay
1958_8,1958,France,Paraguay,Unknown,,,False,False,team1,inferred_from_score,France,Paraguay
1958_8,1958,France,Paraguay,Unknown,,,False,False,team1,inferred_from_score,France,Paraguay
1958_8,1958,France,Paraguay,Unknown,,,False,False,team1,inferred_from_score,France,Paraguay
1958_8,1958,Paraguay,France,Unknown,,,False,False,team2,inferred_from_score,Paraguay,France
1958_8,1958,Paraguay,France,Unknown,,,False,False,team2,inferred_from_score,Paraguay,France
1958_8,1958,Paraguay,France,Unknown,,,False,False,team2,inferred_from_score,Paraguay,France
1958_9,1958,Yugoslavia,Scotland,Unknown,,,False,False,team1,inferred_from_score,Serbia,Scotland
1958_9,1958,Scotland,Yugoslavia,Unknown,,,False,False,team2,inferred_from_score,Scotland,Serbia
1958_10,1958,Yugoslavia,France,Unknown,,,False,False,team1,inferred_from_score,Serbia,France
1958_10,1958,Yugoslavia,France,Unknown,,,False,False,team1,inferred_from_score,Serbia,France
1958_10,1958,Yugoslavia,France,Unknown,,,False,False,team1,inferred_from_score,Serbia,France
1958_10,1958,France,Yugoslavia,Unknown,,,False,False,team2,inferred_from_score,France,Serbia
1958_10,1958,France,Yugoslavia,Unknown,,,False,False,team2,inferred_from_score,France,Serbia
1958_11,1958,Paraguay,Scotland,Unknown,,,False,False,team1,inferred_from_score,Paraguay,Scotland
1958_11,1958,Paraguay,Scotland,Unknown,,,False,False,team1,inferred_from_score,Paraguay,Scotland
1958_11,1958,Paraguay,Scotland,Unknown,,,False,False,team1,inferred_from_score,Paraguay,Scotland
1958_11,1958,Scotland,Paraguay,Unknown,,,False,False,team2,inferred_from_score,Scotland,Paraguay
1958_11,1958,Scotland,Paraguay,Unknown,,,False,False,team2,inferred_from_score,Scotland,Paraguay
1958_12,1958,France,Scotland,Unknown,,,False,False,team1,inferred_from_score,France,Scotland
1958_12,1958,France,Scotland,Unknown,,,False,False,team1,inferred_from_score,France,Scotland
1958_12,1958,Scotland,France,Unknown,,,False,False,team2,inferred_from_score,Scotland,France
1958_13,1958,Paraguay,Yugoslavia,Unknown,,,False,False,team1,inferred_from_score,Paraguay,Serbia
1958_13,1958,Paraguay,Yugoslavia,Unknown,,,False,False,team1,inferred_from_score,Paraguay,Serbia
1958_13,1958,Paraguay,Yugoslavia,Unknown,,,False,False,team1,inferred_from_score,Paraguay,Serbia
1958_13,1958,Yugoslavia,Paraguay,Unknown,,,False,False,team2,inferred_from_score,Serbia,Paraguay
1958_13,1958,Yugoslavia,Paraguay,Unknown,,,False,False,team2,inferred_from_score,Serbia,Paraguay
1958_13,1958,Yugoslavia,Paraguay,Unknown,,,False,False,team2,inferred_from_score,Serbia,Paraguay
1958_14,1958,Sweden,Mexico,Unknown,,,False,False,team1,inferred_from_score,Sweden,Mexico
1958_14,1958,Sweden,Mexico,Unknown,,,False,False,team1,inferred_from_score,Sweden,Mexico
1958_14,1958,Sweden,Mexico,Unknown,,,False,False,team1,inferred_from_score,Sweden,Mexico
1958_15,1958,Hungary,Wales,Unknown,,,False,False,team1,inferred_from_score,Hungary,Wales
1958_15,1958,Wales,Hungary,Unknown,,,False,False,team2,inferred_from_score,Wales,Hungary
1958_16,1958,Mexico,Wales,Unknown,,,False,False,team1,inferred_from_score,Mexico,Wales
1958_16,1958,Wales,Mexico,Unknown,,,False,False,team2,inferred_from_score,Wales,Mexico
1958_17,1958,Sweden,Hungary,Unknown,,,False,False,team1,inferred_from_score,Sweden,Hungary
1958_17,1958,Sweden,Hungary,Unknown,,,False,False,team1,inferred_from_score,Sweden,Hungary
1958_17,1958,Hungary,Sweden,Unknown,,,False,False,team2,inferred_from_score,Hungary,Sweden
1958_19,1958,Hungary,Mexico,Unknown,,,False,False,team1,inferred_from_score,Hungary,Mexico
1958_19,1958,Hungary,Mexico,Unknown,,,False,False,team1,inferred_from_score,Hungary,Mexico
1958_19,1958,Hungary,Mexico,Unknown,,,False,False,team1,inferred_from_score,Hungary,Mexico
1958_19,1958,Hungary,Mexico,Unknown,,,False,False,team1,inferred_from_score,Hungary,Mexico
1958_20,1958,Wales,Hungary,Unknown,,,False,False,team1,inferred_from_score,Wales,Hungary
1958_20,1958,Wales,Hungary,Unknown,,,False,False,team1,inferred_from_score,Wales,Hungary
1958_20,1958,Hungary,Wales,Unknown,,,False,False,team2,inferred_from_score,Hungary,Wales
1958_21,1958,Brazil,Austria,Unknown,,,False,False,team1,inferred_from_score,Brazil,Austria
1958_21,1958,Brazil,Austria,Unknown,,,False,False,team1,inferred_from_score,Brazil,Austria
1958_21,1958,Brazil,Austria,Unknown,,,False,False,team1,inferred_from_score,Brazil,Austria
1958_22,1958,Soviet Union,England,Unknown,,,False,False,team1,inferred_from_score,Russia,England
1958_22,1958,Soviet Union,England,Unknown,,,False,False,team1,inferred_from_score,Russia,England
1958_22,1958,England,Soviet Union,Unknown,,,False,False,team2,inferred_from_score,England,Russia
1958_22,1958,England,Soviet Union,Unknown,,,False,False,team2,inferred_from_score,England,Russia
1958_24,1958,Soviet Union,Austria,Unknown,,,False,False,team1,inferred_from_score,Russia,Austria
1958_24,1958,Soviet Union,Austria,Unknown,,,False,False,team1,inferred_from_score,Russia,Austria
1958_25,1958,England,Austria,Unknown,,,False,False,team1,inferred_from_score,England,Austria
1958_25,1958,England,Austria,Unknown,,,False,False,team1,inferred_from_score,England,Austria
1958_25,1958,Austria,England,Unknown,,,False,False,team2,inferred_from_score,Austria,England
1958_25,1958,Austria,England,Unknown,,,False,False,team2,inferred_from_score,Austria,England
1958_26,1958,Brazil,Soviet Union,Unknown,,,False,False,team1,inferred_from_score,Brazil,Russia
1958_26,1958,Brazil,Soviet Union,Unknown,,,False,False,team1,inferred_from_score,Brazil,Russia
1958_27,1958,Soviet Union,England,Unknown,,,False,False,team1,inferred_from_score,Russia,England
1958_28,1958,France,Northern Ireland,Unknown,,,False,False,team1,inferred_from_score,France,Northern Ireland
1958_28,1958,France,Northern Ireland,Unknown,,,False,False,team1,inferred_from_score,France,Northern Ireland
1958_28,1958,France,Northern Ireland,Unknown,,,False,False,team1,inferred_from_score,France,Northern Ireland
1958_28,1958,France,Northern Ireland,Unknown,,,False,False,team1,inferred_from_score,France,Northern Ireland
1958_29,1958,Sweden,Soviet Union,Unknown,,,False,False,team1,inferred_from_score,Sweden,Russia
1958_29,1958,Sweden,Soviet Union,Unknown,,,False,False,team1,inferred_from_score,Sweden,Russia
1958_30,1958,Brazil,Wales,Unknown,,,False,False,team1,inferred_from_score,Brazil,Wales
1958_31,1958,West Germany,Yugoslavia,Unknown,,,False,False,team1,inferred_from_score,Germany,Serbia
1958_32,1958,France,Brazil,Unknown,,,False,False,team1,inferred_from_score,France,Brazil
1958_32,1958,France,Brazil,Unknown,,,False,False,team1,inferred_from_score,France,Brazil
1958_32,1958,Brazil,France,Unknown,,,False,False,team2,inferred_from_score,Brazil,France
1958_32,1958,Brazil,France,Unknown,,,False,False,team2,inferred_from_score,Brazil,France
1958_32,1958,Brazil,France,Unknown,,,False,False,team2,inferred_from_score,Brazil,France
1958_32,1958,Brazil,France,Unknown,,,False,False,team2,inferred_from_score,Brazil,France
1958_32,1958,Brazil,France,Unknown,,,False,False,team2,inferred_from_score,Brazil,France
1958_33,1958,West Germany,Sweden,Unknown,,,False,False,team1,inferred_from_score,Germany,Sweden
1958_33,1958,Sweden,West Germany,Unknown,,,False,False,team2,inferred_from_score,Sweden,Germany
1958_33,1958,Sweden,West Germany,Unknown,,,False,False,team2,inferred_from_score,Sweden,Germany
1958_33,1958,Sweden,West Germany,Unknown,,,False,False,team2,inferred_from_score,Sweden,Germany
1958_34,1958,West Germany,France,Unknown,,,False,False,team1,inferred_from_score,Germany,France
1958_34,1958,West Germany,France,Unknown,,,False,False,team1,inferred_from_score,Germany,France
1958_34,1958,West Germany,France,Unknown,,,False,False,team1,inferred_from_score,Germany,France
1958_34,1958,France,West Germany,Unknown,,,False,False,team2,inferred_from_score,France,Germany
1958_34,1958,France,West Germany,Unknown,,,False,False,team2,inferred_from_score,France,Germany
1958_34,1958,France,West Germany,Unknown,,,False,False,team2,inferred_from_score,France,Germany
1958_34,1958,France,West Germany,Unknown,,,False,False,team2,inferred_from_score,France,Germany
1958_34,1958,France,West Germany,Unknown,,,False,False,team2,inferred_from_score,France,Germany
1958_34,1958,France,West Germany,Unknown,,,False,False,team2,inferred_from_score,France,Germany
1958_35,1958,Sweden,Brazil,Unknown,,,False,False,team1,inferred_from_score,Sweden,Brazil
1958_35,1958,Sweden,Brazil,Unknown,,,False,False,team1,inferred_from_score,Sweden,Brazil
1958_35,1958,Brazil,Sweden,Unknown,,,False,False,team2,inferred_from_score,Brazil,Sweden
1958_35,1958,Brazil,Sweden,Unknown,,,False,False,team2,inferred_from_score,Brazil,Sweden
1958_35,1958,Brazil,Sweden,Unknown,,,False,False,team2,inferred_from_score,Brazil,Sweden
1958_35,1958,Brazil,Sweden,Unknown,,,False,False,team2,inferred_from_score,Brazil,Sweden
1958_35,1958,Brazil,Sweden,Unknown,,,False,False,team2,inferred_from_score,Brazil,Sweden
1962_1,1962,Uruguay,Colombia,Unknown,,,False,False,team1,inferred_from_score,Uruguay,Colombia
1962_1,1962,Uruguay,Colombia,Unknown,,,False,False,team1,inferred_from_score,Uruguay,Colombia
1962_1,1962,Colombia,Uruguay,Unknown,,,False,False,team2,inferred_from_score,Colombia,Uruguay
1962_2,1962,Soviet Union,Yugoslavia,Unknown,,,False,False,team1,inferred_from_score,Russia,Serbia
1962_2,1962,Soviet Union,Yugoslavia,Unknown,,,False,False,team1,inferred_from_score,Russia,Serbia
1962_3,1962,Yugoslavia,Uruguay,Unknown,,,False,False,team1,inferred_from_score,Serbia,Uruguay
1962_3,1962,Yugoslavia,Uruguay,Unknown,,,False,False,team1,inferred_from_score,Serbia,Uruguay
1962_3,1962,Yugoslavia,Uruguay,Unknown,,,False,False,team1,inferred_from_score,Serbia,Uruguay
1962_3,1962,Uruguay,Yugoslavia,Unknown,,,False,False,team2,inferred_from_score,Uruguay,Serbia
1962_4,1962,Soviet Union,Colombia,Unknown,,,False,False,team1,inferred_from_score,Russia,Colombia
1962_4,1962,Soviet Union,Colombia,Unknown,,,False,False,team1,inferred_from_score,Russia,Colombia
1962_4,1962,Soviet Union,Colombia,Unknown,,,False,False,team1,inferred_from_score,Russia,Colombia
1962_4,1962,Soviet Union,Colombia,Unknown,,,False,False,team1,inferred_from_score,Russia,Colombia
1962_4,1962,Colombia,Soviet Union,Unknown,,,False,False,team2,inferred_from_score,Colombia,Russia
1962_4,1962,Colombia,Soviet Union,Unknown,,,False,False,team2,inferred_from_score,Colombia,Russia
1962_4,1962,Colombia,Soviet Union,Unknown,,,False,False,team2,inferred_from_score,Colombia,Russia
1962_4,1962,Colombia,Soviet Union,Unknown,,,False,False,team2,inferred_from_score,Colombia,Russia
1962_5,1962,Soviet Union,Uruguay,Unknown,,,False,False,team1,inferred_from_score,Russia,Uruguay
1962_5,1962,Soviet Union,Uruguay,Unknown,,,False,False,team1,inferred_from_score,Russia,Uruguay
1962_5,1962,Uruguay,Soviet Union,Unknown,,,False,False,team2,inferred_from_score,Uruguay,Russia
1962_6,1962,Yugoslavia,Colombia,Unknown,,,False,False,team1,inferred_from_score,Serbia,Colombia
1962_6,1962,Yugoslavia,Colombia,Unknown,,,False,False,team1,inferred_from_score,Serbia,Colombia
1962_6,1962,Yugoslavia,Colombia,Unknown,,,False,False,team1,inferred_from_score,Serbia,Colombia
1962_6,1962,Yugoslavia,Colombia,Unknown,,,False,False,team1,inferred_from_score,Serbia,Colombia
1962_6,1962,Yugoslavia,Colombia,Unknown,,,False,False,team1,inferred_from_score,Serbia,Colombia
1962_7,1962,Chile,Switzerland,Unknown,,,False,False,team1,inferred_from_score,Chile,Switzerland
1962_7,1962,Chile,Switzerland,Unknown,,,False,False,team1,inferred_from_score,Chile,Switzerland
1962_7,1962,Chile,Switzerland,Unknown,,,False,False,team1,inferred_from_score,Chile,Switzerland
1962_7,1962,Switzerland,Chile,Unknown,,,False,False,team2,inferred_from_score,Switzerland,Chile
1962_9,1962,Chile,Italy,Unknown,,,False,False,team1,inferred_from_score,Chile,Italy
1962_9,1962,Chile,Italy,Unknown,,,False,False,team1,inferred_from_score,Chile,Italy
1962_10,1962,West Germany,Switzerland,Unknown,,,False,False,team1,inferred_from_score,Germany,Switzerland
1962_10,1962,West Germany,Switzerland,Unknown,,,False,False,team1,inferred_from_score,Germany,Switzerland
1962_10,1962,Switzerland,West Germany,Unknown,,,False,False,team2,inferred_from_score,Switzerland,Germany
1962_11,1962,West Germany,Chile,Unknown,,,False,False,team1,inferred_from_score,Germany,Chile
1962_11,1962,West Germany,Chile,Unknown,,,False,False,team1,inferred_from_score,Germany,Chile
1962_12,1962,Italy,Switzerland,Unknown,,,False,False,team1,inferred_from_score,Italy,Switzerland
1962_12,1962,Italy,Switzerland,Unknown,,,False,False,team1,inferred_from_score,Italy,Switzerland
1962_12,1962,Italy,Switzerland,Unknown,,,False,False,team1,inferred_from_score,Italy,Switzerland
1962_13,1962,Brazil,Mexico,Unknown,,,False,False,team1,inferred_from_score,Brazil,Mexico
1962_13,1962,Brazil,Mexico,Unknown,,,False,False,team1,inferred_from_score,Brazil,Mexico
1962_14,1962,Czechoslovakia,Spain,Unknown,,,False,False,team1,inferred_from_score,Czech Republic,Spain
1962_16,1962,Spain,Mexico,Unknown,,,False,False,team1,inferred_from_score,Spain,Mexico
1962_17,1962,Brazil,Spain,Unknown,,,False,False,team1,inferred_from_score,Brazil,Spain
1962_17,1962,Brazil,Spain,Unknown,,,False,False,team1,inferred_from_score,Brazil,Spain
1962_17,1962,Spain,Brazil,Unknown,,,False,False,team2,inferred_from_score,Spain,Brazil
1962_18,1962,Mexico,Czechoslovakia,Unknown,,,False,False,team1,inferred_from_score,Mexico,Czech Republic
1962_18,1962,Mexico,Czechoslovakia,Unknown,,,False,False,team1,inferred_from_score,Mexico,Czech Republic
1962_18,1962,Mexico,Czechoslovakia,Unknown,,,False,False,team1,inferred_from_score,Mexico,Czech Republic
1962_18,1962,Czechoslovakia,Mexico,Unknown,,,False,False,team2,inferred_from_score,Czech Republic,Mexico
1962_19,1962,Argentina,Bulgaria,Unknown,,,False,False,team1,inferred_from_score,Argentina,Bulgaria
1962_20,1962,Hungary,England,Unknown,,,False,False,team1,inferred_from_score,Hungary,England
1962_20,1962,Hungary,England,Unknown,,,False,False,team1,inferred_from_score,Hungary,England
1962_20,1962,England,Hungary,Unknown,,,False,False,team2,inferred_from_score,England,Hungary
1962_21,1962,England,Argentina,Unknown,,,False,False,team1,inferred_from_score,England,Argentina
1962_21,1962,England,Argentina,Unknown,,,False,False,team1,inferred_from_score,England,Argentina
1962_21,1962,England,Argentina,Unknown,,,False,False,team1,inferred_from_score,England,Argentina
1962_21,1962,Argentina,England,Unknown,,,False,False,team2,inferred_from_score,Argentina,England
1962_22,1962,Hungary,Bulgaria,Unknown,,,False,False,team1,inferred_from_score,Hungary,Bulgaria
1962_22,1962,Hungary,Bulgaria,Unknown,,,False,False,team1,inferred_from_score,Hungary,Bulgaria
1962_22,1962,Hungary,Bulgaria,Unknown,,,False,False,team1,inferred_from_score,Hungary,Bulgaria
1962_22,1962,Hungary,Bulgaria,Unknown,,,False,False,team1,inferred_from_score,Hungary,Bulgaria
1962_22,1962,Hungary,Bulgaria,Unknown,,,False,False,team1,inferred_from_score,Hungary,Bulgaria
1962_22,1962,Hungary,Bulgaria,Unknown,,,False,False,team1,inferred_from_score,Hungary,Bulgaria
1962_22,1962,Bulgaria,Hungary,Unknown,,,False,False,team2,inferred_from_score,Bulgaria,Hungary
1962_25,1962,Chile,Soviet Union,Unknown,,,False,False,team1,inferred_from_score,Chile,Russia
1962_25,1962,Chile,Soviet Union,Unknown,,,False,False,team1,inferred_from_score,Chile,Russia
1962_25,1962,Soviet Union,Chile,Unknown,,,False,False,team2,inferred_from_score,Russia,Chile
1962_26,1962,Yugoslavia,West Germany,Unknown,,,False,False,team1,inferred_from_score,Serbia,Germany
1962_27,1962,Brazil,England,Unknown,,,False,False,team1,inferred_from_score,Brazil,England
1962_27,1962,Brazil,England,Unknown,,,False,False,team1,inferred_from_score,Brazil,England
1962_27,1962,Brazil,England,Unknown,,,False,False,team1,inferred_from_score,Brazil,England
1962_27,1962,England,Brazil,Unknown,,,False,False,team2,inferred_from_score,England,Brazil
1962_28,1962,Czechoslovakia,Hungary,Unknown,,,False,False,team1,inferred_from_score,Czech Republic,Hungary
1962_29,1962,Brazil,Chile,Unknown,,,False,False,team1,inferred_from_score,Brazil,Chile
1962_29,1962,Brazil,Chile,Unknown,,,False,False,team1,inferred_from_score,Brazil,Chile
1962_29,1962,Brazil,Chile,Unknown,,,False,False,team1,inferred_from_score,Brazil,Chile
1962_29,1962,Brazil,Chile,Unknown,,,False,False,team1,inferred_from_score,Brazil,Chile
1962_29,1962,Chile,Brazil,Unknown,,,False,False,team2,inferred_from_score,Chile,Brazil
1962_29,1962,Chile,Brazil,Unknown,,,False,False,team2,inferred_from_score,Chile,Brazil
1962_30,1962,Czechoslovakia,Yugoslavia,Unknown,,,False,False,team1,inferred_from_score,Czech Republic,Serbia
1962_30,1962,Czechoslovakia,Yugoslavia,Unknown,,,False,False,team1,inferred_from_score,Czech Republic,Serbia
1962_30,1962,Czechoslovakia,Yugoslavia,Unknown,,,False,False,team1,inferred_from_score,Czech Republic,Serbia
1962_30,1962,Yugoslavia,Czechoslovakia,Unknown,,,False,False,team2,inferred_from_score,Serbia,Czech Republic
1962_31,1962,Chile,Yugoslavia,Unknown,,,False,False,team1,inferred_from_score,Chile,Serbia
1962_32,1962,Brazil,Czechoslovakia,Unknown,,,False,False,team1,inferred_from_score,Brazil,Czech Republic
1962_32,1962,Brazil,Czechoslovakia,Unknown,,,False,False,team1,inferred_from_score,Brazil,Czech Republic
1962_32,1962,Brazil,Czechoslovakia,Unknown,,,False,False,team1,inferred_from_score,Brazil,Czech Republic
1962_32,1962,Czechoslovakia,Brazil,Unknown,,,False,False,team2,inferred_from_score,Czech Republic,Brazil
1966_2,1966,France,Mexico,Unknown,,,False,False,team1,inferred_from_score,France,Mexico
1966_2,1966,Mexico,France,Unknown,,,False,False,team2,inferred_from_score,Mexico,France
1966_3,1966,Uruguay,France,Unknown,,,False,False,team1,inferred_from_score,Uruguay,France
1966_3,1966,Uruguay,France,Unknown,,,False,False,team1,inferred_from_score,Uruguay,France
1966_3,1966,France,Uruguay,Unknown,,,False,False,team2,inferred_from_score,France,Uruguay
1966_4,1966,England,Mexico,Unknown,,,False,False,team1,inferred_from_score,England,Mexico
1966_4,1966,England,Mexico,Unknown,,,False,False,team1,inferred_from_score,England,Mexico
1966_6,1966,England,France,Unknown,,,False,False,team1,inferred_from_score,England,France
1966_6,1966,England,France,Unknown,,,False,False,team1,inferred_from_score,England,France
1966_7,1966,West Germany,Switzerland,Unknown,,,False,False,team1,inferred_from_score,Germany,Switzerland
1966_7,1966,West Germany,Switzerland,Unknown,,,False,False,team1,inferred_from_score,Germany,Switzerland
1966_7,1966,West Germany,Switzerland,Unknown,,,False,False,team1,inferred_from_score,Germany,Switzerland
1966_7,1966,West Germany,Switzerland,Unknown,,,False,False,team1,inferred_from_score,Germany,Switzerland
1966_7,1966,West Germany,Switzerland,Unknown,,,False,False,team1,inferred_from_score,Germany,Switzerland
1966_8,1966,Argentina,Spain,Unknown,,,False,False,team1,inferred_from_score,Argentina,Spain
1966_8,1966,Argentina,Spain,Unknown,,,False,False,team1,inferred_from_score,Argentina,Spain
1966_8,1966,Spain,Argentina,Unknown,,,False,False,team2,inferred_from_score,Spain,Argentina
1966_9,1966,Spain,Switzerland,Unknown,,,False,False,team1,inferred_from_score,Spain,Switzerland
1966_9,1966,Spain,Switzerland,Unknown,,,False,False,team1,inferred_from_score,Spain,Switzerland
1966_9,1966,Switzerland,Spain,Unknown,,,False,False,team2,inferred_from_score,Switzerland,Spain
1966_11,1966,Argentina,Switzerland,Unknown,,,False,False,team1,inferred_from_score,Argentina,Switzerland
1966_11,1966,Argentina,Switzerland,Unknown,,,False,False,team1,inferred_from_score,Argentina,Switzerland
1966_12,1966,West Germany,Spain,Unknown,,,False,False,team1,inferred_from_score,Germany,Spain
1966_12,1966,West Germany,Spain,Unknown,,,False,False,team1,inferred_from_score,Germany,Spain
1966_12,1966,Spain,West Germany,Unknown,,,False,False,team2,inferred_from_score,Spain,Germany
1966_13,1966,Brazil,Bulgaria,Unknown,,,False,False,team1,inferred_from_score,Brazil,Bulgaria
1966_13,1966,Brazil,Bulgaria,Unknown,,,False,False,team1,inferred_from_score,Brazil,Bulgaria
1966_14,1966,Portugal,Hungary,Unknown,,,False,False,team1,inferred_from_score,Portugal,Hungary
1966_14,1966,Portugal,Hungary,Unknown,,,False,False,team1,inferred_from_score,Portugal,Hungary
1966_14,1966,Portugal,Hungary,Unknown,,,False,False,team1,inferred_from_score,Portugal,Hungary
1966_14,1966,Hungary,Portugal,Unknown,,,False,False,team2,inferred_from_score,Hungary,Portugal
1966_15,1966,Hungary,Brazil,Unknown,,,False,False,team1,inferred_from_score,Hungary,Brazil
1966_15,1966,Hungary,Brazil,Unknown,,,False,False,team1,inferred_from_score,Hungary,Brazil
1966_15,1966,Hungary,Brazil,Unknown,,,False,False,team1,inferred_from_score,Hungary,Brazil
1966_15,1966,Brazil,Hungary,Unknown,,,False,False,team2,inferred_from_score,Brazil,Hungary
1966_16,1966,Portugal,Bulgaria,Unknown,,,False,False,team1,inferred_from_score,Portugal,Bulgaria
1966_16,1966,Portugal,Bulgaria,Unknown,,,False,False,team1,inferred_from_score,Portugal,Bulgaria
1966_16,1966,Portugal,Bulgaria,Unknown,,,False,False,team1,inferred_from_score,Portugal,Bulgaria
1966_17,1966,Portugal,Brazil,Unknown,,,False,False,team1,inferred_from_score,Portugal,Brazil
1966_17,1966,Portugal,Brazil,Unknown,,,False,False,team1,inferred_from_score,Portugal,Brazil
1966_17,1966,Portugal,Brazil,Unknown,,,False,False,team1,inferred_from_score,Portugal,Brazil
1966_17,1966,Brazil,Portugal,Unknown,,,False,False,team2,inferred_from_score,Brazil,Portugal
1966_18,1966,Hungary,Bulgaria,Unknown,,,False,False,team1,inferred_from_score,Hungary,Bulgaria
1966_18,1966,Hungary,Bulgaria,Unknown,,,False,False,team1,inferred_from_score,Hungary,Bulgaria
1966_18,1966,Hungary,Bulgaria,Unknown,,,False,False,team1,inferred_from_score,Hungary,Bulgaria
1966_18,1966,Bulgaria,Hungary,Unknown,,,False,False,team2,inferred_from_score,Bulgaria,Hungary
1966_19,1966,Soviet Union,North Korea,Unknown,,,False,False,team1,inferred_from_score,Russia,North Korea
1966_19,1966,Soviet Union,North Korea,Unknown,,,False,False,team1,inferred_from_score,Russia,North Korea
1966_19,1966,Soviet Union,North Korea,Unknown,,,False,False,team1,inferred_from_score,Russia,North Korea
1966_20,1966,Italy,Chile,Unknown,,,False,False,team1,inferred_from_score,Italy,Chile
1966_20,1966,Italy,Chile,Unknown,,,False,False,team1,inferred_from_score,Italy,Chile
1966_21,1966,Chile,North Korea,Unknown,,,False,False,team1,inferred_from_score,Chile,North Korea
1966_21,1966,North Korea,Chile,Unknown,,,False,False,team2,inferred_from_score,North Korea,Chile
1966_22,1966,Soviet Union,Italy,Unknown,,,False,False,team1,inferred_from_score,Russia,Italy
1966_23,1966,North Korea,Italy,Unknown,,,False,False,team1,inferred_from_score,North Korea,Italy
1966_24,1966,Soviet Union,Chile,Unknown,,,False,False,team1,inferred_from_score,Russia,Chile
1966_24,1966,Soviet Union,Chile,Unknown,,,False,False,team1,inferred_from_score,Russia,Chile
1966_24,1966,Chile,Soviet Union,Unknown,,,False,False,team2,inferred_from_score,Chile,Russia
1966_25,1966,England,Argentina,Unknown,,,False,False,team1,inferred_from_score,England,Argentina
1966_26,1966,West Germany,Uruguay,Unknown,,,False,False,team1,inferred_from_score,Germany,Uruguay
1966_26,1966,West Germany,Uruguay,Unknown,,,False,False,team1,inferred_from_score,Germany,Uruguay
1966_26,1966,West Germany,Uruguay,Unknown,,,False,False,team1,inferred_from_score,Germany,Uruguay
1966_26,1966,West Germany,Uruguay,Unknown,,,False,False,team1,inferred_from_score,Germany,Uruguay
1966_27,1966,Soviet Union,Hungary,Unknown,,,False,False,team1,inferred_from_score,Russia,Hungary
1966_27,1966,Soviet Union,Hungary,Unknown,,,False,False,team1,inferred_from_score,Russia,Hungary
1966_27,1966,Hungary,Soviet Union,Unknown,,,False,False,team2,inferred_from_score,Hungary,Russia
1966_28,1966,Portugal,North Korea,Unknown,,,False,False,team1,inferred_from_score,Portugal,North Korea
1966_28,1966,Portugal,North Korea,Unknown,,,False,False,team1,inferred_from_score,Portugal,North Korea
1966_28,1966,Portugal,North Korea,Unknown,,,False,False,team1,inferred_from_score,Portugal,North Korea
1966_28,1966,Portugal,North Korea,Unknown,,,False,False,team1,inferred_from_score,Portugal,North Korea
1966_28,1966,Portugal,North Korea,Unknown,,,False,False,team1,inferred_from_score,Portugal,North Korea
1966_28,1966,North Korea,Portugal,Unknown,,,False,False,team2,inferred_from_score,North Korea,Portugal
1966_28,1966,North Korea,Portugal,Unknown,,,False,False,team2,inferred_from_score,North Korea,Portugal
1966_28,1966,North Korea,Portugal,Unknown,,,False,False,team2,inferred_from_score,North Korea,Portugal
1966_29,1966,West Germany,Soviet Union,Unknown,,,False,False,team1,inferred_from_score,Germany,Russia
1966_29,1966,West Germany,Soviet Union,Unknown,,,False,False,team1,inferred_from_score,Germany,Russia
1966_29,1966,Soviet Union,West Germany,Unknown,,,False,False,team2,inferred_from_score,Russia,Germany
1966_30,1966,England,Portugal,Unknown,,,False,False,team1,inferred_from_score,England,Portugal
1966_30,1966,England,Portugal,Unknown,,,False,False,team1,inferred_from_score,England,Portugal
1966_30,1966,Portugal,England,Unknown,,,False,False,team2,inferred_from_score,Portugal,England
1966_31,1966,Portugal,Soviet Union,Unknown,,,False,False,team1,inferred_from_score,Portugal,Russia
1966_31,1966,Portugal,Soviet Union,Unknown,,,False,False,team1,inferred_from_score,Portugal,Russia
1966_31,1966,Soviet Union,Portugal,Unknown,,,False,False,team2,inferred_from_score,Russia,Portugal
1966_32,1966,England,West Germany,Unknown,,,False,False,team1,inferred_from_score,England,Germany
1966_32,1966,England,West Germany,Unknown,,,False,False,team1,inferred_from_score,England,Germany
1966_32,1966,England,West Germany,Unknown,,,False,False,team1,inferred_from_score,England,Germany
1966_32,1966,England,West Germany,Unknown,,,False,False,team1,inferred_from_score,England,Germany
1966_32,1966,West Germany,England,Unknown,,,False,False,team2,inferred_from_score,Germany,England
1966_32,1966,West Germany,England,Unknown,,,False,False,team2,inferred_from_score,Germany,England
1970_2,1970,Belgium,El Salvador,Unknown,,,False,False,team1,inferred_from_score,Belgium,El Salvador
1970_2,1970,Belgium,El Salvador,Unknown,,,False,False,team1,inferred_from_score,Belgium,El Salvador
1970_2,1970,Belgium,El Salvador,Unknown,,,False,False,team1,inferred_from_score,Belgium,El Salvador
1970_3,1970,Soviet Union,Belgium,Unknown,,,False,False,team1,inferred_from_score,Russia,Belgium
1970_3,1970,Soviet Union,Belgium,Unknown,,,False,False,team1,inferred_from_score,Russia,Belgium
1970_3,1970,Soviet Union,Belgium,Unknown,,,False,False,team1,inferred_from_score,Russia,Belgium
1970_3,1970,Soviet Union,Belgium,Unknown,,,False,False,team1,inferred_from_score,Russia,Belgium
1970_3,1970,Belgium,Soviet Union,Unknown,,,False,False,team2,inferred_from_score,Belgium,Russia
1970_4,1970,Mexico,El Salvador,Unknown,,,False,False,team1,inferred_from_score,Mexico,El Salvador
1970_4,1970,Mexico,El Salvador,Unknown,,,False,False,team1,inferred_from_score,Mexico,El Salvador
1970_4,1970,Mexico,El Salvador,Unknown,,,False,False,team1,inferred_from_score,Mexico,El Salvador
1970_4,1970,Mexico,El Salvador,Unknown,,,False,False,team1,inferred_from_score,Mexico,El Salvador
1970_5,1970,Soviet Union,El Salvador,Unknown,,,False,False,team1,inferred_from_score,Russia,El Salvador
1970_5,1970,Soviet Union,El Salvador,Unknown,,,False,False,team1,inferred_from_score,Russia,El Salvador
1970_6,1970,Mexico,Belgium,Unknown,,,False,False,team1,inferred_from_score,Mexico,Belgium
1970_7,1970,Uruguay,Israel,Unknown,,,False,False,team1,inferred_from_score,Uruguay,Israel
1970_7,1970,Uruguay,Israel,Unknown,,,False,False,team1,inferred_from_score,Uruguay,Israel
1970_8,1970,Italy,Sweden,Unknown,,,False,False,team1,inferred_from_score,Italy,Sweden
1970_10,1970,Sweden,Israel,Unknown,,,False,False,team1,inferred_from_score,Sweden,Israel
1970_10,1970,Israel,Sweden,Unknown,,,False,False,team2,inferred_from_score,Israel,Sweden
1970_11,1970,Sweden,Uruguay,Unknown,,,False,False,team2,inferred_from_score,Sweden,Uruguay
1970_13,1970,England,Romania,Unknown,,,False,False,team2,inferred_from_score,England,Romania
1970_14,1970,Czechoslovakia,Brazil,Unknown,,,False,False,team1,inferred_from_score,Czech Republic,Brazil
1970_14,1970,Brazil,Czechoslovakia,Unknown,,,False,False,team2,inferred_from_score,Brazil,Czech Republic
1970_14,1970,Brazil,Czechoslovakia,Unknown,,,False,False,team2,inferred_from_score,Brazil,Czech Republic
1970_14,1970,Brazil,Czechoslovakia,Unknown,,,False,False,team2,inferred_from_score,Brazil,Czech Republic
1970_14,1970,Brazil,Czechoslovakia,Unknown,,,False,False,team2,inferred_from_score,Brazil,Czech Republic
1970_15,1970,Romania,Czechoslovakia,Unknown,,,False,False,team1,inferred_from_score,Romania,Czech Republic
1970_15,1970,Romania,Czechoslovakia,Unknown,,,False,False,team1,inferred_from_score,Romania,Czech Republic
1970_15,1970,Czechoslovakia,Romania,Unknown,,,False,False,team2,inferred_from_score,Czech Republic,Romania
1970_16,1970,Brazil,England,Unknown,,,False,False,team2,inferred_from_score,Brazil,England
1970_17,1970,Romania,Brazil,Unknown,,,False,False,team1,inferred_from_score,Romania,Brazil
1970_17,1970,Romania,Brazil,Unknown,,,False,False,team1,inferred_from_score,Romania,Brazil
1970_17,1970,Brazil,Romania,Unknown,,,False,False,team2,inferred_from_score,Brazil,Romania
1970_17,1970,Brazil,Romania,Unknown,,,False,False,team2,inferred_from_score,Brazil,Romania
1970_17,1970,Brazil,Romania,Unknown,,,False,False,team2,inferred_from_score,Brazil,Romania
1970_18,1970,England,Czechoslovakia,Unknown,,,False,False,team1,inferred_from_score,England,Czech Republic
1970_19,1970,Peru,Bulgaria,Unknown,,,False,False,team1,inferred_from_score,Peru,Bulgaria
1970_19,1970,Peru,Bulgaria,Unknown,,,False,False,team1,inferred_from_score,Peru,Bulgaria
1970_19,1970,Peru,Bulgaria,Unknown,,,False,False,team1,inferred_from_score,Peru,Bulgaria
1970_19,1970,Bulgaria,Peru,Unknown,,,False,False,team2,inferred_from_score,Bulgaria,Peru
1970_19,1970,Bulgaria,Peru,Unknown,,,False,False,team2,inferred_from_score,Bulgaria,Peru
1970_20,1970,Morocco,West Germany,Unknown,,,False,False,team1,inferred_from_score,Morocco,Germany
1970_20,1970,West Germany,Morocco,Unknown,,,False,False,team2,inferred_from_score,Germany,Morocco
1970_20,1970,West Germany,Morocco,Unknown,,,False,False,team2,inferred_from_score,Germany,Morocco
1970_21,1970,Peru,Morocco,Unknown,,,False,False,team1,inferred_from_score,Peru,Morocco
1970_21,1970,Peru,Morocco,Unknown,,,False,False,team1,inferred_from_score,Peru,Morocco
1970_21,1970,Peru,Morocco,Unknown,,,False,False,team1,inferred_from_score,Peru,Morocco
1970_22,1970,Bulgaria,West Germany,Unknown,,,False,False,team1,inferred_from_score,Bulgaria,Germany
1970_22,1970,Bulgaria,West Germany,Unknown,,,False,False,team1,inferred_from_score,Bulgaria,Germany
1970_22,1970,West Germany,Bulgaria,Unknown,,,False,False,team2,inferred_from_score,Germany,Bulgaria
1970_22,1970,West Germany,Bulgaria,Unknown,,,False,False,team2,inferred_from_score,Germany,Bulgaria
1970_22,1970,West Germany,Bulgaria,Unknown,,,False,False,team2,inferred_from_score,Germany,Bulgaria
1970_22,1970,West Germany,Bulgaria,Unknown,,,False,False,team2,inferred_from_score,Germany,Bulgaria
1970_22,1970,West Germany,Bulgaria,Unknown,,,False,False,team2,inferred_from_score,Germany,Bulgaria
1970_23,1970,Peru,West Germany,Unknown,,,False,False,team1,inferred_from_score,Peru,Germany
1970_23,1970,West Germany,Peru,Unknown,,,False,False,team2,inferred_from_score,Germany,Peru
1970_23,1970,West Germany,Peru,Unknown,,,False,False,team2,inferred_from_score,Germany,Peru
1970_23,1970,West Germany,Peru,Unknown,,,False,False,team2,inferred_from_score,Germany,Peru
1970_24,1970,Bulgaria,Morocco,Unknown,,,False,False,team1,inferred_from_score,Bulgaria,Morocco
1970_24,1970,Morocco,Bulgaria,Unknown,,,False,False,team2,inferred_from_score,Morocco,Bulgaria
1970_25,1970,Uruguay,Soviet Union,Unknown,,,False,False,team2,inferred_from_score,Uruguay,Russia
1970_26,1970,Italy,Mexico,Unknown,,,False,False,team1,inferred_from_score,Italy,Mexico
1970_26,1970,Italy,Mexico,Unknown,,,False,False,team1,inferred_from_score,Italy,Mexico
1970_26,1970,Italy,Mexico,Unknown,,,False,False,team1,inferred_from_score,Italy,Mexico
1970_26,1970,Italy,Mexico,Unknown,,,False,False,team1,inferred_from_score,Italy,Mexico
1970_26,1970,Mexico,Italy,Unknown,,,False,False,team2,inferred_from_score,Mexico,Italy
1970_27,1970,Brazil,Peru,Unknown,,,False,False,team1,inferred_from_score,Brazil,Peru
1970_27,1970,Brazil,Peru,Unknown,,,False,False,team1,inferred_from_score,Brazil,Peru
1970_27,1970,Brazil,Peru,Unknown,,,False,False,team1,inferred_from_score,Brazil,Peru
1970_27,1970,Brazil,Peru,Unknown,,,False,False,team1,inferred_from_score,Brazil,Peru
1970_27,1970,Peru,Brazil,Unknown,,,False,False,team2,inferred_from_score,Peru,Brazil
1970_27,1970,Peru,Brazil,Unknown,,,False,False,team2,inferred_from_score,Peru,Brazil
1970_28,1970,West Germany,England,Unknown,,,False,False,team1,inferred_from_score,Germany,England
1970_28,1970,West Germany,England,Unknown,,,False,False,team1,inferred_from_score,Germany,England
1970_28,1970,West Germany,England,Unknown,,,False,False,team1,inferred_from_score,Germany,England
1970_28,1970,England,West Germany,Unknown,,,False,False,team2,inferred_from_score,England,Germany
1970_28,1970,England,West Germany,Unknown,,,False,False,team2,inferred_from_score,England,Germany
1970_29,1970,Uruguay,Brazil,Unknown,,,False,False,team1,inferred_from_score,Uruguay,Brazil
1970_29,1970,Brazil,Uruguay,Unknown,,,False,False,team2,inferred_from_score,Brazil,Uruguay
1970_29,1970,Brazil,Uruguay,Unknown,,,False,False,team2,inferred_from_score,Brazil,Uruguay
1970_29,1970,Brazil,Uruguay,Unknown,,,False,False,team2,inferred_from_score,Brazil,Uruguay
1970_30,1970,Italy,West Germany,Unknown,,,False,False,team1,inferred_from_score,Italy,Germany
1970_30,1970,Italy,West Germany,Unknown,,,False,False,team1,inferred_from_score,Italy,Germany
1970_30,1970,Italy,West Germany,Unknown,,,False,False,team1,inferred_from_score,Italy,Germany
1970_30,1970,Italy,West Germany,Unknown,,,False,False,team1,inferred_from_score,Italy,Germany
1970_30,1970,West Germany,Italy,Unknown,,,False,False,team2,inferred_from_score,Germany,Italy
1970_30,1970,West Germany,Italy,Unknown,,,False,False,team2,inferred_from_score,Germany,Italy
1970_30,1970,West Germany,Italy,Unknown,,,False,False,team2,inferred_from_score,Germany,Italy
1970_31,1970,West Germany,Uruguay,Unknown,,,False,False,team2,inferred_from_score,Germany,Uruguay
1970_32,1970,Brazil,Italy,Unknown,,,False,False,team1,inferred_from_score,Brazil,Italy
1970_32,1970,Brazil,Italy,Unknown,,,False,False,team1,inferred_from_score,Brazil,Italy
1970_32,1970,Brazil,Italy,Unknown,,,False,False,team1,inferred_from_score,Brazil,Italy
1970_32,1970,Brazil,Italy,Unknown,,,False,False,team1,inferred_from_score,Brazil,Italy
1970_32,1970,Italy,Brazil,Unknown,,,False,False,team2,inferred_from_score,Italy,Brazil
1974_1,1974,West Germany,Chile,Unknown,,,False,False,team1,inferred_from_score,Germany,Chile
1974_2,1974,East Germany,Australia,Unknown,,,False,False,team1,inferred_from_score,East Germany,Australia
1974_2,1974,East Germany,Australia,Unknown,,,False,False,team1,inferred_from_score,East Germany,Australia
1974_3,1974,Chile,East Germany,Unknown,,,False,False,team1,inferred_from_score,Chile,East Germany
1974_3,1974,East Germany,Chile,Unknown,,,False,False,team2,inferred_from_score,East Germany,Chile
1974_4,1974,West Germany,Australia,Unknown,,,False,False,team2,inferred_from_score,Germany,Australia
1974_4,1974,West Germany,Australia,Unknown,,,False,False,team2,inferred_from_score,Germany,Australia
1974_4,1974,West Germany,Australia,Unknown,,,False,False,team2,inferred_from_score,Germany,Australia
1974_6,1974,East Germany,West Germany,Unknown,,,False,False,team1,inferred_from_score,East Germany,Germany
1974_8,1974,Scotland,Zaire,Unknown,,,False,False,team2,inferred_from_score,Scotland,Zaire
1974_8,1974,Scotland,Zaire,Unknown,,,False,False,team2,inferred_from_score,Scotland,Zaire
1974_9,1974,Yugoslavia,Zaire,Unknown,,,False,False,team1,inferred_from_score,Serbia,Zaire
1974_9,1974,Yugoslavia,Zaire,Unknown,,,False,False,team1,inferred_from_score,Serbia,Zaire
1974_9,1974,Yugoslavia,Zaire,Unknown,,,False,False,team1,inferred_from_score,Serbia,Zaire
1974_9,1974,Yugoslavia,Zaire,Unknown,,,False,False,team1,inferred_from_score,Serbia,Zaire
1974_9,1974,Yugoslavia,Zaire,Unknown,,,False,False,team1,inferred_from_score,Serbia,Zaire
1974_9,1974,Yugoslavia,Zaire,Unknown,,,False,False,team1,inferred_from_score,Serbia,Zaire
1974_9,1974,Yugoslavia,Zaire,Unknown,,,False,False,team1,inferred_from_score,Serbia,Zaire
1974_9,1974,Yugoslavia,Zaire,Unknown,,,False,False,team1,inferred_from_score,Serbia,Zaire
1974_9,1974,Yugoslavia,Zaire,Unknown,,,False,False,team1,inferred_from_score,Serbia,Zaire
1974_11,1974,Scotland,Yugoslavia,Unknown,,,False,False,team1,inferred_from_score,Scotland,Serbia
1974_11,1974,Yugoslavia,Scotland,Unknown,,,False,False,team2,inferred_from_score,Serbia,Scotland
1974_12,1974,Brazil,Zaire,Unknown,,,False,False,team2,inferred_from_score,Brazil,Zaire
1974_12,1974,Brazil,Zaire,Unknown,,,False,False,team2,inferred_from_score,Brazil,Zaire
1974_12,1974,Brazil,Zaire,Unknown,,,False,False,team2,inferred_from_score,Brazil,Zaire
1974_13,1974,Netherlands,Uruguay,Unknown,,,False,False,team2,inferred_from_score,Netherlands,Uruguay
1974_13,1974,Netherlands,Uruguay,Unknown,,,False,False,team2,inferred_from_score,Netherlands,Uruguay
1974_16,1974,Uruguay,Bulgaria,Unknown,,,False,False,team1,inferred_from_score,Uruguay,Bulgaria
1974_16,1974,Bulgaria,Uruguay,Unknown,,,False,False,team2,inferred_from_score,Bulgaria,Uruguay
1974_17,1974,Netherlands,Bulgaria,Unknown,,,False,False,team1,inferred_from_score,Netherlands,Bulgaria
1974_17,1974,Netherlands,Bulgaria,Unknown,,,False,False,team1,inferred_from_score,Netherlands,Bulgaria
1974_17,1974,Netherlands,Bulgaria,Unknown,,,False,False,team1,inferred_from_score,Netherlands,Bulgaria
1974_17,1974,Netherlands,Bulgaria,Unknown,,,False,False,team1,inferred_from_score,Netherlands,Bulgaria
1974_17,1974,Bulgaria,Netherlands,Unknown,,,False,False,team2,inferred_from_score,Bulgaria,Netherlands
1974_18,1974,Sweden,Uruguay,Unknown,,,False,False,team1,inferred_from_score,Sweden,Uruguay
1974_18,1974,Sweden,Uruguay,Unknown,,,False,False,team1,inferred_from_score,Sweden,Uruguay
1974_18,1974,Sweden,Uruguay,Unknown,,,False,False,team1,inferred_from_score,Sweden,Uruguay
1974_19,1974,Italy,Haiti,Unknown,,,False,False,team1,inferred_from_score,Italy,Haiti
1974_19,1974,Italy,Haiti,Unknown,,,False,False,team1,inferred_from_score,Italy,Haiti
1974_19,1974,Italy,Haiti,Unknown,,,False,False,team1,inferred_from_score,Italy,Haiti
1974_19,1974,Haiti,Italy,Unknown,,,False,False,team2,inferred_from_score,Haiti,Italy
1974_20,1974,Poland,Argentina,Unknown,,,False,False,team1,inferred_from_score,Poland,Argentina
1974_20,1974,Poland,Argentina,Unknown,,,False,False,team1,inferred_from_score,Poland,Argentina
1974_20,1974,Poland,Argentina,Unknown,,,False,False,team1,inferred_from_score,Poland,Argentina
1974_20,1974,Argentina,Poland,Unknown,,,False,False,team2,inferred_from_score,Argentina,Poland
1974_20,1974,Argentina,Poland,Unknown,,,False,False,team2,inferred_from_score,Argentina,Poland
1974_21,1974,Poland,Haiti,Unknown,,,False,False,team2,inferred_from_score,Poland,Haiti
1974_21,1974,Poland,Haiti,Unknown,,,False,False,team2,inferred_from_score,Poland,Haiti
1974_21,1974,Poland,Haiti,Unknown,,,False,False,team2,inferred_from_score,Poland,Haiti
1974_21,1974,Poland,Haiti,Unknown,,,False,False,team2,inferred_from_score,Poland,Haiti
1974_21,1974,Poland,Haiti,Unknown,,,False,False,team2,inferred_from_score,Poland,Haiti
1974_21,1974,Poland,Haiti,Unknown,,,False,False,team2,inferred_from_score,Poland,Haiti
1974_21,1974,Poland,Haiti,Unknown,,,False,False,team2,inferred_from_score,Poland,Haiti
1974_22,1974,Argentina,Italy,Unknown,,,False,False,team1,inferred_from_score,Argentina,Italy
1974_22,1974,Italy,Argentina,Unknown,,,False,False,team2,inferred_from_score,Italy,Argentina
1974_23,1974,Argentina,Haiti,Unknown,,,False,False,team1,inferred_from_score,Argentina,Haiti
1974_23,1974,Argentina,Haiti,Unknown,,,False,False,team1,inferred_from_score,Argentina,Haiti
1974_23,1974,Argentina,Haiti,Unknown,,,False,False,team1,inferred_from_score,Argentina,Haiti
1974_23,1974,Argentina,Haiti,Unknown,,,False,False,team1,inferred_from_score,Argentina,Haiti
1974_23,1974,Haiti,Argentina,Unknown,,,False,False,team2,inferred_from_score,Haiti,Argentina
1974_24,1974,Poland,Italy,Unknown,,,False,False,team1,inferred_from_score,Poland,Italy
1974_24,1974,Poland,Italy,Unknown,,,False,False,team1,inferred_from_score,Poland,Italy
1974_24,1974,Italy,Poland,Unknown,,,False,False,team2,inferred_from_score,Italy,Poland
1974_25,1974,Brazil,East Germany,Unknown,,,False,False,team1,inferred_from_score,Brazil,East Germany
1974_26,1974,Netherlands,Argentina,Unknown,,,False,False,team1,inferred_from_score,Netherlands,Argentina
1974_26,1974,Netherlands,Argentina,Unknown,,,False,False,team1,inferred_from_score,Netherlands,Argentina
1974_26,1974,Netherlands,Argentina,Unknown,,,False,False,team1,inferred_from_score,Netherlands,Argentina
1974_26,1974,Netherlands,Argentina,Unknown,,,False,False,team1,inferred_from_score,Netherlands,Argentina
1974_27,1974,Netherlands,East Germany,Unknown,,,False,False,team2,inferred_from_score,Netherlands,East Germany
1974_27,1974,Netherlands,East Germany,Unknown,,,False,False,team2,inferred_from_score,Netherlands,East Germany
1974_28,1974,Argentina,Brazil,Unknown,,,False,False,team1,inferred_from_score,Argentina,Brazil
1974_28,1974,Brazil,Argentina,Unknown,,,False,False,team2,inferred_from_score,Brazil,Argentina
1974_28,1974,Brazil,Argentina,Unknown,,,False,False,team2,inferred_from_score,Brazil,Argentina
1974_29,1974,Argentina,East Germany,Unknown,,,False,False,team1,inferred_from_score,Argentina,East Germany
1974_29,1974,East Germany,Argentina,Unknown,,,False,False,team2,inferred_from_score,East Germany,Argentina
1974_30,1974,Netherlands,Brazil,Unknown,,,False,False,team1,inferred_from_score,Netherlands,Brazil
1974_30,1974,Netherlands,Brazil,Unknown,,,False,False,team1,inferred_from_score,Netherlands,Brazil
1974_31,1974,West Germany,Yugoslavia,Unknown,,,False,False,team2,inferred_from_score,Germany,Serbia
1974_31,1974,West Germany,Yugoslavia,Unknown,,,False,False,team2,inferred_from_score,Germany,Serbia
1974_32,1974,Poland,Sweden,Unknown,,,False,False,team2,inferred_from_score,Poland,Sweden
1974_33,1974,West Germany,Sweden,Unknown,,,False,False,team1,inferred_from_score,Germany,Sweden
1974_33,1974,West Germany,Sweden,Unknown,,,False,False,team1,inferred_from_score,Germany,Sweden
1974_33,1974,West Germany,Sweden,Unknown,,,False,False,team1,inferred_from_score,Germany,Sweden
1974_33,1974,West Germany,Sweden,Unknown,,,False,False,team1,inferred_from_score,Germany,Sweden
1974_33,1974,Sweden,West Germany,Unknown,,,False,False,team2,inferred_from_score,Sweden,Germany
1974_33,1974,Sweden,West Germany,Unknown,,,False,False,team2,inferred_from_score,Sweden,Germany
1974_34,1974,Poland,Yugoslavia,Unknown,,,False,False,team1,inferred_from_score,Poland,Serbia
1974_34,1974,Poland,Yugoslavia,Unknown,,,False,False,team1,inferred_from_score,Poland,Serbia
1974_34,1974,Yugoslavia,Poland,Unknown,,,False,False,team2,inferred_from_score,Serbia,Poland
1974_35,1974,West Germany,Poland,Unknown,,,False,False,team2,inferred_from_score,Germany,Poland
1974_36,1974,Sweden,Yugoslavia,Unknown,,,False,False,team1,inferred_from_score,Sweden,Serbia
1974_36,1974,Sweden,Yugoslavia,Unknown,,,False,False,team1,inferred_from_score,Sweden,Serbia
1974_36,1974,Yugoslavia,Sweden,Unknown,,,False,False,team2,inferred_from_score,Serbia,Sweden
1974_37,1974,Poland,Brazil,Unknown,,,False,False,team2,inferred_from_score,Poland,Brazil
1974_38,1974,Netherlands,West Germany,Unknown,,,False,False,team1,inferred_from_score,Netherlands,Germany
1974_38,1974,West Germany,Netherlands,Unknown,,,False,False,team2,inferred_from_score,Germany,Netherlands
1974_38,1974,West Germany,Netherlands,Unknown,,,False,False,team2,inferred_from_score,Germany,Netherlands
1978_1,1978,Argentina,Hungary,Unknown,,,False,False,team1,inferred_from_score,Argentina,Hungary
1978_1,1978,Argentina,Hungary,Unknown,,,False,False,team1,inferred_from_score,Argentina,Hungary
1978_1,1978,Hungary,Argentina,Unknown,,,False,False,team2,inferred_from_score,Hungary,Argentina
1978_2,1978,Italy,France,Unknown,,,False,False,team1,inferred_from_score,Italy,France
1978_2,1978,Italy,France,Unknown,,,False,False,team1,inferred_from_score,Italy,France
1978_2,1978,France,Italy,Unknown,,,False,False,team2,inferred_from_score,France,Italy
1978_3,1978,Argentina,France,Unknown,,,False,False,team1,inferred_from_score,Argentina,France
1978_3,1978,Argentina,France,Unknown,,,False,False,team1,inferred_from_score,Argentina,France
1978_3,1978,France,Argentina,Unknown,,,False,False,team2,inferred_from_score,France,Argentina
1978_4,1978,Italy,Hungary,Unknown,,,False,False,team1,inferred_from_score,Italy,Hungary
1978_4,1978,Italy,Hungary,Unknown,,,False,False,team1,inferred_from_score,Italy,Hungary
1978_4,1978,Italy,Hungary,Unknown,,,False,False,team1,inferred_from_score,Italy,Hungary
1978_4,1978,Hungary,Italy,Unknown,,,False,False,team2,inferred_from_score,Hungary,Italy
1978_5,1978,Italy,Argentina,Unknown,,,False,False,team2,inferred_from_score,Italy,Argentina
1978_6,1978,France,Hungary,Unknown,,,False,False,team1,inferred_from_score,France,Hungary
1978_6,1978,France,Hungary,Unknown,,,False,False,team1,inferred_from_score,France,Hungary
1978_6,1978,France,Hungary,Unknown,,,False,False,team1,inferred_from_score,France,Hungary
1978_6,1978,Hungary,France,Unknown,,,False,False,team2,inferred_from_score,Hungary,France
1978_8,1978,Tunisia,Mexico,Unknown,,,False,False,team1,inferred_from_score,Tunisia,Mexico
1978_8,1978,Tunisia,Mexico,Unknown,,,False,False,team1,inferred_from_score,Tunisia,Mexico
1978_8,1978,Tunisia,Mexico,Unknown,,,False,False,team1,inferred_from_score,Tunisia,Mexico
1978_8,1978,Mexico,Tunisia,Unknown,,,False,False,team2,inferred_from_score,Mexico,Tunisia
1978_9,1978,Poland,Tunisia,Unknown,,,False,False,team1,inferred_from_score,Poland,Tunisia
1978_10,1978,West Germany,Mexico,Unknown,,,False,False,team1,inferred_from_score,Germany,Mexico
1978_10,1978,West Germany,Mexico,Unknown,,,False,False,team1,inferred_from_score,Germany,Mexico
1978_10,1978,West Germany,Mexico,Unknown,,,False,False,team1,inferred_from_score,Germany,Mexico
1978_10,1978,West Germany,Mexico,Unknown,,,False,False,team1,inferred_from_score,Germany,Mexico
1978_10,1978,West Germany,Mexico,Unknown,,,False,False,team1,inferred_from_score,Germany,Mexico
1978_10,1978,West Germany,Mexico,Unknown,,,False,False,team1,inferred_from_score,Germany,Mexico
1978_11,1978,Poland,Mexico,Unknown,,,False,False,team1,inferred_from_score,Poland,Mexico
1978_11,1978,Poland,Mexico,Unknown,,,False,False,team1,inferred_from_score,Poland,Mexico
1978_11,1978,Poland,Mexico,Unknown,,,False,False,team1,inferred_from_score,Poland,Mexico
1978_11,1978,Mexico,Poland,Unknown,,,False,False,team2,inferred_from_score,Mexico,Poland
1978_13,1978,Austria,Spain,Unknown,,,False,False,team1,inferred_from_score,Austria,Spain
1978_13,1978,Austria,Spain,Unknown,,,False,False,team1,inferred_from_score,Austria,Spain
1978_13,1978,Spain,Austria,Unknown,,,False,False,team2,inferred_from_score,Spain,Austria
1978_14,1978,Brazil,Sweden,Unknown,,,False,False,team1,inferred_from_score,Brazil,Sweden
1978_14,1978,Sweden,Brazil,Unknown,,,False,False,team2,inferred_from_score,Sweden,Brazil
1978_15,1978,Austria,Sweden,Unknown,,,False,False,team1,inferred_from_score,Austria,Sweden
1978_17,1978,Spain,Sweden,Unknown,,,False,False,team1,inferred_from_score,Spain,Sweden
1978_18,1978,Brazil,Austria,Unknown,,,False,False,team1,inferred_from_score,Brazil,Austria
1978_19,1978,Peru,Scotland,Unknown,,,False,False,team1,inferred_from_score,Peru,Scotland
1978_19,1978,Peru,Scotland,Unknown,,,False,False,team1,inferred_from_score,Peru,Scotland
1978_19,1978,Peru,Scotland,Unknown,,,False,False,team1,inferred_from_score,Peru,Scotland
1978_19,1978,Scotland,Peru,Unknown,,,False,False,team2,inferred_from_score,Scotland,Peru
1978_20,1978,Netherlands,Iran,Unknown,,,False,False,team1,inferred_from_score,Netherlands,Iran
1978_20,1978,Netherlands,Iran,Unknown,,,False,False,team1,inferred_from_score,Netherlands,Iran
1978_20,1978,Netherlands,Iran,Unknown,,,False,False,team1,inferred_from_score,Netherlands,Iran
1978_21,1978,Scotland,Iran,Unknown,,,False,False,team1,inferred_from_score,Scotland,Iran
1978_21,1978,Iran,Scotland,Unknown,,,False,False,team2,inferred_from_score,Iran,Scotland
1978_23,1978,Peru,Iran,Unknown,,,False,False,team1,inferred_from_score,Peru,Iran
1978_23,1978,Peru,Iran,Unknown,,,False,False,team1,inferred_from_score,Peru,Iran
1978_23,1978,Peru,Iran,Unknown,,,False,False,team1,inferred_from_score,Peru,Iran
1978_23,1978,Peru,Iran,Unknown,,,False,False,team1,inferred_from_score,Peru,Iran
1978_23,1978,Iran,Peru,Unknown,,,False,False,team2,inferred_from_score,Iran,Peru
1978_24,1978,Scotland,Netherlands,Unknown,,,False,False,team1,inferred_from_score,Scotland,Netherlands
1978_24,1978,Scotland,Netherlands,Unknown,,,False,False,team1,inferred_from_score,Scotland,Netherlands
1978_24,1978,Scotland,Netherlands,Unknown,,,False,False,team1,inferred_from_score,Scotland,Netherlands
1978_24,1978,Netherlands,Scotland,Unknown,,,False,False,team2,inferred_from_score,Netherlands,Scotland
1978_24,1978,Netherlands,Scotland,Unknown,,,False,False,team2,inferred_from_score,Netherlands,Scotland
1978_26,1978,Austria,Netherlands,Unknown,,,False,False,team1,inferred_from_score,Austria,Netherlands
1978_26,1978,Netherlands,Austria,Unknown,,,False,False,team2,inferred_from_score,Netherlands,Austria
1978_26,1978,Netherlands,Austria,Unknown,,,False,False,team2,inferred_from_score,Netherlands,Austria
1978_26,1978,Netherlands,Austria,Unknown,,,False,False,team2,inferred_from_score,Netherlands,Austria
1978_26,1978,Netherlands,Austria,Unknown,,,False,False,team2,inferred_from_score,Netherlands,Austria
1978_26,1978,Netherlands,Austria,Unknown,,,False,False,team2,inferred_from_score,Netherlands,Austria
1978_27,1978,Italy,Austria,Unknown,,,False,False,team1,inferred_from_score,Italy,Austria
1978_28,1978,Netherlands,West Germany,Unknown,,,False,False,team1,inferred_from_score,Netherlands,Germany
1978_28,1978,Netherlands,West Germany,Unknown,,,False,False,team1,inferred_from_score,Netherlands,Germany
1978_28,1978,West Germany,Netherlands,Unknown,,,False,False,team2,inferred_from_score,Germany,Netherlands
1978_28,1978,West Germany,Netherlands,Unknown,,,False,False,team2,inferred_from_score,Germany,Netherlands
1978_29,1978,Italy,Netherlands,Unknown,,,False,False,team1,inferred_from_score,Italy,Netherlands
1978_29,1978,Netherlands,Italy,Unknown,,,False,False,team2,inferred_from_score,Netherlands,Italy
1978_29,1978,Netherlands,Italy,Unknown,,,False,False,team2,inferred_from_score,Netherlands,Italy
1978_30,1978,Austria,West Germany,Unknown,,,False,False,team1,inferred_from_score,Austria,Germany
1978_30,1978,Austria,West Germany,Unknown,,,False,False,team1,inferred_from_score,Austria,Germany
1978_30,1978,Austria,West Germany,Unknown,,,False,False,team1,inferred_from_score,Austria,Germany
1978_30,1978,West Germany,Austria,Unknown,,,False,False,team2,inferred_from_score,Germany,Austria
1978_30,1978,West Germany,Austria,Unknown,,,False,False,team2,inferred_from_score,Germany,Austria
1978_31,1978,Argentina,Poland,Unknown,,,False,False,team1,inferred_from_score,Argentina,Poland
1978_31,1978,Argentina,Poland,Unknown,,,False,False,team1,inferred_from_score,Argentina,Poland
1978_32,1978,Brazil,Peru,Unknown,,,False,False,team2,inferred_from_score,Brazil,Peru
1978_32,1978,Brazil,Peru,Unknown,,,False,False,team2,inferred_from_score,Brazil,Peru
1978_32,1978,Brazil,Peru,Unknown,,,False,False,team2,inferred_from_score,Brazil,Peru
1978_34,1978,Poland,Peru,Unknown,,,False,False,team2,inferred_from_score,Poland,Peru
1978_35,1978,Argentina,Peru,Unknown,,,False,False,team1,inferred_from_score,Argentina,Peru
1978_35,1978,Argentina,Peru,Unknown,,,False,False,team1,inferred_from_score,Argentina,Peru
1978_35,1978,Argentina,Peru,Unknown,,,False,False,team1,inferred_from_score,Argentina,Peru
1978_35,1978,Argentina,Peru,Unknown,,,False,False,team1,inferred_from_score,Argentina,Peru
1978_35,1978,Argentina,Peru,Unknown,,,False,False,team1,inferred_from_score,Argentina,Peru
1978_35,1978,Argentina,Peru,Unknown,,,False,False,team1,inferred_from_score,Argentina,Peru
1978_36,1978,Poland,Brazil,Unknown,,,False,False,team1,inferred_from_score,Poland,Brazil
1978_36,1978,Brazil,Poland,Unknown,,,False,False,team2,inferred_from_score,Brazil,Poland
1978_36,1978,Brazil,Poland,Unknown,,,False,False,team2,inferred_from_score,Brazil,Poland
1978_36,1978,Brazil,Poland,Unknown,,,False,False,team2,inferred_from_score,Brazil,Poland
1978_37,1978,Brazil,Italy,Unknown,,,False,False,team1,inferred_from_score,Brazil,Italy
1978_37,1978,Brazil,Italy,Unknown,,,False,False,team1,inferred_from_score,Brazil,Italy
1978_37,1978,Italy,Brazil,Unknown,,,False,False,team2,inferred_from_score,Italy,Brazil
1978_38,1978,Netherlands,Argentina,Unknown,,,False,False,team1,inferred_from_score,Netherlands,Argentina
1978_38,1978,Argentina,Netherlands,Unknown,,,False,False,team2,inferred_from_score,Argentina,Netherlands
1978_38,1978,Argentina,Netherlands,Unknown,,,False,False,team2,inferred_from_score,Argentina,Netherlands
1978_38,1978,Argentina,Netherlands,Unknown,,,False,False,team2,inferred_from_score,Argentina,Netherlands
1982_3,1982,Italy,Peru,Unknown,,,False,False,team1,inferred_from_score,Italy,Peru
1982_3,1982,Peru,Italy,Unknown,,,False,False,team2,inferred_from_score,Peru,Italy
1982_5,1982,Poland,Peru,Unknown,,,False,False,team1,inferred_from_score,Poland,Peru
1982_5,1982,Poland,Peru,Unknown,,,False,False,team1,inferred_from_score,Poland,Peru
1982_5,1982,Poland,Peru,Unknown,,,False,False,team1,inferred_from_score,Poland,Peru
1982_5,1982,Poland,Peru,Unknown,,,False,False,team1,inferred_from_score,Poland,Peru
1982_5,1982,Poland,Peru,Unknown,,,False,False,team1,inferred_from_score,Poland,Peru
1982_5,1982,Peru,Poland,Unknown,,,False,False,team2,inferred_from_score,Peru,Poland
1982_6,1982,Italy,Cameroon,Unknown,,,False,False,team1,inferred_from_score,Italy,Cameroon
1982_6,1982,Cameroon,Italy,Unknown,,,False,False,team2,inferred_from_score,Cameroon,Italy
1982_7,1982,West Germany,Algeria,Unknown,,,False,False,team1,inferred_from_score,Germany,Algeria
1982_7,1982,Algeria,West Germany,Unknown,,,False,False,team2,inferred_from_score,Algeria,Germany
1982_7,1982,Algeria,West Germany,Unknown,,,False,False,team2,inferred_from_score,Algeria,Germany
1982_8,1982,Austria,Chile,Unknown,,,False,False,team2,inferred_from_score,Austria,Chile
1982_9,1982,West Germany,Chile,Unknown,,,False,False,team1,inferred_from_score,Germany,Chile
1982_9,1982,West Germany,Chile,Unknown,,,False,False,team1,inferred_from_score,Germany,Chile
1982_9,1982,West Germany,Chile,Unknown,,,False,False,team1,inferred_from_score,Germany,Chile
1982_9,1982,West Germany,Chile,Unknown,,,False,False,team1,inferred_from_score,Germany,Chile
1982_9,1982,Chile,West Germany,Unknown,,,False,False,team2,inferred_from_score,Chile,Germany
1982_10,1982,Austria,Algeria,Unknown,,,False,False,team2,inferred_from_score,Austria,Algeria
1982_10,1982,Austria,Algeria,Unknown,,,False,False,team2,inferred_from_score,Austria,Algeria
1982_11,1982,Algeria,Chile,Unknown,,,False,False,team1,inferred_from_score,Algeria,Chile
1982_11,1982,Algeria,Chile,Unknown,,,False,False,team1,inferred_from_score,Algeria,Chile
1982_11,1982,Algeria,Chile,Unknown,,,False,False,team1,inferred_from_score,Algeria,Chile
1982_11,1982,Chile,Algeria,Unknown,,,False,False,team2,inferred_from_score,Chile,Algeria
1982_11,1982,Chile,Algeria,Unknown,,,False,False,team2,inferred_from_score,Chile,Algeria
1982_12,1982,West Germany,Austria,Unknown,,,False,False,team1,inferred_from_score,Germany,Austria
1982_13,1982,Belgium,Argentina,Unknown,,,False,False,team2,inferred_from_score,Belgium,Argentina
1982_14,1982,Hungary,El Salvador,Unknown,,,False,False,team1,inferred_from_score,Hungary,El Salvador
1982_14,1982,Hungary,El Salvador,Unknown,,,False,False,team1,inferred_from_score,Hungary,El Salvador
1982_14,1982,Hungary,El Salvador,Unknown,,,False,False,team1,inferred_from_score,Hungary,El Salvador
1982_14,1982,Hungary,El Salvador,Unknown,,,False,False,team1,inferred_from_score,Hungary,El Salvador
1982_14,1982,Hungary,El Salvador,Unknown,,,False,False,team1,inferred_from_score,Hungary,El Salvador
1982_14,1982,Hungary,El Salvador,Unknown,,,False,False,team1,inferred_from_score,Hungary,El Salvador
1982_14,1982,Hungary,El Salvador,Unknown,,,False,False,team1,inferred_from_score,Hungary,El Salvador
1982_14,1982,Hungary,El Salvador,Unknown,,,False,False,team1,inferred_from_score,Hungary,El Salvador
1982_14,1982,Hungary,El Salvador,Unknown,,,False,False,team1,inferred_from_score,Hungary,El Salvador
1982_14,1982,Hungary,El Salvador,Unknown,,,False,False,team1,inferred_from_score,Hungary,El Salvador
1982_14,1982,El Salvador,Hungary,Unknown,,,False,False,team2,inferred_from_score,El Salvador,Hungary
1982_15,1982,Argentina,Hungary,Unknown,,,False,False,team1,inferred_from_score,Argentina,Hungary
1982_15,1982,Argentina,Hungary,Unknown,,,False,False,team1,inferred_from_score,Argentina,Hungary
1982_15,1982,Argentina,Hungary,Unknown,,,False,False,team1,inferred_from_score,Argentina,Hungary
1982_15,1982,Argentina,Hungary,Unknown,,,False,False,team1,inferred_from_score,Argentina,Hungary
1982_15,1982,Hungary,Argentina,Unknown,,,False,False,team2,inferred_from_score,Hungary,Argentina
1982_16,1982,Belgium,El Salvador,Unknown,,,False,False,team1,inferred_from_score,Belgium,El Salvador
1982_17,1982,Belgium,Hungary,Unknown,,,False,False,team1,inferred_from_score,Belgium,Hungary
1982_17,1982,Hungary,Belgium,Unknown,,,False,False,team2,inferred_from_score,Hungary,Belgium
1982_18,1982,Argentina,El Salvador,Unknown,,,False,False,team1,inferred_from_score,Argentina,El Salvador
1982_18,1982,Argentina,El Salvador,Unknown,,,False,False,team1,inferred_from_score,Argentina,El Salvador
1982_19,1982,England,France,Unknown,,,False,False,team1,inferred_from_score,England,France
1982_19,1982,England,France,Unknown,,,False,False,team1,inferred_from_score,England,France
1982_19,1982,England,France,Unknown,,,False,False,team1,inferred_from_score,England,France
1982_19,1982,France,England,Unknown,,,False,False,team2,inferred_from_score,France,England
1982_20,1982,Czechoslovakia,Kuwait,Unknown,,,False,False,team1,inferred_from_score,Czech Republic,Kuwait
1982_20,1982,Kuwait,Czechoslovakia,Unknown,,,False,False,team2,inferred_from_score,Kuwait,Czech Republic
1982_21,1982,England,Czechoslovakia,Unknown,,,False,False,team1,inferred_from_score,England,Czech Republic
1982_21,1982,England,Czechoslovakia,Unknown,,,False,False,team1,inferred_from_score,England,Czech Republic
1982_22,1982,France,Kuwait,Unknown,,,False,False,team1,inferred_from_score,France,Kuwait
1982_22,1982,France,Kuwait,Unknown,,,False,False,team1,inferred_from_score,France,Kuwait
1982_22,1982,France,Kuwait,Unknown,,,False,False,team1,inferred_from_score,France,Kuwait
1982_22,1982,France,Kuwait,Unknown,,,False,False,team1,inferred_from_score,France,Kuwait
1982_22,1982,Kuwait,France,Unknown,,,False,False,team2,inferred_from_score,Kuwait,France
1982_23,1982,France,Czechoslovakia,Unknown,,,False,False,team1,inferred_from_score,France,Czech Republic
1982_23,1982,Czechoslovakia,France,Unknown,,,False,False,team2,inferred_from_score,Czech Republic,France
1982_24,1982,England,Kuwait,Unknown,,,False,False,team1,inferred_from_score,England,Kuwait
1982_25,1982,Spain,Honduras,Unknown,,,False,False,team1,inferred_from_score,Spain,Honduras
1982_25,1982,Honduras,Spain,Unknown,,,False,False,team2,inferred_from_score,Honduras,Spain
1982_27,1982,Spain,Yugoslavia,Unknown,,,False,False,team1,inferred_from_score,Spain,Serbia
1982_27,1982,Spain,Yugoslavia,Unknown,,,False,False,team1,inferred_from_score,Spain,Serbia
1982_27,1982,Yugoslavia,Spain,Unknown,,,False,False,team2,inferred_from_score,Serbia,Spain
1982_28,1982,Honduras,Northern Ireland,Unknown,,,False,False,team1,inferred_from_score,Honduras,Northern Ireland
1982_28,1982,Northern Ireland,Honduras,Unknown,,,False,False,team2,inferred_from_score,Northern Ireland,Honduras
1982_29,1982,Yugoslavia,Honduras,Unknown,,,False,False,team2,inferred_from_score,Serbia,Honduras
1982_30,1982,Northern Ireland,Spain,Unknown,,,False,False,team2,inferred_from_score,Northern Ireland,Spain
1982_31,1982,Brazil,Soviet Union,Unknown,,,False,False,team1,inferred_from_score,Brazil,Russia
1982_31,1982,Brazil,Soviet Union,Unknown,,,False,False,team1,inferred_from_score,Brazil,Russia
1982_31,1982,Soviet Union,Brazil,Unknown,,,False,False,team2,inferred_from_score,Russia,Brazil
1982_32,1982,Scotland,New Zealand,Unknown,,,False,False,team1,inferred_from_score,Scotland,New Zealand
1982_32,1982,Scotland,New Zealand,Unknown,,,False,False,team1,inferred_from_score,Scotland,New Zealand
1982_32,1982,Scotland,New Zealand,Unknown,,,False,False,team1,inferred_from_score,Scotland,New Zealand
1982_32,1982,Scotland,New Zealand,Unknown,,,False,False,team1,inferred_from_score,Scotland,New Zealand
1982_32,1982,Scotland,New Zealand,Unknown,,,False,False,team1,inferred_from_score,Scotland,New Zealand
1982_32,1982,New Zealand,Scotland,Unknown,,,False,False,team2,inferred_from_score,New Zealand,Scotland
1982_32,1982,New Zealand,Scotland,Unknown,,,False,False,team2,inferred_from_score,New Zealand,Scotland
1982_33,1982,Brazil,Scotland,Unknown,,,False,False,team1,inferred_from_score,Brazil,Scotland
1982_33,1982,Brazil,Scotland,Unknown,,,False,False,team1,inferred_from_score,Brazil,Scotland
1982_33,1982,Brazil,Scotland,Unknown,,,False,False,team1,inferred_from_score,Brazil,Scotland
1982_33,1982,Brazil,Scotland,Unknown,,,False,False,team1,inferred_from_score,Brazil,Scotland
1982_33,1982,Scotland,Brazil,Unknown,,,False,False,team2,inferred_from_score,Scotland,Brazil
1982_34,1982,Soviet Union,New Zealand,Unknown,,,False,False,team1,inferred_from_score,Russia,New Zealand
1982_34,1982,Soviet Union,New Zealand,Unknown,,,False,False,team1,inferred_from_score,Russia,New Zealand
1982_34,1982,Soviet Union,New Zealand,Unknown,,,False,False,team1,inferred_from_score,Russia,New Zealand
1982_35,1982,Soviet Union,Scotland,Unknown,,,False,False,team1,inferred_from_score,Russia,Scotland
1982_35,1982,Soviet Union,Scotland,Unknown,,,False,False,team1,inferred_from_score,Russia,Scotland
1982_35,1982,Scotland,Soviet Union,Unknown,,,False,False,team2,inferred_from_score,Scotland,Russia
1982_35,1982,Scotland,Soviet Union,Unknown,,,False,False,team2,inferred_from_score,Scotland,Russia
1982_36,1982,Brazil,New Zealand,Unknown,,,False,False,team1,inferred_from_score,Brazil,New Zealand
1982_36,1982,Brazil,New Zealand,Unknown,,,False,False,team1,inferred_from_score,Brazil,New Zealand
1982_36,1982,Brazil,New Zealand,Unknown,,,False,False,team1,inferred_from_score,Brazil,New Zealand
1982_36,1982,Brazil,New Zealand,Unknown,,,False,False,team1,inferred_from_score,Brazil,New Zealand
1982_37,1982,Poland,Belgium,Unknown,,,False,False,team1,inferred_from_score,Poland,Belgium
1982_37,1982,Poland,Belgium,Unknown,,,False,False,team1,inferred_from_score,Poland,Belgium
1982_37,1982,Poland,Belgium,Unknown,,,False,False,team1,inferred_from_score,Poland,Belgium
1982_38,1982,Soviet Union,Belgium,Unknown,,,False,False,team2,inferred_from_score,Russia,Belgium
1982_41,1982,West Germany,Spain,Unknown,,,False,False,team1,inferred_from_score,Germany,Spain
1982_41,1982,West Germany,Spain,Unknown,,,False,False,team1,inferred_from_score,Germany,Spain
1982_41,1982,Spain,West Germany,Unknown,,,False,False,team2,inferred_from_score,Spain,Germany
1982_43,1982,Italy,Argentina,Unknown,,,False,False,team1,inferred_from_score,Italy,Argentina
1982_43,1982,Italy,Argentina,Unknown,,,False,False,team1,inferred_from_score,Italy,Argentina
1982_43,1982,Argentina,Italy,Unknown,,,False,False,team2,inferred_from_score,Argentina,Italy
1982_44,1982,Argentina,Brazil,Unknown,,,False,False,team1,inferred_from_score,Argentina,Brazil
1982_44,1982,Brazil,Argentina,Unknown,,,False,False,team2,inferred_from_score,Brazil,Argentina
1982_44,1982,Brazil,Argentina,Unknown,,,False,False,team2,inferred_from_score,Brazil,Argentina
1982_44,1982,Brazil,Argentina,Unknown,,,False,False,team2,inferred_from_score,Brazil,Argentina
1982_45,1982,Italy,Brazil,Unknown,,,False,False,team1,inferred_from_score,Italy,Brazil
1982_45,1982,Italy,Brazil,Unknown,,,False,False,team1,inferred_from_score,Italy,Brazil
1982_45,1982,Italy,Brazil,Unknown,,,False,False,team1,inferred_from_score,Italy,Brazil
1982_45,1982,Brazil,Italy,Unknown,,,False,False,team2,inferred_from_score,Brazil,Italy
1982_45,1982,Brazil,Italy,Unknown,,,False,False,team2,inferred_from_score,Brazil,Italy
1982_46,1982,France,Austria,Unknown,,,False,False,team2,inferred_from_score,France,Austria
1982_47,1982,Austria,Northern Ireland,Unknown,,,False,False,team1,inferred_from_score,Austria,Northern Ireland
1982_47,1982,Austria,Northern Ireland,Unknown,,,False,False,team1,inferred_from_score,Austria,Northern Ireland
1982_47,1982,Northern Ireland,Austria,Unknown,,,False,False,team2,inferred_from_score,Northern Ireland,Austria
1982_47,1982,Northern Ireland,Austria,Unknown,,,False,False,team2,inferred_from_score,Northern Ireland,Austria
1982_48,1982,Northern Ireland,France,Unknown,,,False,False,team1,inferred_from_score,Northern Ireland,France
1982_48,1982,France,Northern Ireland,Unknown,,,False,False,team2,inferred_from_score,France,Northern Ireland
1982_48,1982,France,Northern Ireland,Unknown,,,False,False,team2,inferred_from_score,France,Northern Ireland
1982_48,1982,France,Northern Ireland,Unknown,,,False,False,team2,inferred_from_score,France,Northern Ireland
1982_48,1982,France,Northern Ireland,Unknown,,,False,False,team2,inferred_from_score,France,Northern Ireland
1982_49,1982,Italy,Poland,Unknown,,,False,False,team2,inferred_from_score,Italy,Poland
1982_49,1982,Italy,Poland,Unknown,,,False,False,team2,inferred_from_score,Italy,Poland
1982_50,1982,West Germany,France,Unknown,,,False,False,team1,inferred_from_score,Germany,France
1982_50,1982,West Germany,France,Unknown,,,False,False,team1,inferred_from_score,Germany,France
1982_50,1982,West Germany,France,Unknown,,,False,False,team1,inferred_from_score,Germany,France
1982_50,1982,France,West Germany,Unknown,,,False,False,team2,inferred_from_score,France,Germany
1982_50,1982,France,West Germany,Unknown,,,False,False,team2,inferred_from_score,France,Germany
1982_50,1982,France,West Germany,Unknown,,,False,False,team2,inferred_from_score,France,Germany
1982_51,1982,Poland,France,Unknown,,,False,False,team1,inferred_from_score,Poland,France
1982_51,1982,Poland,France,Unknown,,,False,False,team1,inferred_from_score,Poland,France
1982_51,1982,Poland,France,Unknown,,,False,False,team1,inferred_from_score,Poland,France
1982_51,1982,France,Poland,Unknown,,,False,False,team2,inferred_from_score,France,Poland
1982_51,1982,France,Poland,Unknown,,,False,False,team2,inferred_from_score,France,Poland
1982_52,1982,Italy,West Germany,Unknown,,,False,False,team1,inferred_from_score,Italy,Germany
1982_52,1982,Italy,West Germany,Unknown,,,False,False,team1,inferred_from_score,Italy,Germany
1982_52,1982,Italy,West Germany,Unknown,,,False,False,team1,inferred_from_score,Italy,Germany
1982_52,1982,West Germany,Italy,Unknown,,,False,False,team2,inferred_from_score,Germany,Italy
1986_1,1986,Bulgaria,Italy,Unknown,,,False,False,team1,inferred_from_score,Bulgaria,Italy
1986_1,1986,Italy,Bulgaria,Unknown,,,False,False,team2,inferred_from_score,Italy,Bulgaria
1986_2,1986,Argentina,South Korea,Unknown,,,False,False,team1,inferred_from_score,Argentina,South Korea
1986_2,1986,Argentina,South Korea,Unknown,,,False,False,team1,inferred_from_score,Argentina,South Korea
1986_2,1986,Argentina,South Korea,Unknown,,,False,False,team1,inferred_from_score,Argentina,South Korea
1986_2,1986,South Korea,Argentina,Unknown,,,False,False,team2,inferred_from_score,South Korea,Argentina
1986_3,1986,Italy,Argentina,Unknown,,,False,False,team1,inferred_from_score,Italy,Argentina
1986_3,1986,Argentina,Italy,Unknown,,,False,False,team2,inferred_from_score,Argentina,Italy
1986_4,1986,South Korea,Bulgaria,Unknown,,,False,False,team1,inferred_from_score,South Korea,Bulgaria
1986_4,1986,Bulgaria,South Korea,Unknown,,,False,False,team2,inferred_from_score,Bulgaria,South Korea
1986_5,1986,South Korea,Italy,Unknown,,,False,False,team1,inferred_from_score,South Korea,Italy
1986_5,1986,South Korea,Italy,Unknown,,,False,False,team1,inferred_from_score,South Korea,Italy
1986_5,1986,Italy,South Korea,Unknown,,,False,False,team2,inferred_from_score,Italy,South Korea
1986_5,1986,Italy,South Korea,Unknown,,,False,False,team2,inferred_from_score,Italy,South Korea
1986_5,1986,Italy,South Korea,Unknown,,,False,False,team2,inferred_from_score,Italy,South Korea
1986_6,1986,Argentina,Bulgaria,Unknown,,,False,False,team1,inferred_from_score,Argentina,Bulgaria
1986_6,1986,Argentina,Bulgaria,Unknown,,,False,False,team1,inferred_from_score,Argentina,Bulgaria
1986_7,1986,Belgium,Mexico,Unknown,,,False,False,team1,inferred_from_score,Belgium,Mexico
1986_7,1986,Mexico,Belgium,Unknown,,,False,False,team2,inferred_from_score,Mexico,Belgium
1986_7,1986,Mexico,Belgium,Unknown,,,False,False,team2,inferred_from_score,Mexico,Belgium
1986_8,1986,Paraguay,Iraq,Unknown,,,False,False,team1,inferred_from_score,Paraguay,Iraq
1986_9,1986,Mexico,Paraguay,Unknown,,,False,False,team1,inferred_from_score,Mexico,Paraguay
1986_9,1986,Paraguay,Mexico,Unknown,,,False,False,team2,inferred_from_score,Paraguay,Mexico
1986_10,1986,Iraq,Belgium,Unknown,,,False,False,team1,inferred_from_score,Iraq,Belgium
1986_10,1986,Belgium,Iraq,Unknown,,,False,False,team2,inferred_from_score,Belgium,Iraq
1986_10,1986,Belgium,Iraq,Unknown,,,False,False,team2,inferred_from_score,Belgium,Iraq
1986_11,1986,Mexico,Iraq,Unknown,,,False,False,team2,inferred_from_score,Mexico,Iraq
1986_12,1986,Paraguay,Belgium,Unknown,,,False,False,team1,inferred_from_score,Paraguay,Belgium
1986_12,1986,Paraguay,Belgium,Unknown,,,False,False,team1,inferred_from_score,Paraguay,Belgium
1986_12,1986,Belgium,Paraguay,Unknown,,,False,False,team2,inferred_from_score,Belgium,Paraguay
1986_12,1986,Belgium,Paraguay,Unknown,,,False,False,team2,inferred_from_score,Belgium,Paraguay
1986_13,1986,France,Canada,Unknown,,,False,False,team2,inferred_from_score,France,Canada
1986_14,1986,Soviet Union,Hungary,Unknown,,,False,False,team1,inferred_from_score,Russia,Hungary
1986_14,1986,Soviet Union,Hungary,Unknown,,,False,False,team1,inferred_from_score,Russia,Hungary
1986_14,1986,Soviet Union,Hungary,Unknown,,,False,False,team1,inferred_from_score,Russia,Hungary
1986_14,1986,Soviet Union,Hungary,Unknown,,,False,False,team1,inferred_from_score,Russia,Hungary
1986_14,1986,Soviet Union,Hungary,Unknown,,,False,False,team1,inferred_from_score,Russia,Hungary
1986_14,1986,Soviet Union,Hungary,Unknown,,,False,False,team1,inferred_from_score,Russia,Hungary
1986_15,1986,France,Soviet Union,Unknown,,,False,False,team1,inferred_from_score,France,Russia
1986_15,1986,Soviet Union,France,Unknown,,,False,False,team2,inferred_from_score,Russia,France
1986_16,1986,Hungary,Canada,Unknown,,,False,False,team1,inferred_from_score,Hungary,Canada
1986_16,1986,Hungary,Canada,Unknown,,,False,False,team1,inferred_from_score,Hungary,Canada
1986_17,1986,France,Hungary,Unknown,,,False,False,team2,inferred_from_score,France,Hungary
1986_17,1986,France,Hungary,Unknown,,,False,False,team2,inferred_from_score,France,Hungary
1986_17,1986,France,Hungary,Unknown,,,False,False,team2,inferred_from_score,France,Hungary
1986_18,1986,Soviet Union,Canada,Unknown,,,False,False,team1,inferred_from_score,Russia,Canada
1986_18,1986,Soviet Union,Canada,Unknown,,,False,False,team1,inferred_from_score,Russia,Canada
1986_19,1986,Brazil,Spain,Unknown,,,False,False,team2,inferred_from_score,Brazil,Spain
1986_20,1986,Algeria,Northern Ireland,Unknown,,,False,False,team1,inferred_from_score,Algeria,Northern Ireland
1986_20,1986,Northern Ireland,Algeria,Unknown,,,False,False,team2,inferred_from_score,Northern Ireland,Algeria
1986_21,1986,Brazil,Algeria,Unknown,,,False,False,team1,inferred_from_score,Brazil,Algeria
1986_22,1986,Northern Ireland,Spain,Unknown,,,False,False,team1,inferred_from_score,Northern Ireland,Spain
1986_22,1986,Spain,Northern Ireland,Unknown,,,False,False,team2,inferred_from_score,Spain,Northern Ireland
1986_22,1986,Spain,Northern Ireland,Unknown,,,False,False,team2,inferred_from_score,Spain,Northern Ireland
1986_23,1986,Brazil,Northern Ireland,Unknown,,,False,False,team2,inferred_from_score,Brazil,Northern Ireland
1986_23,1986,Brazil,Northern Ireland,Unknown,,,False,False,team2,inferred_from_score,Brazil,Northern Ireland
1986_23,1986,Brazil,Northern Ireland,Unknown,,,False,False,team2,inferred_from_score,Brazil,Northern Ireland
1986_24,1986,Spain,Algeria,Unknown,,,False,False,team2,inferred_from_score,Spain,Algeria
1986_24,1986,Spain,Algeria,Unknown,,,False,False,team2,inferred_from_score,Spain,Algeria
1986_24,1986,Spain,Algeria,Unknown,,,False,False,team2,inferred_from_score,Spain,Algeria
1986_25,1986,Uruguay,West Germany,Unknown,,,False,False,team1,inferred_from_score,Uruguay,Germany
1986_25,1986,West Germany,Uruguay,Unknown,,,False,False,team2,inferred_from_score,Germany,Uruguay
1986_26,1986,Denmark,Scotland,Unknown,,,False,False,team2,inferred_from_score,Denmark,Scotland
1986_27,1986,West Germany,Scotland,Unknown,,,False,False,team1,inferred_from_score,Germany,Scotland
1986_27,1986,West Germany,Scotland,Unknown,,,False,False,team1,inferred_from_score,Germany,Scotland
1986_27,1986,Scotland,West Germany,Unknown,,,False,False,team2,inferred_from_score,Scotland,Germany
1986_28,1986,Denmark,Uruguay,Unknown,,,False,False,team1,inferred_from_score,Denmark,Uruguay
1986_28,1986,Denmark,Uruguay,Unknown,,,False,False,team1,inferred_from_score,Denmark,Uruguay
1986_28,1986,Denmark,Uruguay,Unknown,,,False,False,team1,inferred_from_score,Denmark,Uruguay
1986_28,1986,Denmark,Uruguay,Unknown,,,False,False,team1,inferred_from_score,Denmark,Uruguay
1986_28,1986,Denmark,Uruguay,Unknown,,,False,False,team1,inferred_from_score,Denmark,Uruguay
1986_28,1986,Denmark,Uruguay,Unknown,,,False,False,team1,inferred_from_score,Denmark,Uruguay
1986_28,1986,Uruguay,Denmark,Unknown,,,False,False,team2,inferred_from_score,Uruguay,Denmark
1986_29,1986,Denmark,West Germany,Unknown,,,False,False,team1,inferred_from_score,Denmark,Germany
1986_29,1986,Denmark,West Germany,Unknown,,,False,False,team1,inferred_from_score,Denmark,Germany
1986_32,1986,Portugal,England,Unknown,,,False,False,team1,inferred_from_score,Portugal,England
1986_34,1986,Poland,Portugal,Unknown,,,False,False,team1,inferred_from_score,Poland,Portugal
1986_35,1986,Portugal,Morocco,Unknown,,,False,False,team1,inferred_from_score,Portugal,Morocco
1986_35,1986,Morocco,Portugal,Unknown,,,False,False,team2,inferred_from_score,Morocco,Portugal
1986_35,1986,Morocco,Portugal,Unknown,,,False,False,team2,inferred_from_score,Morocco,Portugal
1986_35,1986,Morocco,Portugal,Unknown,,,False,False,team2,inferred_from_score,Morocco,Portugal
1986_36,1986,England,Poland,Unknown,,,False,False,team1,inferred_from_score,England,Poland
1986_36,1986,England,Poland,Unknown,,,False,False,team1,inferred_from_score,England,Poland
1986_36,1986,England,Poland,Unknown,,,False,False,team1,inferred_from_score,England,Poland
1986_37,1986,Mexico,Bulgaria,Unknown,,,False,False,team1,inferred_from_score,Mexico,Bulgaria
1986_37,1986,Mexico,Bulgaria,Unknown,,,False,False,team1,inferred_from_score,Mexico,Bulgaria
1986_38,1986,Soviet Union,Belgium,Unknown,,,False,False,team1,inferred_from_score,Russia,Belgium
1986_38,1986,Soviet Union,Belgium,Unknown,,,False,False,team1,inferred_from_score,Russia,Belgium
1986_38,1986,Soviet Union,Belgium,Unknown,,,False,False,team1,inferred_from_score,Russia,Belgium
1986_38,1986,Belgium,Soviet Union,Unknown,,,False,False,team2,inferred_from_score,Belgium,Russia
1986_38,1986,Belgium,Soviet Union,Unknown,,,False,False,team2,inferred_from_score,Belgium,Russia
1986_38,1986,Belgium,Soviet Union,Unknown,,,False,False,team2,inferred_from_score,Belgium,Russia
1986_38,1986,Belgium,Soviet Union,Unknown,,,False,False,team2,inferred_from_score,Belgium,Russia
1986_39,1986,Argentina,Uruguay,Unknown,,,False,False,team1,inferred_from_score,Argentina,Uruguay
1986_40,1986,Brazil,Poland,Unknown,,,False,False,team1,inferred_from_score,Brazil,Poland
1986_40,1986,Brazil,Poland,Unknown,,,False,False,team1,inferred_from_score,Brazil,Poland
1986_40,1986,Brazil,Poland,Unknown,,,False,False,team1,inferred_from_score,Brazil,Poland
1986_40,1986,Brazil,Poland,Unknown,,,False,False,team1,inferred_from_score,Brazil,Poland
1986_41,1986,France,Italy,Unknown,,,False,False,team2,inferred_from_score,France,Italy
1986_41,1986,France,Italy,Unknown,,,False,False,team2,inferred_from_score,France,Italy
1986_42,1986,West Germany,Morocco,Unknown,,,False,False,team2,inferred_from_score,Germany,Morocco
1986_43,1986,England,Paraguay,Unknown,,,False,False,team1,inferred_from_score,England,Paraguay
1986_43,1986,England,Paraguay,Unknown,,,False,False,team1,inferred_from_score,England,Paraguay
1986_43,1986,England,Paraguay,Unknown,,,False,False,team1,inferred_from_score,England,Paraguay
1986_44,1986,Denmark,Spain,Unknown,,,False,False,team1,inferred_from_score,Denmark,Spain
1986_44,1986,Spain,Denmark,Unknown,,,False,False,team2,inferred_from_score,Spain,Denmark
1986_44,1986,Spain,Denmark,Unknown,,,False,False,team2,inferred_from_score,Spain,Denmark
1986_44,1986,Spain,Denmark,Unknown,,,False,False,team2,inferred_from_score,Spain,Denmark
1986_44,1986,Spain,Denmark,Unknown,,,False,False,team2,inferred_from_score,Spain,Denmark
1986_44,1986,Spain,Denmark,Unknown,,,False,False,team2,inferred_from_score,Spain,Denmark
1986_45,1986,Brazil,France,Unknown,,,False,False,team1,inferred_from_score,Brazil,France
1986_45,1986,France,Brazil,Unknown,,,False,False,team2,inferred_from_score,France,Brazil
1986_47,1986,Spain,Belgium,Unknown,,,False,False,team1,inferred_from_score,Spain,Belgium
1986_47,1986,Belgium,Spain,Unknown,,,False,False,team2,inferred_from_score,Belgium,Spain
1986_48,1986,Argentina,England,Unknown,,,False,False,team1,inferred_from_score,Argentina,England
1986_48,1986,Argentina,England,Unknown,,,False,False,team1,inferred_from_score,Argentina,England
1986_48,1986,England,Argentina,Unknown,,,False,False,team2,inferred_from_score,England,Argentina
1986_49,1986,Argentina,Belgium,Unknown,,,False,False,team1,inferred_from_score,Argentina,Belgium
1986_49,1986,Argentina,Belgium,Unknown,,,False,False,team1,inferred_from_score,Argentina,Belgium
1986_50,1986,West Germany,France,Unknown,,,False,False,team2,inferred_from_score,Germany,France
1986_50,1986,West Germany,France,Unknown,,,False,False,team2,inferred_from_score,Germany,France
1986_51,1986,France,Belgium,Unknown,,,False,False,team1,inferred_from_score,France,Belgium
1986_51,1986,France,Belgium,Unknown,,,False,False,team1,inferred_from_score,France,Belgium
1986_51,1986,France,Belgium,Unknown,,,False,False,team1,inferred_from_score,France,Belgium
1986_51,1986,France,Belgium,Unknown,,,False,False,team1,inferred_from_score,France,Belgium
1986_51,1986,Belgium,France,Unknown,,,False,False,team2,inferred_from_score,Belgium,France
1986_51,1986,Belgium,France,Unknown,,,False,False,team2,inferred_from_score,Belgium,France
1986_52,1986,Argentina,West Germany,Unknown,,,False,False,team1,inferred_from_score,Argentina,Germany
1986_52,1986,Argentina,West Germany,Unknown,,,False,False,team1,inferred_from_score,Argentina,Germany
1986_52,1986,Argentina,West Germany,Unknown,,,False,False,team1,inferred_from_score,Argentina,Germany
1986_52,1986,West Germany,Argentina,Unknown,,,False,False,team2,inferred_from_score,Germany,Argentina
1986_52,1986,West Germany,Argentina,Unknown,,,False,False,team2,inferred_from_score,Germany,Argentina
1990_1,1990,Italy,Austria,Unknown,,,False,False,team1,inferred_from_score,Italy,Austria
1990_2,1990,United States,Czechoslovakia,Unknown,,,False,False,team1,inferred_from_score,United States,Czech Republic
1990_2,1990,Czechoslovakia,United States,Unknown,,,False,False,team2,inferred_from_score,Czech Republic,United States
1990_2,1990,Czechoslovakia,United States,Unknown,,,False,False,team2,inferred_from_score,Czech Republic,United States
1990_2,1990,Czechoslovakia,United States,Unknown,,,False,False,team2,inferred_from_score,Czech Republic,United States
1990_2,1990,Czechoslovakia,United States,Unknown,,,False,False,team2,inferred_from_score,Czech Republic,United States
1990_2,1990,Czechoslovakia,United States,Unknown,,,False,False,team2,inferred_from_score,Czech Republic,United States
1990_3,1990,Italy,United States,Unknown,,,False,False,team1,inferred_from_score,Italy,United States
1990_4,1990,Czechoslovakia,Austria,Unknown,,,False,False,team2,inferred_from_score,Czech Republic,Austria
1990_5,1990,Italy,Czechoslovakia,Unknown,,,False,False,team1,inferred_from_score,Italy,Czech Republic
1990_5,1990,Italy,Czechoslovakia,Unknown,,,False,False,team1,inferred_from_score,Italy,Czech Republic
1990_6,1990,Austria,United States,Unknown,,,False,False,team1,inferred_from_score,Austria,United States
1990_6,1990,Austria,United States,Unknown,,,False,False,team1,inferred_from_score,Austria,United States
1990_6,1990,United States,Austria,Unknown,,,False,False,team2,inferred_from_score,United States,Austria
1990_7,1990,Cameroon,Argentina,Unknown,,,False,False,team2,inferred_from_score,Cameroon,Argentina
1990_8,1990,Romania,Soviet Union,Unknown,,,False,False,team2,inferred_from_score,Romania,Russia
1990_8,1990,Romania,Soviet Union,Unknown,,,False,False,team2,inferred_from_score,Romania,Russia
1990_9,1990,Argentina,Soviet Union,Unknown,,,False,False,team1,inferred_from_score,Argentina,Russia
1990_9,1990,Argentina,Soviet Union,Unknown,,,False,False,team1,inferred_from_score,Argentina,Russia
1990_10,1990,Cameroon,Romania,Unknown,,,False,False,team1,inferred_from_score,Cameroon,Romania
1990_10,1990,Cameroon,Romania,Unknown,,,False,False,team1,inferred_from_score,Cameroon,Romania
1990_10,1990,Romania,Cameroon,Unknown,,,False,False,team2,inferred_from_score,Romania,Cameroon
1990_11,1990,Argentina,Romania,Unknown,,,False,False,team1,inferred_from_score,Argentina,Romania
1990_11,1990,Romania,Argentina,Unknown,,,False,False,team2,inferred_from_score,Romania,Argentina
1990_12,1990,Soviet Union,Cameroon,Unknown,,,False,False,team2,inferred_from_score,Russia,Cameroon
1990_12,1990,Soviet Union,Cameroon,Unknown,,,False,False,team2,inferred_from_score,Russia,Cameroon
1990_12,1990,Soviet Union,Cameroon,Unknown,,,False,False,team2,inferred_from_score,Russia,Cameroon
1990_12,1990,Soviet Union,Cameroon,Unknown,,,False,False,team2,inferred_from_score,Russia,Cameroon
1990_13,1990,Brazil,Sweden,Unknown,,,False,False,team1,inferred_from_score,Brazil,Sweden
1990_13,1990,Brazil,Sweden,Unknown,,,False,False,team1,inferred_from_score,Brazil,Sweden
1990_13,1990,Sweden,Brazil,Unknown,,,False,False,team2,inferred_from_score,Sweden,Brazil
1990_14,1990,Costa Rica,Scotland,Unknown,,,False,False,team1,inferred_from_score,Costa Rica,Scotland
1990_15,1990,Brazil,Costa Rica,Unknown,,,False,False,team1,inferred_from_score,Brazil,Costa Rica
1990_16,1990,Sweden,Scotland,Unknown,,,False,False,team1,inferred_from_score,Sweden,Scotland
1990_16,1990,Scotland,Sweden,Unknown,,,False,False,team2,inferred_from_score,Scotland,Sweden
1990_16,1990,Scotland,Sweden,Unknown,,,False,False,team2,inferred_from_score,Scotland,Sweden
1990_17,1990,Brazil,Scotland,Unknown,,,False,False,team1,inferred_from_score,Brazil,Scotland
1990_18,1990,Sweden,Costa Rica,Unknown,,,False,False,team1,inferred_from_score,Sweden,Costa Rica
1990_18,1990,Costa Rica,Sweden,Unknown,,,False,False,team2,inferred_from_score,Costa Rica,Sweden
1990_18,1990,Costa Rica,Sweden,Unknown,,,False,False,team2,inferred_from_score,Costa Rica,Sweden
1990_19,1990,Colombia,United Arab Emirates,Unknown,,,False,False,team2,inferred_from_score,Colombia,United Arab Emirates
1990_19,1990,Colombia,United Arab Emirates,Unknown,,,False,False,team2,inferred_from_score,Colombia,United Arab Emirates
1990_20,1990,West Germany,Yugoslavia,Unknown,,,False,False,team1,inferred_from_score,Germany,Serbia
1990_20,1990,West Germany,Yugoslavia,Unknown,,,False,False,team1,inferred_from_score,Germany,Serbia
1990_20,1990,West Germany,Yugoslavia,Unknown,,,False,False,team1,inferred_from_score,Germany,Serbia
1990_20,1990,West Germany,Yugoslavia,Unknown,,,False,False,team1,inferred_from_score,Germany,Serbia
1990_20,1990,Yugoslavia,West Germany,Unknown,,,False,False,team2,inferred_from_score,Serbia,Germany
1990_21,1990,Yugoslavia,Colombia,Unknown,,,False,False,team1,inferred_from_score,Serbia,Colombia
1990_22,1990,West Germany,United Arab Emirates,Unknown,,,False,False,team1,inferred_from_score,Germany,United Arab Emirates
1990_22,1990,West Germany,United Arab Emirates,Unknown,,,False,False,team1,inferred_from_score,Germany,United Arab Emirates
1990_22,1990,West Germany,United Arab Emirates,Unknown,,,False,False,team1,inferred_from_score,Germany,United Arab Emirates
1990_22,1990,West Germany,United Arab Emirates,Unknown,,,False,False,team1,inferred_from_score,Germany,United Arab Emirates
1990_22,1990,West Germany,United Arab Emirates,Unknown,,,False,False,team1,inferred_from_score,Germany,United Arab Emirates
1990_22,1990,United Arab Emirates,West Germany,Unknown,,,False,False,team2,inferred_from_score,United Arab Emirates,Germany
1990_23,1990,West Germany,Colombia,Unknown,,,False,False,team1,inferred_from_score,Germany,Colombia
1990_23,1990,Colombia,West Germany,Unknown,,,False,False,team2,inferred_from_score,Colombia,Germany
1990_24,1990,Yugoslavia,United Arab Emirates,Unknown,,,False,False,team1,inferred_from_score,Serbia,United Arab Emirates
1990_24,1990,Yugoslavia,United Arab Emirates,Unknown,,,False,False,team1,inferred_from_score,Serbia,United Arab Emirates
1990_24,1990,Yugoslavia,United Arab Emirates,Unknown,,,False,False,team1,inferred_from_score,Serbia,United Arab Emirates
1990_24,1990,Yugoslavia,United Arab Emirates,Unknown,,,False,False,team1,inferred_from_score,Serbia,United Arab Emirates
1990_24,1990,United Arab Emirates,Yugoslavia,Unknown,,,False,False,team2,inferred_from_score,United Arab Emirates,Serbia
1990_25,1990,Belgium,South Korea,Unknown,,,False,False,team1,inferred_from_score,Belgium,South Korea
1990_25,1990,Belgium,South Korea,Unknown,,,False,False,team1,inferred_from_score,Belgium,South Korea
1990_27,1990,Belgium,Uruguay,Unknown,,,False,False,team1,inferred_from_score,Belgium,Uruguay
1990_27,1990,Belgium,Uruguay,Unknown,,,False,False,team1,inferred_from_score,Belgium,Uruguay
1990_27,1990,Belgium,Uruguay,Unknown,,,False,False,team1,inferred_from_score,Belgium,Uruguay
1990_27,1990,Uruguay,Belgium,Unknown,,,False,False,team2,inferred_from_score,Uruguay,Belgium
1990_28,1990,South Korea,Spain,Unknown,,,False,False,team1,inferred_from_score,South Korea,Spain
1990_28,1990,Spain,South Korea,Unknown,,,False,False,team2,inferred_from_score,Spain,South Korea
1990_28,1990,Spain,South Korea,Unknown,,,False,False,team2,inferred_from_score,Spain,South Korea
1990_28,1990,Spain,South Korea,Unknown,,,False,False,team2,inferred_from_score,Spain,South Korea
1990_29,1990,Belgium,Spain,Unknown,,,False,False,team1,inferred_from_score,Belgium,Spain
1990_29,1990,Spain,Belgium,Unknown,,,False,False,team2,inferred_from_score,Spain,Belgium
1990_29,1990,Spain,Belgium,Unknown,,,False,False,team2,inferred_from_score,Spain,Belgium
1990_30,1990,Uruguay,South Korea,Unknown,,,False,False,team2,inferred_from_score,Uruguay,South Korea
1990_31,1990,England,Ireland,Unknown,,,False,False,team1,inferred_from_score,England,Ireland
1990_31,1990,Ireland,England,Unknown,,,False,False,team2,inferred_from_score,Ireland,England
1990_32,1990,Netherlands,Egypt,Unknown,,,False,False,team1,inferred_from_score,Netherlands,Egypt
1990_32,1990,Egypt,Netherlands,Unknown,,,False,False,team2,inferred_from_score,Egypt,Netherlands
1990_35,1990,England,Egypt,Unknown,,,False,False,team1,inferred_from_score,England,Egypt
1990_36,1990,Ireland,Netherlands,Unknown,,,False,False,team1,inferred_from_score,Ireland,Netherlands
1990_36,1990,Netherlands,Ireland,Unknown,,,False,False,team2,inferred_from_score,Netherlands,Ireland
1990_37,1990,Cameroon,Colombia,Unknown,,,False,False,team1,inferred_from_score,Cameroon,Colombia
1990_37,1990,Cameroon,Colombia,Unknown,,,False,False,team1,inferred_from_score,Cameroon,Colombia
1990_37,1990,Colombia,Cameroon,Unknown,,,False,False,team2,inferred_from_score,Colombia,Cameroon
1990_38,1990,Czechoslovakia,Costa Rica,Unknown,,,False,False,team1,inferred_from_score,Czech Republic,Costa Rica
1990_38,1990,Czechoslovakia,Costa Rica,Unknown,,,False,False,team1,inferred_from_score,Czech Republic,Costa Rica
1990_38,1990,Czechoslovakia,Costa Rica,Unknown,,,False,False,team1,inferred_from_score,Czech Republic,Costa Rica
1990_38,1990,Czechoslovakia,Costa Rica,Unknown,,,False,False,team1,inferred_from_score,Czech Republic,Costa Rica
1990_38,1990,Costa Rica,Czechoslovakia,Unknown,,,False,False,team2,inferred_from_score,Costa Rica,Czech Republic
1990_39,1990,Argentina,Brazil,Unknown,,,False,False,team2,inferred_from_score,Argentina,Brazil
1990_40,1990,West Germany,Netherlands,Unknown,,,False,False,team1,inferred_from_score,Germany,Netherlands
1990_40,1990,West Germany,Netherlands,Unknown,,,False,False,team1,inferred_from_score,Germany,Netherlands
1990_40,1990,Netherlands,West Germany,Unknown,,,False,False,team2,inferred_from_score,Netherlands,Germany
1990_42,1990,Italy,Uruguay,Unknown,,,False,False,team1,inferred_from_score,Italy,Uruguay
1990_42,1990,Italy,Uruguay,Unknown,,,False,False,team1,inferred_from_score,Italy,Uruguay
1990_43,1990,Spain,Yugoslavia,Unknown,,,False,False,team1,inferred_from_score,Spain,Serbia
1990_43,1990,Yugoslavia,Spain,Unknown,,,False,False,team2,inferred_from_score,Serbia,Spain
1990_43,1990,Yugoslavia,Spain,Unknown,,,False,False,team2,inferred_from_score,Serbia,Spain
1990_44,1990,England,Belgium,Unknown,,,False,False,team1,inferred_from_score,England,Belgium
1990_46,1990,Italy,Ireland,Unknown,,,False,False,team1,inferred_from_score,Italy,Ireland
1990_47,1990,West Germany,Czechoslovakia,Unknown,,,False,False,team1,inferred_from_score,Germany,Czech Republic
1990_48,1990,England,Cameroon,Unknown,,,False,False,team1,inferred_from_score,England,Cameroon
1990_48,1990,England,Cameroon,Unknown,,,False,False,team1,inferred_from_score,England,Cameroon
1990_48,1990,England,Cameroon,Unknown,,,False,False,team1,inferred_from_score,England,Cameroon
1990_48,1990,Cameroon,England,Unknown,,,False,False,team2,inferred_from_score,Cameroon,England
1990_48,1990,Cameroon,England,Unknown,,,False,False,team2,inferred_from_score,Cameroon,England
1990_49,1990,Italy,Argentina,Schillaci,17.0,,False,False,team1,event,Italy,Argentina
1990_49,1990,Argentina,Italy,Caniggia,67.0,,False,False,team2,event,Argentina,Italy
1990_50,1990,West Germany,England,Brehme,60.0,,False,False,team1,event,Germany,England
1990_50,1990,England,West Germany,Lineker,80.0,,False,False,team2,event,England,Germany
1990_51,1990,Italy,England,Baggio,71.0,,False,False,team1,event,Italy,England
1990_51,1990,Italy,England,Schillaci,86.0,,True,False,team1,event,Italy,England
1990_51,1990,England,Italy,Platt,81.0,,False,False,team2,event,England,Italy
1990_52,1990,West Germany,Argentina,Brehme,85.0,,True,False,team1,event,Germany,Argentina
1994_1,1994,USA,Switzerland,Unknown,,,False,False,team1,inferred_from_score,USA,Switzerland
1994_1,1994,Switzerland,USA,Unknown,,,False,False,team2,inferred_from_score,Switzerland,USA
1994_2,1994,Colombia,Romania,Unknown,,,False,False,team1,inferred_from_score,Colombia,Romania
1994_2,1994,Romania,Colombia,Unknown,,,False,False,team2,inferred_from_score,Romania,Colombia
1994_2,1994,Romania,Colombia,Unknown,,,False,False,team2,inferred_from_score,Romania,Colombia
1994_2,1994,Romania,Colombia,Unknown,,,False,False,team2,inferred_from_score,Romania,Colombia
1994_3,1994,Romania,Switzerland,Unknown,,,False,False,team1,inferred_from_score,Romania,Switzerland
1994_3,1994,Switzerland,Romania,Unknown,,,False,False,team2,inferred_from_score,Switzerland,Romania
1994_3,1994,Switzerland,Romania,Unknown,,,False,False,team2,inferred_from_score,Switzerland,Romania
1994_3,1994,Switzerland,Romania,Unknown,,,False,False,team2,inferred_from_score,Switzerland,Romania
1994_3,1994,Switzerland,Romania,Unknown,,,False,False,team2,inferred_from_score,Switzerland,Romania
1994_4,1994,USA,Colombia,Unknown,,,False,False,team1,inferred_from_score,USA,Colombia
1994_4,1994,USA,Colombia,Unknown,,,False,False,team1,inferred_from_score,USA,Colombia
1994_4,1994,Colombia,USA,Unknown,,,False,False,team2,inferred_from_score,Colombia,USA
1994_5,1994,Romania,USA,Unknown,,,False,False,team2,inferred_from_score,Romania,USA
1994_6,1994,Colombia,Switzerland,Unknown,,,False,False,team2,inferred_from_score,Colombia,Switzerland
1994_6,1994,Colombia,Switzerland,Unknown,,,False,False,team2,inferred_from_score,Colombia,Switzerland
1994_7,1994,Cameroon,Sweden,Unknown,,,False,False,team1,inferred_from_score,Cameroon,Sweden
1994_7,1994,Cameroon,Sweden,Unknown,,,False,False,team1,inferred_from_score,Cameroon,Sweden
1994_7,1994,Sweden,Cameroon,Unknown,,,False,False,team2,inferred_from_score,Sweden,Cameroon
1994_7,1994,Sweden,Cameroon,Unknown,,,False,False,team2,inferred_from_score,Sweden,Cameroon
1994_8,1994,Brazil,Russia,Unknown,,,False,False,team1,inferred_from_score,Brazil,Russia
1994_8,1994,Brazil,Russia,Unknown,,,False,False,team1,inferred_from_score,Brazil,Russia
1994_9,1994,Brazil,Cameroon,Unknown,,,False,False,team1,inferred_from_score,Brazil,Cameroon
1994_9,1994,Brazil,Cameroon,Unknown,,,False,False,team1,inferred_from_score,Brazil,Cameroon
1994_9,1994,Brazil,Cameroon,Unknown,,,False,False,team1,inferred_from_score,Brazil,Cameroon
1994_10,1994,Sweden,Russia,Unknown,,,False,False,team1,inferred_from_score,Sweden,Russia
1994_10,1994,Sweden,Russia,Unknown,,,False,False,team1,inferred_from_score,Sweden,Russia
1994_10,1994,Sweden,Russia,Unknown,,,False,False,team1,inferred_from_score,Sweden,Russia
1994_10,1994,Russia,Sweden,Unknown,,,False,False,team2,inferred_from_score,Russia,Sweden
1994_11,1994,Russia,Cameroon,Unknown,,,False,False,team1,inferred_from_score,Russia,Cameroon
1994_11,1994,Russia,Cameroon,Unknown,,,False,False,team1,inferred_from_score,Russia,Cameroon
1994_11,1994,Russia,Cameroon,Unknown,,,False,False,team1,inferred_from_score,Russia,Cameroon
1994_11,1994,Russia,Cameroon,Unknown,,,False,False,team1,inferred_from_score,Russia,Cameroon
1994_11,1994,Russia,Cameroon,Unknown,,,False,False,team1,inferred_from_score,Russia,Cameroon
1994_11,1994,Russia,Cameroon,Unknown,,,False,False,team1,inferred_from_score,Russia,Cameroon
1994_11,1994,Cameroon,Russia,Unknown,,,False,False,team2,inferred_from_score,Cameroon,Russia
1994_12,1994,Brazil,Sweden,Unknown,,,False,False,team1,inferred_from_score,Brazil,Sweden
1994_12,1994,Sweden,Brazil,Unknown,,,False,False,team2,inferred_from_score,Sweden,Brazil
1994_13,1994,Germany,Bolivia,Unknown,,,False,False,team1,inferred_from_score,Germany,Bolivia
1994_14,1994,Spain,South Korea,Unknown,,,False,False,team1,inferred_from_score,Spain,South Korea
1994_14,1994,Spain,South Korea,Unknown,,,False,False,team1,inferred_from_score,Spain,South Korea
1994_14,1994,South Korea,Spain,Unknown,,,False,False,team2,inferred_from_score,South Korea,Spain
1994_14,1994,South Korea,Spain,Unknown,,,False,False,team2,inferred_from_score,South Korea,Spain
1994_15,1994,Germany,Spain,Unknown,,,False,False,team1,inferred_from_score,Germany,Spain
1994_15,1994,Spain,Germany,Unknown,,,False,False,team2,inferred_from_score,Spain,Germany
1994_17,1994,Bolivia,Spain,Unknown,,,False,False,team1,inferred_from_score,Bolivia,Spain
1994_17,1994,Spain,Bolivia,Unknown,,,False,False,team2,inferred_from_score,Spain,Bolivia
1994_17,1994,Spain,Bolivia,Unknown,,,False,False,team2,inferred_from_score,Spain,Bolivia
1994_17,1994,Spain,Bolivia,Unknown,,,False,False,team2,inferred_from_score,Spain,Bolivia
1994_18,1994,Germany,South Korea,Unknown,,,False,False,team1,inferred_from_score,Germany,South Korea
1994_18,1994,Germany,South Korea,Unknown,,,False,False,team1,inferred_from_score,Germany,South Korea
1994_18,1994,Germany,South Korea,Unknown,,,False,False,team1,inferred_from_score,Germany,South Korea
1994_18,1994,South Korea,Germany,Unknown,,,False,False,team2,inferred_from_score,South Korea,Germany
1994_18,1994,South Korea,Germany,Unknown,,,False,False,team2,inferred_from_score,South Korea,Germany
1994_19,1994,Argentina,Greece,Unknown,,,False,False,team1,inferred_from_score,Argentina,Greece
1994_19,1994,Argentina,Greece,Unknown,,,False,False,team1,inferred_from_score,Argentina,Greece
1994_19,1994,Argentina,Greece,Unknown,,,False,False,team1,inferred_from_score,Argentina,Greece
1994_19,1994,Argentina,Greece,Unknown,,,False,False,team1,inferred_from_score,Argentina,Greece
1994_20,1994,Nigeria,Bulgaria,Unknown,,,False,False,team1,inferred_from_score,Nigeria,Bulgaria
1994_20,1994,Nigeria,Bulgaria,Unknown,,,False,False,team1,inferred_from_score,Nigeria,Bulgaria
1994_20,1994,Nigeria,Bulgaria,Unknown,,,False,False,team1,inferred_from_score,Nigeria,Bulgaria
1994_21,1994,Argentina,Nigeria,Unknown,,,False,False,team1,inferred_from_score,Argentina,Nigeria
1994_21,1994,Argentina,Nigeria,Unknown,,,False,False,team1,inferred_from_score,Argentina,Nigeria
1994_21,1994,Nigeria,Argentina,Unknown,,,False,False,team2,inferred_from_score,Nigeria,Argentina
1994_22,1994,Bulgaria,Greece,Unknown,,,False,False,team2,inferred_from_score,Bulgaria,Greece
1994_22,1994,Bulgaria,Greece,Unknown,,,False,False,team2,inferred_from_score,Bulgaria,Greece
1994_22,1994,Bulgaria,Greece,Unknown,,,False,False,team2,inferred_from_score,Bulgaria,Greece
1994_22,1994,Bulgaria,Greece,Unknown,,,False,False,team2,inferred_from_score,Bulgaria,Greece
1994_23,1994,Nigeria,Greece,Unknown,,,False,False,team2,inferred_from_score,Nigeria,Greece
1994_23,1994,Nigeria,Greece,Unknown,,,False,False,team2,inferred_from_score,Nigeria,Greece
1994_24,1994,Bulgaria,Argentina,Unknown,,,False,False,team2,inferred_from_score,Bulgaria,Argentina
1994_24,1994,Bulgaria,Argentina,Unknown,,,False,False,team2,inferred_from_score,Bulgaria,Argentina
1994_25,1994,Ireland,Italy,Unknown,,,False,False,team2,inferred_from_score,Ireland,Italy
1994_26,1994,Norway,Mexico,Unknown,,,False,False,team1,inferred_from_score,Norway,Mexico
1994_27,1994,Italy,Norway,Unknown,,,False,False,team1,inferred_from_score,Italy,Norway
1994_28,1994,Mexico,Ireland,Unknown,,,False,False,team1,inferred_from_score,Mexico,Ireland
1994_28,1994,Mexico,Ireland,Unknown,,,False,False,team1,inferred_from_score,Mexico,Ireland
1994_28,1994,Ireland,Mexico,Unknown,,,False,False,team2,inferred_from_score,Ireland,Mexico
1994_30,1994,Italy,Mexico,Unknown,,,False,False,team1,inferred_from_score,Italy,Mexico
1994_30,1994,Mexico,Italy,Unknown,,,False,False,team2,inferred_from_score,Mexico,Italy
1994_31,1994,Belgium,Morocco,Unknown,,,False,False,team1,inferred_from_score,Belgium,Morocco
1994_32,1994,Netherlands,Saudi Arabia,Unknown,,,False,False,team1,inferred_from_score,Netherlands,Saudi Arabia
1994_32,1994,Netherlands,Saudi Arabia,Unknown,,,False,False,team1,inferred_from_score,Netherlands,Saudi Arabia
1994_32,1994,Saudi Arabia,Netherlands,Unknown,,,False,False,team2,inferred_from_score,Saudi Arabia,Netherlands
1994_33,1994,Belgium,Netherlands,Unknown,,,False,False,team1,inferred_from_score,Belgium,Netherlands
1994_34,1994,Saudi Arabia,Morocco,Unknown,,,False,False,team1,inferred_from_score,Saudi Arabia,Morocco
1994_34,1994,Saudi Arabia,Morocco,Unknown,,,False,False,team1,inferred_from_score,Saudi Arabia,Morocco
1994_34,1994,Morocco,Saudi Arabia,Unknown,,,False,False,team2,inferred_from_score,Morocco,Saudi Arabia
1994_35,1994,Morocco,Netherlands,Unknown,,,False,False,team1,inferred_from_score,Morocco,Netherlands
1994_35,1994,Netherlands,Morocco,Unknown,,,False,False,team2,inferred_from_score,Netherlands,Morocco
1994_35,1994,Netherlands,Morocco,Unknown,,,False,False,team2,inferred_from_score,Netherlands,Morocco
1994_36,1994,Saudi Arabia,Belgium,Unknown,,,False,False,team2,inferred_from_score,Saudi Arabia,Belgium
1994_37,1994,Germany,Belgium,Unknown,,,False,False,team1,inferred_from_score,Germany,Belgium
1994_37,1994,Germany,Belgium,Unknown,,,False,False,team1,inferred_from_score,Germany,Belgium
1994_37,1994,Germany,Belgium,Unknown,,,False,False,team1,inferred_from_score,Germany,Belgium
1994_37,1994,Belgium,Germany,Unknown,,,False,False,team2,inferred_from_score,Belgium,Germany
1994_37,1994,Belgium,Germany,Unknown,,,False,False,team2,inferred_from_score,Belgium,Germany
1994_38,1994,Spain,Switzerland,Unknown,,,False,False,team1,inferred_from_score,Spain,Switzerland
1994_38,1994,Spain,Switzerland,Unknown,,,False,False,team1,inferred_from_score,Spain,Switzerland
1994_38,1994,Spain,Switzerland,Unknown,,,False,False,team1,inferred_from_score,Spain,Switzerland
1994_39,1994,Saudi Arabia,Sweden,Unknown,,,False,False,team1,inferred_from_score,Saudi Arabia,Sweden
1994_39,1994,Sweden,Saudi Arabia,Unknown,,,False,False,team2,inferred_from_score,Sweden,Saudi Arabia
1994_39,1994,Sweden,Saudi Arabia,Unknown,,,False,False,team2,inferred_from_score,Sweden,Saudi Arabia
1994_39,1994,Sweden,Saudi Arabia,Unknown,,,False,False,team2,inferred_from_score,Sweden,Saudi Arabia
1994_40,1994,Romania,Argentina,Unknown,,,False,False,team1,inferred_from_score,Romania,Argentina
1994_40,1994,Romania,Argentina,Unknown,,,False,False,team1,inferred_from_score,Romania,Argentina
1994_40,1994,Romania,Argentina,Unknown,,,False,False,team1,inferred_from_score,Romania,Argentina
1994_40,1994,Argentina,Romania,Unknown,,,False,False,team2,inferred_from_score,Argentina,Romania
1994_40,1994,Argentina,Romania,Unknown,,,False,False,team2,inferred_from_score,Argentina,Romania
1994_41,1994,Netherlands,Ireland,Unknown,,,False,False,team1,inferred_from_score,Netherlands,Ireland
1994_41,1994,Netherlands,Ireland,Unknown,,,False,False,team1,inferred_from_score,Netherlands,Ireland
1994_42,1994,Brazil,USA,Unknown,,,False,False,team1,inferred_from_score,Brazil,USA
1994_43,1994,Nigeria,Italy,Unknown,,,False,False,team1,inferred_from_score,Nigeria,Italy
1994_43,1994,Italy,Nigeria,Unknown,,,False,False,team2,inferred_from_score,Italy,Nigeria
1994_43,1994,Italy,Nigeria,Unknown,,,False,False,team2,inferred_from_score,Italy,Nigeria
1994_44,1994,Mexico,Bulgaria,Unknown,,,False,False,team1,inferred_from_score,Mexico,Bulgaria
1994_44,1994,Bulgaria,Mexico,Unknown,,,False,False,team2,inferred_from_score,Bulgaria,Mexico
1994_45,1994,Italy,Spain,Unknown,,,False,False,team1,inferred_from_score,Italy,Spain
1994_45,1994,Italy,Spain,Unknown,,,False,False,team1,inferred_from_score,Italy,Spain
1994_45,1994,Spain,Italy,Unknown,,,False,False,team2,inferred_from_score,Spain,Italy
1994_46,1994,Netherlands,Brazil,Unknown,,,False,False,team1,inferred_from_score,Netherlands,Brazil
1994_46,1994,Netherlands,Brazil,Unknown,,,False,False,team1,inferred_from_score,Netherlands,Brazil
1994_46,1994,Brazil,Netherlands,Unknown,,,False,False,team2,inferred_from_score,Brazil,Netherlands
1994_46,1994,Brazil,Netherlands,Unknown,,,False,False,team2,inferred_from_score,Brazil,Netherlands
1994_46,1994,Brazil,Netherlands,Unknown,,,False,False,team2,inferred_from_score,Brazil,Netherlands
1994_47,1994,Bulgaria,Germany,Unknown,,,False,False,team1,inferred_from_score,Bulgaria,Germany
1994_47,1994,Bulgaria,Germany,Unknown,,,False,False,team1,inferred_from_score,Bulgaria,Germany
1994_47,1994,Germany,Bulgaria,Unknown,,,False,False,team2,inferred_from_score,Germany,Bulgaria
1994_48,1994,Romania,Sweden,Unknown,,,False,False,team1,inferred_from_score,Romania,Sweden
1994_48,1994,Romania,Sweden,Unknown,,,False,False,team1,inferred_from_score,Romania,Sweden
1994_48,1994,Sweden,Romania,Unknown,,,False,False,team2,inferred_from_score,Sweden,Romania
1994_48,1994,Sweden,Romania,Unknown,,,False,False,team2,inferred_from_score,Sweden,Romania
1994_49,1994,Bulgaria,Italy,Unknown,,,False,False,team1,inferred_from_score,Bulgaria,Italy
1994_49,1994,Italy,Bulgaria,Unknown,,,False,False,team2,inferred_from_score,Italy,Bulgaria
1994_49,1994,Italy,Bulgaria,Unknown,,,False,False,team2,inferred_from_score,Italy,Bulgaria
1994_50,1994,Brazil,Sweden,Unknown,,,False,False,team2,inferred_from_score,Brazil,Sweden
1994_51,1994,Sweden,Bulgaria,Unknown,,,False,False,team1,inferred_from_score,Sweden,Bulgaria
1994_51,1994,Sweden,Bulgaria,Unknown,,,False,False,team1,inferred_from_score,Sweden,Bulgaria
1994_51,1994,Sweden,Bulgaria,Unknown,,,False,False,team1,inferred_from_score,Sweden,Bulgaria
1994_51,1994,Sweden,Bulgaria,Unknown,,,False,False,team1,inferred_from_score,Sweden,Bulgaria
1998_1,1998,Brazil,Scotland,Unknown,,,False,False,team1,inferred_from_score,Brazil,Scotland
1998_1,1998,Brazil,Scotland,Unknown,,,False,False,team1,inferred_from_score,Brazil,Scotland
1998_1,1998,Scotland,Brazil,Unknown,,,False,False,team2,inferred_from_score,Scotland,Brazil
1998_2,1998,Morocco,Norway,Unknown,,,False,False,team1,inferred_from_score,Morocco,Norway
1998_2,1998,Morocco,Norway,Unknown,,,False,False,team1,inferred_from_score,Morocco,Norway
1998_2,1998,Norway,Morocco,Unknown,,,False,False,team2,inferred_from_score,Norway,Morocco
1998_2,1998,Norway,Morocco,Unknown,,,False,False,team2,inferred_from_score,Norway,Morocco
1998_3,1998,Scotland,Norway,Unknown,,,False,False,team1,inferred_from_score,Scotland,Norway
1998_3,1998,Norway,Scotland,Unknown,,,False,False,team2,inferred_from_score,Norway,Scotland
1998_4,1998,Brazil,Morocco,Unknown,,,False,False,team1,inferred_from_score,Brazil,Morocco
1998_4,1998,Brazil,Morocco,Unknown,,,False,False,team1,inferred_from_score,Brazil,Morocco
1998_4,1998,Brazil,Morocco,Unknown,,,False,False,team1,inferred_from_score,Brazil,Morocco
1998_5,1998,Morocco,Scotland,Unknown,,,False,False,team2,inferred_from_score,Morocco,Scotland
1998_5,1998,Morocco,Scotland,Unknown,,,False,False,team2,inferred_from_score,Morocco,Scotland
1998_5,1998,Morocco,Scotland,Unknown,,,False,False,team2,inferred_from_score,Morocco,Scotland
1998_6,1998,Brazil,Norway,Unknown,,,False,False,team1,inferred_from_score,Brazil,Norway
1998_6,1998,Norway,Brazil,Unknown,,,False,False,team2,inferred_from_score,Norway,Brazil
1998_6,1998,Norway,Brazil,Unknown,,,False,False,team2,inferred_from_score,Norway,Brazil
1998_7,1998,Cameroon,Austria,Unknown,,,False,False,team1,inferred_from_score,Cameroon,Austria
1998_7,1998,Austria,Cameroon,Unknown,,,False,False,team2,inferred_from_score,Austria,Cameroon
1998_8,1998,Italy,Chile,Unknown,,,False,False,team1,inferred_from_score,Italy,Chile
1998_8,1998,Italy,Chile,Unknown,,,False,False,team1,inferred_from_score,Italy,Chile
1998_8,1998,Chile,Italy,Unknown,,,False,False,team2,inferred_from_score,Chile,Italy
1998_8,1998,Chile,Italy,Unknown,,,False,False,team2,inferred_from_score,Chile,Italy
1998_9,1998,Chile,Austria,Unknown,,,False,False,team1,inferred_from_score,Chile,Austria
1998_9,1998,Austria,Chile,Unknown,,,False,False,team2,inferred_from_score,Austria,Chile
1998_10,1998,Italy,Cameroon,Unknown,,,False,False,team1,inferred_from_score,Italy,Cameroon
1998_10,1998,Italy,Cameroon,Unknown,,,False,False,team1,inferred_from_score,Italy,Cameroon
1998_10,1998,Italy,Cameroon,Unknown,,,False,False,team1,inferred_from_score,Italy,Cameroon
1998_11,1998,Italy,Austria,Unknown,,,False,False,team1,inferred_from_score,Italy,Austria
1998_11,1998,Italy,Austria,Unknown,,,False,False,team1,inferred_from_score,Italy,Austria
1998_11,1998,Austria,Italy,Unknown,,,False,False,team2,inferred_from_score,Austria,Italy
1998_12,1998,Chile,Cameroon,Unknown,,,False,False,team1,inferred_from_score,Chile,Cameroon
1998_12,1998,Cameroon,Chile,Unknown,,,False,False,team2,inferred_from_score,Cameroon,Chile
1998_13,1998,Denmark,Saudi Arabia,Unknown,,,False,False,team2,inferred_from_score,Denmark,Saudi Arabia
1998_14,1998,France,South Africa,Unknown,,,False,False,team1,inferred_from_score,France,South Africa
1998_14,1998,France,South Africa,Unknown,,,False,False,team1,inferred_from_score,France,South Africa
1998_14,1998,France,South Africa,Unknown,,,False,False,team1,inferred_from_score,France,South Africa
1998_15,1998,France,Saudi Arabia,Unknown,,,False,False,team1,inferred_from_score,France,Saudi Arabia
1998_15,1998,France,Saudi Arabia,Unknown,,,False,False,team1,inferred_from_score,France,Saudi Arabia
1998_15,1998,France,Saudi Arabia,Unknown,,,False,False,team1,inferred_from_score,France,Saudi Arabia
1998_15,1998,France,Saudi Arabia,Unknown,,,False,False,team1,inferred_from_score,France,Saudi Arabia
1998_16,1998,South Africa,Denmark,Unknown,,,False,False,team1,inferred_from_score,South Africa,Denmark
1998_16,1998,Denmark,South Africa,Unknown,,,False,False,team2,inferred_from_score,Denmark,South Africa
1998_17,1998,France,Denmark,Unknown,,,False,False,team1,inferred_from_score,France,Denmark
1998_17,1998,France,Denmark,Unknown,,,False,False,team1,inferred_from_score,France,Denmark
1998_17,1998,Denmark,France,Unknown,,,False,False,team2,inferred_from_score,Denmark,France
1998_18,1998,South Africa,Saudi Arabia,Unknown,,,False,False,team1,inferred_from_score,South Africa,Saudi Arabia
1998_18,1998,South Africa,Saudi Arabia,Unknown,,,False,False,team1,inferred_from_score,South Africa,Saudi Arabia
1998_18,1998,Saudi Arabia,South Africa,Unknown,,,False,False,team2,inferred_from_score,Saudi Arabia,South Africa
1998_18,1998,Saudi Arabia,South Africa,Unknown,,,False,False,team2,inferred_from_score,Saudi Arabia,South Africa
1998_20,1998,Spain,Nigeria,Unknown,,,False,False,team1,inferred_from_score,Spain,Nigeria
1998_20,1998,Spain,Nigeria,Unknown,,,False,False,team1,inferred_from_score,Spain,Nigeria
1998_20,1998,Nigeria,Spain,Unknown,,,False,False,team2,inferred_from_score,Nigeria,Spain
1998_20,1998,Nigeria,Spain,Unknown,,,False,False,team2,inferred_from_score,Nigeria,Spain
1998_20,1998,Nigeria,Spain,Unknown,,,False,False,team2,inferred_from_score,Nigeria,Spain
1998_21,1998,Nigeria,Bulgaria,Unknown,,,False,False,team1,inferred_from_score,Nigeria,Bulgaria
1998_23,1998,Spain,Bulgaria,Unknown,,,False,False,team1,inferred_from_score,Spain,Bulgaria
1998_23,1998,Spain,Bulgaria,Unknown,,,False,False,team1,inferred_from_score,Spain,Bulgaria
1998_23,1998,Spain,Bulgaria,Unknown,,,False,False,team1,inferred_from_score,Spain,Bulgaria
1998_23,1998,Spain,Bulgaria,Unknown,,,False,False,team1,inferred_from_score,Spain,Bulgaria
1998_23,1998,Spain,Bulgaria,Unknown,,,False,False,team1,inferred_from_score,Spain,Bulgaria
1998_23,1998,Spain,Bulgaria,Unknown,,,False,False,team1,inferred_from_score,Spain,Bulgaria
1998_23,1998,Bulgaria,Spain,Unknown,,,False,False,team2,inferred_from_score,Bulgaria,Spain
1998_24,1998,Nigeria,Paraguay,Unknown,,,False,False,team1,inferred_from_score,Nigeria,Paraguay
1998_24,1998,Paraguay,Nigeria,Unknown,,,False,False,team2,inferred_from_score,Paraguay,Nigeria
1998_24,1998,Paraguay,Nigeria,Unknown,,,False,False,team2,inferred_from_score,Paraguay,Nigeria
1998_24,1998,Paraguay,Nigeria,Unknown,,,False,False,team2,inferred_from_score,Paraguay,Nigeria
1998_26,1998,South Korea,Mexico,Unknown,,,False,False,team1,inferred_from_score,South Korea,Mexico
1998_26,1998,Mexico,South Korea,Unknown,,,False,False,team2,inferred_from_score,Mexico,South Korea
1998_26,1998,Mexico,South Korea,Unknown,,,False,False,team2,inferred_from_score,Mexico,South Korea
1998_26,1998,Mexico,South Korea,Unknown,,,False,False,team2,inferred_from_score,Mexico,South Korea
1998_27,1998,Netherlands,South Korea,Unknown,,,False,False,team1,inferred_from_score,Netherlands,South Korea
1998_27,1998,Netherlands,South Korea,Unknown,,,False,False,team1,inferred_from_score,Netherlands,South Korea
1998_27,1998,Netherlands,South Korea,Unknown,,,False,False,team1,inferred_from_score,Netherlands,South Korea
1998_27,1998,Netherlands,South Korea,Unknown,,,False,False,team1,inferred_from_score,Netherlands,South Korea
1998_27,1998,Netherlands,South Korea,Unknown,,,False,False,team1,inferred_from_score,Netherlands,South Korea
1998_28,1998,Belgium,Mexico,Unknown,,,False,False,team1,inferred_from_score,Belgium,Mexico
1998_28,1998,Belgium,Mexico,Unknown,,,False,False,team1,inferred_from_score,Belgium,Mexico
1998_28,1998,Mexico,Belgium,Unknown,,,False,False,team2,inferred_from_score,Mexico,Belgium
1998_28,1998,Mexico,Belgium,Unknown,,,False,False,team2,inferred_from_score,Mexico,Belgium
1998_29,1998,Belgium,South Korea,Unknown,,,False,False,team1,inferred_from_score,Belgium,South Korea
1998_29,1998,South Korea,Belgium,Unknown,,,False,False,team2,inferred_from_score,South Korea,Belgium
1998_30,1998,Netherlands,Mexico,Unknown,,,False,False,team1,inferred_from_score,Netherlands,Mexico
1998_30,1998,Netherlands,Mexico,Unknown,,,False,False,team1,inferred_from_score,Netherlands,Mexico
1998_30,1998,Mexico,Netherlands,Unknown,,,False,False,team2,inferred_from_score,Mexico,Netherlands
1998_30,1998,Mexico,Netherlands,Unknown,,,False,False,team2,inferred_from_score,Mexico,Netherlands
1998_31,1998,Yugoslavia,Iran,Unknown,,,False,False,team1,inferred_from_score,Serbia,Iran
1998_32,1998,Germany,USA,Unknown,,,False,False,team1,inferred_from_score,Germany,USA
1998_32,1998,Germany,USA,Unknown,,,False,False,team1,inferred_from_score,Germany,USA
1998_33,1998,Germany,Yugoslavia,Unknown,,,False,False,team1,inferred_from_score,Germany,Serbia
1998_33,1998,Germany,Yugoslavia,Unknown,,,False,False,team1,inferred_from_score,Germany,Serbia
1998_33,1998,Yugoslavia,Germany,Unknown,,,False,False,team2,inferred_from_score,Serbia,Germany
1998_33,1998,Yugoslavia,Germany,Unknown,,,False,False,team2,inferred_from_score,Serbia,Germany
1998_34,1998,USA,Iran,Unknown,,,False,False,team1,inferred_from_score,USA,Iran
1998_34,1998,Iran,USA,Unknown,,,False,False,team2,inferred_from_score,Iran,USA
1998_34,1998,Iran,USA,Unknown,,,False,False,team2,inferred_from_score,Iran,USA
1998_35,1998,Germany,Iran,Unknown,,,False,False,team1,inferred_from_score,Germany,Iran
1998_35,1998,Germany,Iran,Unknown,,,False,False,team1,inferred_from_score,Germany,Iran
1998_36,1998,Yugoslavia,USA,Unknown,,,False,False,team2,inferred_from_score,Serbia,USA
1998_37,1998,Romania,Colombia,Unknown,,,False,False,team1,inferred_from_score,Romania,Colombia
1998_38,1998,England,Tunisia,Unknown,,,False,False,team1,inferred_from_score,England,Tunisia
1998_38,1998,England,Tunisia,Unknown,,,False,False,team1,inferred_from_score,England,Tunisia
1998_39,1998,Colombia,Tunisia,Unknown,,,False,False,team1,inferred_from_score,Colombia,Tunisia
1998_40,1998,Romania,England,Unknown,,,False,False,team1,inferred_from_score,Romania,England
1998_40,1998,Romania,England,Unknown,,,False,False,team1,inferred_from_score,Romania,England
1998_40,1998,England,Romania,Unknown,,,False,False,team2,inferred_from_score,England,Romania
1998_41,1998,Romania,Tunisia,Unknown,,,False,False,team1,inferred_from_score,Romania,Tunisia
1998_41,1998,Tunisia,Romania,Unknown,,,False,False,team2,inferred_from_score,Tunisia,Romania
1998_42,1998,England,Colombia,Unknown,,,False,False,team2,inferred_from_score,England,Colombia
1998_42,1998,England,Colombia,Unknown,,,False,False,team2,inferred_from_score,England,Colombia
1998_43,1998,Jamaica,Croatia,Unknown,,,False,False,team1,inferred_from_score,Jamaica,Croatia
1998_43,1998,Croatia,Jamaica,Unknown,,,False,False,team2,inferred_from_score,Croatia,Jamaica
1998_43,1998,Croatia,Jamaica,Unknown,,,False,False,team2,inferred_from_score,Croatia,Jamaica
1998_43,1998,Croatia,Jamaica,Unknown,,,False,False,team2,inferred_from_score,Croatia,Jamaica
1998_44,1998,Argentina,Japan,Unknown,,,False,False,team1,inferred_from_score,Argentina,Japan
1998_45,1998,Croatia,Japan,Unknown,,,False,False,team2,inferred_from_score,Croatia,Japan
1998_46,1998,Argentina,Jamaica,Unknown,,,False,False,team1,inferred_from_score,Argentina,Jamaica
1998_46,1998,Argentina,Jamaica,Unknown,,,False,False,team1,inferred_from_score,Argentina,Jamaica
1998_46,1998,Argentina,Jamaica,Unknown,,,False,False,team1,inferred_from_score,Argentina,Jamaica
1998_46,1998,Argentina,Jamaica,Unknown,,,False,False,team1,inferred_from_score,Argentina,Jamaica
1998_46,1998,Argentina,Jamaica,Unknown,,,False,False,team1,inferred_from_score,Argentina,Jamaica
1998_47,1998,Japan,Jamaica,Unknown,,,False,False,team1,inferred_from_score,Japan,Jamaica
1998_47,1998,Jamaica,Japan,Unknown,,,False,False,team2,inferred_from_score,Jamaica,Japan
1998_47,1998,Jamaica,Japan,Unknown,,,False,False,team2,inferred_from_score,Jamaica,Japan
1998_48,1998,Argentina,Croatia,Unknown,,,False,False,team1,inferred_from_score,Argentina,Croatia
1998_49,1998,Brazil,Chile,Unknown,,,False,False,team1,inferred_from_score,Brazil,Chile
1998_49,1998,Brazil,Chile,Unknown,,,False,False,team1,inferred_from_score,Brazil,Chile
1998_49,1998,Brazil,Chile,Unknown,,,False,False,team1,inferred_from_score,Brazil,Chile
1998_49,1998,Brazil,Chile,Unknown,,,False,False,team1,inferred_from_score,Brazil,Chile
1998_49,1998,Chile,Brazil,Unknown,,,False,False,team2,inferred_from_score,Chile,Brazil
1998_50,1998,Italy,Norway,Unknown,,,False,False,team1,inferred_from_score,Italy,Norway
1998_51,1998,Nigeria,Denmark,Unknown,,,False,False,team1,inferred_from_score,Nigeria,Denmark
1998_51,1998,Denmark,Nigeria,Unknown,,,False,False,team2,inferred_from_score,Denmark,Nigeria
1998_51,1998,Denmark,Nigeria,Unknown,,,False,False,team2,inferred_from_score,Denmark,Nigeria
1998_51,1998,Denmark,Nigeria,Unknown,,,False,False,team2,inferred_from_score,Denmark,Nigeria
1998_51,1998,Denmark,Nigeria,Unknown,,,False,False,team2,inferred_from_score,Denmark,Nigeria
1998_52,1998,France,Paraguay,Unknown,,,False,False,team1,inferred_from_score,France,Paraguay
1998_53,1998,Germany,Mexico,Unknown,,,False,False,team1,inferred_from_score,Germany,Mexico
1998_53,1998,Germany,Mexico,Unknown,,,False,False,team1,inferred_from_score,Germany,Mexico
1998_53,1998,Mexico,Germany,Unknown,,,False,False,team2,inferred_from_score,Mexico,Germany
1998_54,1998,Netherlands,Yugoslavia,Unknown,,,False,False,team1,inferred_from_score,Netherlands,Serbia
1998_54,1998,Netherlands,Yugoslavia,Unknown,,,False,False,team1,inferred_from_score,Netherlands,Serbia
1998_54,1998,Yugoslavia,Netherlands,Unknown,,,False,False,team2,inferred_from_score,Serbia,Netherlands
1998_55,1998,Argentina,England,Unknown,,,False,False,team1,inferred_from_score,Argentina,England
1998_55,1998,Argentina,England,Unknown,,,False,False,team1,inferred_from_score,Argentina,England
1998_55,1998,England,Argentina,Unknown,,,False,False,team2,inferred_from_score,England,Argentina
1998_55,1998,England,Argentina,Unknown,,,False,False,team2,inferred_from_score,England,Argentina
1998_56,1998,Croatia,Romania,Unknown,,,False,False,team2,inferred_from_score,Croatia,Romania
1998_58,1998,Brazil,Denmark,Unknown,,,False,False,team1,inferred_from_score,Brazil,Denmark
1998_58,1998,Brazil,Denmark,Unknown,,,False,False,team1,inferred_from_score,Brazil,Denmark
1998_58,1998,Brazil,Denmark,Unknown,,,False,False,team1,inferred_from_score,Brazil,Denmark
1998_58,1998,Denmark,Brazil,Unknown,,,False,False,team2,inferred_from_score,Denmark,Brazil
1998_58,1998,Denmark,Brazil,Unknown,,,False,False,team2,inferred_from_score,Denmark,Brazil
1998_59,1998,Croatia,Germany,Unknown,,,False,False,team2,inferred_from_score,Croatia,Germany
1998_59,1998,Croatia,Germany,Unknown,,,False,False,team2,inferred_from_score,Croatia,Germany
1998_59,1998,Croatia,Germany,Unknown,,,False,False,team2,inferred_from_score,Croatia,Germany
1998_60,1998,Netherlands,Argentina,Unknown,,,False,False,team1,inferred_from_score,Netherlands,Argentina
1998_60,1998,Netherlands,Argentina,Unknown,,,False,False,team1,inferred_from_score,Netherlands,Argentina
1998_60,1998,Argentina,Netherlands,Unknown,,,False,False,team2,inferred_from_score,Argentina,Netherlands
1998_61,1998,Brazil,Netherlands,Unknown,,,False,False,team1,inferred_from_score,Brazil,Netherlands
1998_61,1998,Netherlands,Brazil,Unknown,,,False,False,team2,inferred_from_score,Netherlands,Brazil
1998_62,1998,France,Croatia,Unknown,,,False,False,team1,inferred_from_score,France,Croatia
1998_62,1998,France,Croatia,Unknown,,,False,False,team1,inferred_from_score,France,Croatia
1998_62,1998,Croatia,France,Unknown,,,False,False,team2,inferred_from_score,Croatia,France
1998_63,1998,Netherlands,Croatia,Unknown,,,False,False,team1,inferred_from_score,Netherlands,Croatia
1998_63,1998,Croatia,Netherlands,Unknown,,,False,False,team2,inferred_from_score,Croatia,Netherlands
1998_63,1998,Croatia,Netherlands,Unknown,,,False,False,team2,inferred_from_score,Croatia,Netherlands
1998_64,1998,France,Brazil,Unknown,,,False,False,team2,inferred_from_score,France,Brazil
1998_64,1998,France,Brazil,Unknown,,,False,False,team2,inferred_from_score,France,Brazil
1998_64,1998,France,Brazil,Unknown,,,False,False,team2,inferred_from_score,France,Brazil
2002_1,2002,Senegal,France,Unknown,,,False,False,team2,inferred_from_score,Senegal,France
2002_2,2002,Uruguay,Denmark,Unknown,,,False,False,team1,inferred_from_score,Uruguay,Denmark
2002_2,2002,Denmark,Uruguay,Unknown,,,False,False,team2,inferred_from_score,Denmark,Uruguay
2002_2,2002,Denmark,Uruguay,Unknown,,,False,False,team2,inferred_from_score,Denmark,Uruguay
2002_4,2002,Denmark,Senegal,Unknown,,,False,False,team1,inferred_from_score,Denmark,Senegal
2002_4,2002,Senegal,Denmark,Unknown,,,False,False,team2,inferred_from_score,Senegal,Denmark
2002_5,2002,Denmark,France,Unknown,,,False,False,team1,inferred_from_score,Denmark,France
2002_5,2002,Denmark,France,Unknown,,,False,False,team1,inferred_from_score,Denmark,France
2002_6,2002,Senegal,Uruguay,Unknown,,,False,False,team1,inferred_from_score,Senegal,Uruguay
2002_6,2002,Senegal,Uruguay,Unknown,,,False,False,team1,inferred_from_score,Senegal,Uruguay
2002_6,2002,Senegal,Uruguay,Unknown,,,False,False,team1,inferred_from_score,Senegal,Uruguay
2002_6,2002,Uruguay,Senegal,Unknown,,,False,False,team2,inferred_from_score,Uruguay,Senegal
2002_6,2002,Uruguay,Senegal,Unknown,,,False,False,team2,inferred_from_score,Uruguay,Senegal
2002_6,2002,Uruguay,Senegal,Unknown,,,False,False,team2,inferred_from_score,Uruguay,Senegal
2002_7,2002,Paraguay,South Africa,Unknown,,,False,False,team1,inferred_from_score,Paraguay,South Africa
2002_7,2002,Paraguay,South Africa,Unknown,,,False,False,team1,inferred_from_score,Paraguay,South Africa
2002_7,2002,South Africa,Paraguay,Unknown,,,False,False,team2,inferred_from_score,South Africa,Paraguay
2002_7,2002,South Africa,Paraguay,Unknown,,,False,False,team2,inferred_from_score,South Africa,Paraguay
2002_8,2002,Spain,Slovenia,Unknown,,,False,False,team1,inferred_from_score,Spain,Slovenia
2002_8,2002,Spain,Slovenia,Unknown,,,False,False,team1,inferred_from_score,Spain,Slovenia
2002_8,2002,Spain,Slovenia,Unknown,,,False,False,team1,inferred_from_score,Spain,Slovenia
2002_8,2002,Slovenia,Spain,Unknown,,,False,False,team2,inferred_from_score,Slovenia,Spain
2002_9,2002,Spain,Paraguay,Unknown,,,False,False,team1,inferred_from_score,Spain,Paraguay
2002_9,2002,Spain,Paraguay,Unknown,,,False,False,team1,inferred_from_score,Spain,Paraguay
2002_9,2002,Spain,Paraguay,Unknown,,,False,False,team1,inferred_from_score,Spain,Paraguay
2002_9,2002,Paraguay,Spain,Unknown,,,False,False,team2,inferred_from_score,Paraguay,Spain
2002_10,2002,South Africa,Slovenia,Unknown,,,False,False,team1,inferred_from_score,South Africa,Slovenia
2002_11,2002,South Africa,Spain,Unknown,,,False,False,team1,inferred_from_score,South Africa,Spain
2002_11,2002,South Africa,Spain,Unknown,,,False,False,team1,inferred_from_score,South Africa,Spain
2002_11,2002,Spain,South Africa,Unknown,,,False,False,team2,inferred_from_score,Spain,South Africa
2002_11,2002,Spain,South Africa,Unknown,,,False,False,team2,inferred_from_score,Spain,South Africa
2002_11,2002,Spain,South Africa,Unknown,,,False,False,team2,inferred_from_score,Spain,South Africa
2002_12,2002,Slovenia,Paraguay,Unknown,,,False,False,team1,inferred_from_score,Slovenia,Paraguay
2002_12,2002,Paraguay,Slovenia,Unknown,,,False,False,team2,inferred_from_score,Paraguay,Slovenia
2002_12,2002,Paraguay,Slovenia,Unknown,,,False,False,team2,inferred_from_score,Paraguay,Slovenia
2002_12,2002,Paraguay,Slovenia,Unknown,,,False,False,team2,inferred_from_score,Paraguay,Slovenia
2002_13,2002,Brazil,Turkey,Unknown,,,False,False,team1,inferred_from_score,Brazil,Turkey
2002_13,2002,Brazil,Turkey,Unknown,,,False,False,team1,inferred_from_score,Brazil,Turkey
2002_13,2002,Turkey,Brazil,Unknown,,,False,False,team2,inferred_from_score,Turkey,Brazil
2002_14,2002,Costa Rica,China,Unknown,,,False,False,team2,inferred_from_score,Costa Rica,China
2002_14,2002,Costa Rica,China,Unknown,,,False,False,team2,inferred_from_score,Costa Rica,China
2002_15,2002,Brazil,China,Unknown,,,False,False,team1,inferred_from_score,Brazil,China
2002_15,2002,Brazil,China,Unknown,,,False,False,team1,inferred_from_score,Brazil,China
2002_15,2002,Brazil,China,Unknown,,,False,False,team1,inferred_from_score,Brazil,China
2002_15,2002,Brazil,China,Unknown,,,False,False,team1,inferred_from_score,Brazil,China
2002_16,2002,Costa Rica,Turkey,Unknown,,,False,False,team1,inferred_from_score,Costa Rica,Turkey
2002_16,2002,Turkey,Costa Rica,Unknown,,,False,False,team2,inferred_from_score,Turkey,Costa Rica
2002_17,2002,Costa Rica,Brazil,Unknown,,,False,False,team1,inferred_from_score,Costa Rica,Brazil
2002_17,2002,Costa Rica,Brazil,Unknown,,,False,False,team1,inferred_from_score,Costa Rica,Brazil
2002_17,2002,Brazil,Costa Rica,Unknown,,,False,False,team2,inferred_from_score,Brazil,Costa Rica
2002_17,2002,Brazil,Costa Rica,Unknown,,,False,False,team2,inferred_from_score,Brazil,Costa Rica
2002_17,2002,Brazil,Costa Rica,Unknown,,,False,False,team2,inferred_from_score,Brazil,Costa Rica
2002_17,2002,Brazil,Costa Rica,Unknown,,,False,False,team2,inferred_from_score,Brazil,Costa Rica
2002_17,2002,Brazil,Costa Rica,Unknown,,,False,False,team2,inferred_from_score,Brazil,Costa Rica
2002_18,2002,Turkey,China,Unknown,,,False,False,team1,inferred_from_score,Turkey,China
2002_18,2002,Turkey,China,Unknown,,,False,False,team1,inferred_from_score,Turkey,China
2002_18,2002,Turkey,China,Unknown,,,False,False,team1,inferred_from_score,Turkey,China
2002_19,2002,South Korea,Poland,Unknown,,,False,False,team1,inferred_from_score,South Korea,Poland
2002_19,2002,South Korea,Poland,Unknown,,,False,False,team1,inferred_from_score,South Korea,Poland
2002_20,2002,USA,Portugal,Unknown,,,False,False,team1,inferred_from_score,USA,Portugal
2002_20,2002,USA,Portugal,Unknown,,,False,False,team1,inferred_from_score,USA,Portugal
2002_20,2002,USA,Portugal,Unknown,,,False,False,team1,inferred_from_score,USA,Portugal
2002_20,2002,Portugal,USA,Unknown,,,False,False,team2,inferred_from_score,Portugal,USA
2002_20,2002,Portugal,USA,Unknown,,,False,False,team2,inferred_from_score,Portugal,USA
2002_21,2002,South Korea,USA,Unknown,,,False,False,team1,inferred_from_score,South Korea,USA
2002_21,2002,USA,South Korea,Unknown,,,False,False,team2,inferred_from_score,USA,South Korea
2002_22,2002,Portugal,Poland,Unknown,,,False,False,team1,inferred_from_score,Portugal,Poland
2002_22,2002,Portugal,Poland,Unknown,,,False,False,team1,inferred_from_score,Portugal,Poland
2002_22,2002,Portugal,Poland,Unknown,,,False,False,team1,inferred_from_score,Portugal,Poland
2002_22,2002,Portugal,Poland,Unknown,,,False,False,team1,inferred_from_score,Portugal,Poland
2002_23,2002,South Korea,Portugal,Unknown,,,False,False,team2,inferred_from_score,South Korea,Portugal
2002_24,2002,Poland,USA,Unknown,,,False,False,team1,inferred_from_score,Poland,USA
2002_24,2002,Poland,USA,Unknown,,,False,False,team1,inferred_from_score,Poland,USA
2002_24,2002,Poland,USA,Unknown,,,False,False,team1,inferred_from_score,Poland,USA
2002_24,2002,USA,Poland,Unknown,,,False,False,team2,inferred_from_score,USA,Poland
2002_25,2002,Ireland,Cameroon,Unknown,,,False,False,team1,inferred_from_score,Ireland,Cameroon
2002_25,2002,Cameroon,Ireland,Unknown,,,False,False,team2,inferred_from_score,Cameroon,Ireland
2002_26,2002,Germany,Saudi Arabia,Unknown,,,False,False,team1,inferred_from_score,Germany,Saudi Arabia
2002_26,2002,Germany,Saudi Arabia,Unknown,,,False,False,team1,inferred_from_score,Germany,Saudi Arabia
2002_26,2002,Germany,Saudi Arabia,Unknown,,,False,False,team1,inferred_from_score,Germany,Saudi Arabia
2002_26,2002,Germany,Saudi Arabia,Unknown,,,False,False,team1,inferred_from_score,Germany,Saudi Arabia
2002_26,2002,Germany,Saudi Arabia,Unknown,,,False,False,team1,inferred_from_score,Germany,Saudi Arabia
2002_26,2002,Germany,Saudi Arabia,Unknown,,,False,False,team1,inferred_from_score,Germany,Saudi Arabia
2002_26,2002,Germany,Saudi Arabia,Unknown,,,False,False,team1,inferred_from_score,Germany,Saudi Arabia
2002_26,2002,Germany,Saudi Arabia,Unknown,,,False,False,team1,inferred_from_score,Germany,Saudi Arabia
2002_27,2002,Germany,Ireland,Unknown,,,False,False,team1,inferred_from_score,Germany,Ireland
2002_27,2002,Ireland,Germany,Unknown,,,False,False,team2,inferred_from_score,Ireland,Germany
2002_28,2002,Cameroon,Saudi Arabia,Unknown,,,False,False,team1,inferred_from_score,Cameroon,Saudi Arabia
2002_29,2002,Germany,Cameroon,Unknown,,,False,False,team2,inferred_from_score,Germany,Cameroon
2002_29,2002,Germany,Cameroon,Unknown,,,False,False,team2,inferred_from_score,Germany,Cameroon
2002_30,2002,Ireland,Saudi Arabia,Unknown,,,False,False,team2,inferred_from_score,Ireland,Saudi Arabia
2002_30,2002,Ireland,Saudi Arabia,Unknown,,,False,False,team2,inferred_from_score,Ireland,Saudi Arabia
2002_30,2002,Ireland,Saudi Arabia,Unknown,,,False,False,team2,inferred_from_score,Ireland,Saudi Arabia
2002_31,2002,England,Sweden,Unknown,,,False,False,team1,inferred_from_score,England,Sweden
2002_31,2002,Sweden,England,Unknown,,,False,False,team2,inferred_from_score,Sweden,England
2002_32,2002,Argentina,Nigeria,Unknown,,,False,False,team1,inferred_from_score,Argentina,Nigeria
2002_33,2002,Sweden,Nigeria,Unknown,,,False,False,team1,inferred_from_score,Sweden,Nigeria
2002_33,2002,Sweden,Nigeria,Unknown,,,False,False,team1,inferred_from_score,Sweden,Nigeria
2002_33,2002,Nigeria,Sweden,Unknown,,,False,False,team2,inferred_from_score,Nigeria,Sweden
2002_34,2002,England,Argentina,Unknown,,,False,False,team2,inferred_from_score,England,Argentina
2002_35,2002,Sweden,Argentina,Unknown,,,False,False,team1,inferred_from_score,Sweden,Argentina
2002_35,2002,Argentina,Sweden,Unknown,,,False,False,team2,inferred_from_score,Argentina,Sweden
2002_37,2002,Mexico,Croatia,Unknown,,,False,False,team2,inferred_from_score,Mexico,Croatia
2002_38,2002,Italy,Ecuador,Unknown,,,False,False,team1,inferred_from_score,Italy,Ecuador
2002_38,2002,Italy,Ecuador,Unknown,,,False,False,team1,inferred_from_score,Italy,Ecuador
2002_39,2002,Italy,Croatia,Unknown,,,False,False,team1,inferred_from_score,Italy,Croatia
2002_39,2002,Croatia,Italy,Unknown,,,False,False,team2,inferred_from_score,Croatia,Italy
2002_39,2002,Croatia,Italy,Unknown,,,False,False,team2,inferred_from_score,Croatia,Italy
2002_40,2002,Mexico,Ecuador,Unknown,,,False,False,team1,inferred_from_score,Mexico,Ecuador
2002_40,2002,Mexico,Ecuador,Unknown,,,False,False,team1,inferred_from_score,Mexico,Ecuador
2002_40,2002,Ecuador,Mexico,Unknown,,,False,False,team2,inferred_from_score,Ecuador,Mexico
2002_41,2002,Mexico,Italy,Unknown,,,False,False,team1,inferred_from_score,Mexico,Italy
2002_41,2002,Italy,Mexico,Unknown,,,False,False,team2,inferred_from_score,Italy,Mexico
2002_42,2002,Ecuador,Croatia,Unknown,,,False,False,team1,inferred_from_score,Ecuador,Croatia
2002_43,2002,Japan,Belgium,Unknown,,,False,False,team1,inferred_from_score,Japan,Belgium
2002_43,2002,Japan,Belgium,Unknown,,,False,False,team1,inferred_from_score,Japan,Belgium
2002_43,2002,Belgium,Japan,Unknown,,,False,False,team2,inferred_from_score,Belgium,Japan
2002_43,2002,Belgium,Japan,Unknown,,,False,False,team2,inferred_from_score,Belgium,Japan
2002_44,2002,Russia,Tunisia,Unknown,,,False,False,team1,inferred_from_score,Russia,Tunisia
2002_44,2002,Russia,Tunisia,Unknown,,,False,False,team1,inferred_from_score,Russia,Tunisia
2002_45,2002,Japan,Russia,Unknown,,,False,False,team1,inferred_from_score,Japan,Russia
2002_46,2002,Tunisia,Belgium,Unknown,,,False,False,team1,inferred_from_score,Tunisia,Belgium
2002_46,2002,Belgium,Tunisia,Unknown,,,False,False,team2,inferred_from_score,Belgium,Tunisia
2002_47,2002,Japan,Tunisia,Unknown,,,False,False,team2,inferred_from_score,Japan,Tunisia
2002_47,2002,Japan,Tunisia,Unknown,,,False,False,team2,inferred_from_score,Japan,Tunisia
2002_48,2002,Belgium,Russia,Unknown,,,False,False,team1,inferred_from_score,Belgium,Russia
2002_48,2002,Belgium,Russia,Unknown,,,False,False,team1,inferred_from_score,Belgium,Russia
2002_48,2002,Belgium,Russia,Unknown,,,False,False,team1,inferred_from_score,Belgium,Russia
2002_48,2002,Russia,Belgium,Unknown,,,False,False,team2,inferred_from_score,Russia,Belgium
2002_48,2002,Russia,Belgium,Unknown,,,False,False,team2,inferred_from_score,Russia,Belgium
2002_49,2002,Germany,Paraguay,Unknown,,,False,False,team1,inferred_from_score,Germany,Paraguay
2002_50,2002,England,Denmark,Unknown,,,False,False,team2,inferred_from_score,England,Denmark
2002_50,2002,England,Denmark,Unknown,,,False,False,team2,inferred_from_score,England,Denmark
2002_50,2002,England,Denmark,Unknown,,,False,False,team2,inferred_from_score,England,Denmark
2002_51,2002,Sweden,Senegal,Unknown,,,False,False,team1,inferred_from_score,Sweden,Senegal
2002_51,2002,Senegal,Sweden,Unknown,,,False,False,team2,inferred_from_score,Senegal,Sweden
2002_51,2002,Senegal,Sweden,Unknown,,,False,False,team2,inferred_from_score,Senegal,Sweden
2002_52,2002,Spain,Ireland,Unknown,,,False,False,team1,inferred_from_score,Spain,Ireland
2002_52,2002,Ireland,Spain,Unknown,,,False,False,team2,inferred_from_score,Ireland,Spain
2002_53,2002,USA,Mexico,Unknown,,,False,False,team2,inferred_from_score,USA,Mexico
2002_53,2002,USA,Mexico,Unknown,,,False,False,team2,inferred_from_score,USA,Mexico
2002_54,2002,Brazil,Belgium,Unknown,,,False,False,team1,inferred_from_score,Brazil,Belgium
2002_54,2002,Brazil,Belgium,Unknown,,,False,False,team1,inferred_from_score,Brazil,Belgium
2002_55,2002,Turkey,Japan,Unknown,,,False,False,team2,inferred_from_score,Turkey,Japan
2002_56,2002,South Korea,Italy,Unknown,,,False,False,team1,inferred_from_score,South Korea,Italy
2002_56,2002,South Korea,Italy,Unknown,,,False,False,team1,inferred_from_score,South Korea,Italy
2002_56,2002,Italy,South Korea,Unknown,,,False,False,team2,inferred_from_score,Italy,South Korea
2002_57,2002,England,Brazil,Unknown,,,False,False,team1,inferred_from_score,England,Brazil
2002_57,2002,Brazil,England,Unknown,,,False,False,team2,inferred_from_score,Brazil,England
2002_57,2002,Brazil,England,Unknown,,,False,False,team2,inferred_from_score,Brazil,England
2002_58,2002,Germany,USA,Unknown,,,False,False,team1,inferred_from_score,Germany,USA
2002_60,2002,Turkey,Senegal,Unknown,,,False,False,team2,inferred_from_score,Turkey,Senegal
2002_61,2002,Germany,South Korea,Unknown,,,False,False,team1,inferred_from_score,Germany,South Korea
2002_62,2002,Brazil,Turkey,Unknown,,,False,False,team1,inferred_from_score,Brazil,Turkey
2002_63,2002,South Korea,Turkey,Unknown,,,False,False,team1,inferred_from_score,South Korea,Turkey
2002_63,2002,South Korea,Turkey,Unknown,,,False,False,team1,inferred_from_score,South Korea,Turkey
2002_63,2002,Turkey,South Korea,Unknown,,,False,False,team2,inferred_from_score,Turkey,South Korea
2002_63,2002,Turkey,South Korea,Unknown,,,False,False,team2,inferred_from_score,Turkey,South Korea
2002_63,2002,Turkey,South Korea,Unknown,,,False,False,team2,inferred_from_score,Turkey,South Korea
2002_64,2002,Brazil,Germany,Unknown,,,False,False,team2,inferred_from_score,Brazil,Germany
2002_64,2002,Brazil,Germany,Unknown,,,False,False,team2,inferred_from_score,Brazil,Germany
2006_1,2006,Germany,Costa Rica,Unknown,,,False,False,team1,inferred_from_score,Germany,Costa Rica
2006_1,2006,Germany,Costa Rica,Unknown,,,False,False,team1,inferred_from_score,Germany,Costa Rica
2006_1,2006,Germany,Costa Rica,Unknown,,,False,False,team1,inferred_from_score,Germany,Costa Rica
2006_1,2006,Germany,Costa Rica,Unknown,,,False,False,team1,inferred_from_score,Germany,Costa Rica
2006_1,2006,Costa Rica,Germany,Unknown,,,False,False,team2,inferred_from_score,Costa Rica,Germany
2006_1,2006,Costa Rica,Germany,Unknown,,,False,False,team2,inferred_from_score,Costa Rica,Germany
2006_2,2006,Ecuador,Poland,Unknown,,,False,False,team2,inferred_from_score,Ecuador,Poland
2006_2,2006,Ecuador,Poland,Unknown,,,False,False,team2,inferred_from_score,Ecuador,Poland
2006_3,2006,Germany,Poland,Unknown,,,False,False,team1,inferred_from_score,Germany,Poland
2006_4,2006,Ecuador,Costa Rica,Unknown,,,False,False,team1,inferred_from_score,Ecuador,Costa Rica
2006_4,2006,Ecuador,Costa Rica,Unknown,,,False,False,team1,inferred_from_score,Ecuador,Costa Rica
2006_4,2006,Ecuador,Costa Rica,Unknown,,,False,False,team1,inferred_from_score,Ecuador,Costa Rica
2006_5,2006,Germany,Ecuador,Unknown,,,False,False,team2,inferred_from_score,Germany,Ecuador
2006_5,2006,Germany,Ecuador,Unknown,,,False,False,team2,inferred_from_score,Germany,Ecuador
2006_5,2006,Germany,Ecuador,Unknown,,,False,False,team2,inferred_from_score,Germany,Ecuador
2006_6,2006,Costa Rica,Poland,Unknown,,,False,False,team1,inferred_from_score,Costa Rica,Poland
2006_6,2006,Poland,Costa Rica,Unknown,,,False,False,team2,inferred_from_score,Poland,Costa Rica
2006_6,2006,Poland,Costa Rica,Unknown,,,False,False,team2,inferred_from_score,Poland,Costa Rica
2006_7,2006,England,Paraguay,Unknown,,,False,False,team1,inferred_from_score,England,Paraguay
2006_9,2006,England,Trinidad and Tobago,Unknown,,,False,False,team1,inferred_from_score,England,Trinidad and Tobago
2006_9,2006,England,Trinidad and Tobago,Unknown,,,False,False,team1,inferred_from_score,England,Trinidad and Tobago
2006_10,2006,Sweden,Paraguay,Unknown,,,False,False,team1,inferred_from_score,Sweden,Paraguay
2006_11,2006,Sweden,England,Unknown,,,False,False,team1,inferred_from_score,Sweden,England
2006_11,2006,Sweden,England,Unknown,,,False,False,team1,inferred_from_score,Sweden,England
2006_11,2006,England,Sweden,Unknown,,,False,False,team2,inferred_from_score,England,Sweden
2006_11,2006,England,Sweden,Unknown,,,False,False,team2,inferred_from_score,England,Sweden
2006_12,2006,Paraguay,Trinidad and Tobago,Unknown,,,False,False,team1,inferred_from_score,Paraguay,Trinidad and Tobago
2006_12,2006,Paraguay,Trinidad and Tobago,Unknown,,,False,False,team1,inferred_from_score,Paraguay,Trinidad and Tobago
2006_13,2006,Argentina,Côte d'Ivoire,Unknown,,,False,False,team1,inferred_from_score,Argentina,Côte d'Ivoire
2006_13,2006,Argentina,Côte d'Ivoire,Unknown,,,False,False,team1,inferred_from_score,Argentina,Côte d'Ivoire
2006_13,2006,Côte d'Ivoire,Argentina,Unknown,,,False,False,team2,inferred_from_score,Côte d'Ivoire,Argentina
2006_14,2006,Netherlands,Serbia and Montenegro,Unknown,,,False,False,team2,inferred_from_score,Netherlands,Serbia and Montenegro
2006_15,2006,Argentina,Serbia and Montenegro,Unknown,,,False,False,team1,inferred_from_score,Argentina,Serbia and Montenegro
2006_15,2006,Argentina,Serbia and Montenegro,Unknown,,,False,False,team1,inferred_from_score,Argentina,Serbia and Montenegro
2006_15,2006,Argentina,Serbia and Montenegro,Unknown,,,False,False,team1,inferred_from_score,Argentina,Serbia and Montenegro
2006_15,2006,Argentina,Serbia and Montenegro,Unknown,,,False,False,team1,inferred_from_score,Argentina,Serbia and Montenegro
2006_15,2006,Argentina,Serbia and Montenegro,Unknown,,,False,False,team1,inferred_from_score,Argentina,Serbia and Montenegro
2006_15,2006,Argentina,Serbia and Montenegro,Unknown,,,False,False,team1,inferred_from_score,Argentina,Serbia and Montenegro
2006_16,2006,Netherlands,Côte d'Ivoire,Unknown,,,False,False,team1,inferred_from_score,Netherlands,Côte d'Ivoire
2006_16,2006,Netherlands,Côte d'Ivoire,Unknown,,,False,False,team1,inferred_from_score,Netherlands,Côte d'Ivoire
2006_16,2006,Côte d'Ivoire,Netherlands,Unknown,,,False,False,team2,inferred_from_score,Côte d'Ivoire,Netherlands
2006_18,2006,Côte d'Ivoire,Serbia and Montenegro,Unknown,,,False,False,team1,inferred_from_score,Côte d'Ivoire,Serbia and Montenegro
2006_18,2006,Côte d'Ivoire,Serbia and Montenegro,Unknown,,,False,False,team1,inferred_from_score,Côte d'Ivoire,Serbia and Montenegro
2006_18,2006,Côte d'Ivoire,Serbia and Montenegro,Unknown,,,False,False,team1,inferred_from_score,Côte d'Ivoire,Serbia and Montenegro
2006_18,2006,Serbia and Montenegro,Côte d'Ivoire,Unknown,,,False,False,team2,inferred_from_score,Serbia and Montenegro,Côte d'Ivoire
2006_18,2006,Serbia and Montenegro,Côte d'Ivoire,Unknown,,,False,False,team2,inferred_from_score,Serbia and Montenegro,Côte d'Ivoire
2006_19,2006,Mexico,Iran,Unknown,,,False,False,team1,inferred_from_score,Mexico,Iran
2006_19,2006,Mexico,Iran,Unknown,,,False,False,team1,inferred_from_score,Mexico,Iran
2006_19,2006,Mexico,Iran,Unknown,,,False,False,team1,inferred_from_score,Mexico,Iran
2006_19,2006,Iran,Mexico,Unknown,,,False,False,team2,inferred_from_score,Iran,Mexico
2006_20,2006,Portugal,Angola,Unknown,,,False,False,team2,inferred_from_score,Portugal,Angola
2006_22,2006,Portugal,Iran,Unknown,,,False,False,team1,inferred_from_score,Portugal,Iran
2006_22,2006,Portugal,Iran,Unknown,,,False,False,team1,inferred_from_score,Portugal,Iran
2006_23,2006,Portugal,Mexico,Unknown,,,False,False,team1,inferred_from_score,Portugal,Mexico
2006_23,2006,Portugal,Mexico,Unknown,,,False,False,team1,inferred_from_score,Portugal,Mexico
2006_23,2006,Mexico,Portugal,Unknown,,,False,False,team2,inferred_from_score,Mexico,Portugal
2006_24,2006,Iran,Angola,Unknown,,,False,False,team1,inferred_from_score,Iran,Angola
2006_24,2006,Angola,Iran,Unknown,,,False,False,team2,inferred_from_score,Angola,Iran
2006_25,2006,Italy,Ghana,Unknown,,,False,False,team1,inferred_from_score,Italy,Ghana
2006_25,2006,Italy,Ghana,Unknown,,,False,False,team1,inferred_from_score,Italy,Ghana
2006_26,2006,Czech Republic,USA,Unknown,,,False,False,team2,inferred_from_score,Czech Republic,USA
2006_26,2006,Czech Republic,USA,Unknown,,,False,False,team2,inferred_from_score,Czech Republic,USA
2006_26,2006,Czech Republic,USA,Unknown,,,False,False,team2,inferred_from_score,Czech Republic,USA
2006_27,2006,Italy,USA,Unknown,,,False,False,team1,inferred_from_score,Italy,USA
2006_27,2006,USA,Italy,Unknown,,,False,False,team2,inferred_from_score,USA,Italy
2006_28,2006,Ghana,Czech Republic,Unknown,,,False,False,team2,inferred_from_score,Ghana,Czech Republic
2006_28,2006,Ghana,Czech Republic,Unknown,,,False,False,team2,inferred_from_score,Ghana,Czech Republic
2006_29,2006,Italy,Czech Republic,Unknown,,,False,False,team2,inferred_from_score,Italy,Czech Republic
2006_29,2006,Italy,Czech Republic,Unknown,,,False,False,team2,inferred_from_score,Italy,Czech Republic
2006_30,2006,Ghana,USA,Unknown,,,False,False,team1,inferred_from_score,Ghana,USA
2006_30,2006,Ghana,USA,Unknown,,,False,False,team1,inferred_from_score,Ghana,USA
2006_30,2006,USA,Ghana,Unknown,,,False,False,team2,inferred_from_score,USA,Ghana
2006_31,2006,Brazil,Croatia,Unknown,,,False,False,team1,inferred_from_score,Brazil,Croatia
2006_32,2006,Australia,Japan,Unknown,,,False,False,team1,inferred_from_score,Australia,Japan
2006_32,2006,Australia,Japan,Unknown,,,False,False,team1,inferred_from_score,Australia,Japan
2006_32,2006,Australia,Japan,Unknown,,,False,False,team1,inferred_from_score,Australia,Japan
2006_32,2006,Japan,Australia,Unknown,,,False,False,team2,inferred_from_score,Japan,Australia
2006_33,2006,Brazil,Australia,Unknown,,,False,False,team1,inferred_from_score,Brazil,Australia
2006_33,2006,Brazil,Australia,Unknown,,,False,False,team1,inferred_from_score,Brazil,Australia
2006_35,2006,Japan,Brazil,Unknown,,,False,False,team1,inferred_from_score,Japan,Brazil
2006_35,2006,Brazil,Japan,Unknown,,,False,False,team2,inferred_from_score,Brazil,Japan
2006_35,2006,Brazil,Japan,Unknown,,,False,False,team2,inferred_from_score,Brazil,Japan
2006_35,2006,Brazil,Japan,Unknown,,,False,False,team2,inferred_from_score,Brazil,Japan
2006_35,2006,Brazil,Japan,Unknown,,,False,False,team2,inferred_from_score,Brazil,Japan
2006_36,2006,Croatia,Australia,Unknown,,,False,False,team1,inferred_from_score,Croatia,Australia
2006_36,2006,Croatia,Australia,Unknown,,,False,False,team1,inferred_from_score,Croatia,Australia
2006_36,2006,Australia,Croatia,Unknown,,,False,False,team2,inferred_from_score,Australia,Croatia
2006_36,2006,Australia,Croatia,Unknown,,,False,False,team2,inferred_from_score,Australia,Croatia
2006_38,2006,South Korea,Togo,Unknown,,,False,False,team1,inferred_from_score,South Korea,Togo
2006_38,2006,South Korea,Togo,Unknown,,,False,False,team1,inferred_from_score,South Korea,Togo
2006_38,2006,Togo,South Korea,Unknown,,,False,False,team2,inferred_from_score,Togo,South Korea
2006_39,2006,France,South Korea,Unknown,,,False,False,team1,inferred_from_score,France,South Korea
2006_39,2006,South Korea,France,Unknown,,,False,False,team2,inferred_from_score,South Korea,France
2006_40,2006,Switzerland,Togo,Unknown,,,False,False,team2,inferred_from_score,Switzerland,Togo
2006_40,2006,Switzerland,Togo,Unknown,,,False,False,team2,inferred_from_score,Switzerland,Togo
2006_41,2006,France,Togo,Unknown,,,False,False,team2,inferred_from_score,France,Togo
2006_41,2006,France,Togo,Unknown,,,False,False,team2,inferred_from_score,France,Togo
2006_42,2006,Switzerland,South Korea,Unknown,,,False,False,team1,inferred_from_score,Switzerland,South Korea
2006_42,2006,Switzerland,South Korea,Unknown,,,False,False,team1,inferred_from_score,Switzerland,South Korea
2006_43,2006,Spain,Ukraine,Unknown,,,False,False,team1,inferred_from_score,Spain,Ukraine
2006_43,2006,Spain,Ukraine,Unknown,,,False,False,team1,inferred_from_score,Spain,Ukraine
2006_43,2006,Spain,Ukraine,Unknown,,,False,False,team1,inferred_from_score,Spain,Ukraine
2006_43,2006,Spain,Ukraine,Unknown,,,False,False,team1,inferred_from_score,Spain,Ukraine
2006_44,2006,Tunisia,Saudi Arabia,Unknown,,,False,False,team1,inferred_from_score,Tunisia,Saudi Arabia
2006_44,2006,Tunisia,Saudi Arabia,Unknown,,,False,False,team1,inferred_from_score,Tunisia,Saudi Arabia
2006_44,2006,Saudi Arabia,Tunisia,Unknown,,,False,False,team2,inferred_from_score,Saudi Arabia,Tunisia
2006_44,2006,Saudi Arabia,Tunisia,Unknown,,,False,False,team2,inferred_from_score,Saudi Arabia,Tunisia
2006_45,2006,Spain,Tunisia,Unknown,,,False,False,team1,inferred_from_score,Spain,Tunisia
2006_45,2006,Spain,Tunisia,Unknown,,,False,False,team1,inferred_from_score,Spain,Tunisia
2006_45,2006,Spain,Tunisia,Unknown,,,False,False,team1,inferred_from_score,Spain,Tunisia
2006_45,2006,Tunisia,Spain,Unknown,,,False,False,team2,inferred_from_score,Tunisia,Spain
2006_46,2006,Ukraine,Saudi Arabia,Unknown,,,False,False,team2,inferred_from_score,Ukraine,Saudi Arabia
2006_46,2006,Ukraine,Saudi Arabia,Unknown,,,False,False,team2,inferred_from_score,Ukraine,Saudi Arabia
2006_46,2006,Ukraine,Saudi Arabia,Unknown,,,False,False,team2,inferred_from_score,Ukraine,Saudi Arabia
2006_46,2006,Ukraine,Saudi Arabia,Unknown,,,False,False,team2,inferred_from_score,Ukraine,Saudi Arabia
2006_47,2006,Spain,Saudi Arabia,Unknown,,,False,False,team2,inferred_from_score,Spain,Saudi Arabia
2006_48,2006,Ukraine,Tunisia,Unknown,,,False,False,team1,inferred_from_score,Ukraine,Tunisia
2006_49,2006,Germany,Sweden,Unknown,,,False,False,team1,inferred_from_score,Germany,Sweden
2006_49,2006,Germany,Sweden,Unknown,,,False,False,team1,inferred_from_score,Germany,Sweden
2006_50,2006,Argentina,Mexico,Unknown,,,False,False,team1,inferred_from_score,Argentina,Mexico
2006_50,2006,Argentina,Mexico,Unknown,,,False,False,team1,inferred_from_score,Argentina,Mexico
2006_50,2006,Mexico,Argentina,Unknown,,,False,False,team2,inferred_from_score,Mexico,Argentina
2006_51,2006,England,Ecuador,Unknown,,,False,False,team1,inferred_from_score,England,Ecuador
2006_52,2006,Portugal,Netherlands,Unknown,,,False,False,team1,inferred_from_score,Portugal,Netherlands
2006_53,2006,Italy,Australia,Unknown,,,False,False,team1,inferred_from_score,Italy,Australia
2006_55,2006,Brazil,Ghana,Unknown,,,False,False,team1,inferred_from_score,Brazil,Ghana
2006_55,2006,Brazil,Ghana,Unknown,,,False,False,team1,inferred_from_score,Brazil,Ghana
2006_55,2006,Brazil,Ghana,Unknown,,,False,False,team1,inferred_from_score,Brazil,Ghana
2006_56,2006,Spain,France,Unknown,,,False,False,team1,inferred_from_score,Spain,France
2006_56,2006,France,Spain,Unknown,,,False,False,team2,inferred_from_score,France,Spain
2006_56,2006,France,Spain,Unknown,,,False,False,team2,inferred_from_score,France,Spain
2006_56,2006,France,Spain,Unknown,,,False,False,team2,inferred_from_score,France,Spain
2006_57,2006,Germany,Argentina,Unknown,,,False,False,team1,inferred_from_score,Germany,Argentina
2006_57,2006,Argentina,Germany,Unknown,,,False,False,team2,inferred_from_score,Argentina,Germany
2006_58,2006,Italy,Ukraine,Unknown,,,False,False,team1,inferred_from_score,Italy,Ukraine
2006_58,2006,Italy,Ukraine,Unknown,,,False,False,team1,inferred_from_score,Italy,Ukraine
2006_58,2006,Italy,Ukraine,Unknown,,,False,False,team1,inferred_from_score,Italy,Ukraine
2006_60,2006,France,Brazil,Unknown,,,False,False,team2,inferred_from_score,France,Brazil
2006_61,2006,Italy,Germany,Grosso,119.0,,False,False,team2,event,Italy,Germany
2006_61,2006,Italy,Germany,Del Piero,120.0,1.0,False,False,team2,event,Italy,Germany
2006_62,2006,France,Portugal,Zidane,33.0,,True,False,team2,event,France,Portugal
2006_63,2006,Germany,Portugal,Schweinsteiger,56.0,,False,False,team1,event,Germany,Portugal
2006_63,2006,Germany,Portugal,Schweinsteiger,78.0,,False,False,team1,event,Germany,Portugal
2006_63,2006,Germany,Portugal,Petit,60.0,,False,True,team1,event,Germany,Portugal
2006_63,2006,Portugal,Germany,Nuno Gomes,88.0,,False,False,team2,event,Portugal,Germany
2006_64,2006,Italy,France,Materazzi,19.0,,False,False,team1,event,Italy,France
2006_64,2006,France,Italy,Zidane,7.0,,True,False,team2,event,France,Italy
2010_1,2010,South Africa,Mexico,Unknown,,,False,False,team1,inferred_from_score,South Africa,Mexico
2010_1,2010,Mexico,South Africa,Unknown,,,False,False,team2,inferred_from_score,Mexico,South Africa
2010_3,2010,Uruguay,South Africa,Unknown,,,False,False,team2,inferred_from_score,Uruguay,South Africa
2010_3,2010,Uruguay,South Africa,Unknown,,,False,False,team2,inferred_from_score,Uruguay,South Africa
2010_3,2010,Uruguay,South Africa,Unknown,,,False,False,team2,inferred_from_score,Uruguay,South Africa
2010_4,2010,Mexico,France,Unknown,,,False,False,team2,inferred_from_score,Mexico,France
2010_4,2010,Mexico,France,Unknown,,,False,False,team2,inferred_from_score,Mexico,France
2010_5,2010,Uruguay,Mexico,Unknown,,,False,False,team2,inferred_from_score,Uruguay,Mexico
2010_6,2010,France,South Africa,Unknown,,,False,False,team1,inferred_from_score,France,South Africa
2010_6,2010,South Africa,France,Unknown,,,False,False,team2,inferred_from_score,South Africa,France
2010_6,2010,South Africa,France,Unknown,,,False,False,team2,inferred_from_score,South Africa,France
2010_7,2010,South Korea,Greece,Unknown,,,False,False,team1,inferred_from_score,South Korea,Greece
2010_7,2010,South Korea,Greece,Unknown,,,False,False,team1,inferred_from_score,South Korea,Greece
2010_8,2010,Argentina,Nigeria,Unknown,,,False,False,team1,inferred_from_score,Argentina,Nigeria
2010_9,2010,Argentina,South Korea,Unknown,,,False,False,team1,inferred_from_score,Argentina,South Korea
2010_9,2010,Argentina,South Korea,Unknown,,,False,False,team1,inferred_from_score,Argentina,South Korea
2010_9,2010,Argentina,South Korea,Unknown,,,False,False,team1,inferred_from_score,Argentina,South Korea
2010_9,2010,Argentina,South Korea,Unknown,,,False,False,team1,inferred_from_score,Argentina,South Korea
2010_9,2010,South Korea,Argentina,Unknown,,,False,False,team2,inferred_from_score,South Korea,Argentina
2010_10,2010,Greece,Nigeria,Unknown,,,False,False,team1,inferred_from_score,Greece,Nigeria
2010_10,2010,Greece,Nigeria,Unknown,,,False,False,team1,inferred_from_score,Greece,Nigeria
2010_10,2010,Nigeria,Greece,Unknown,,,False,False,team2,inferred_from_score,Nigeria,Greece
2010_11,2010,Nigeria,South Korea,Unknown,,,False,False,team1,inferred_from_score,Nigeria,South Korea
2010_11,2010,Nigeria,South Korea,Unknown,,,False,False,team1,inferred_from_score,Nigeria,South Korea
2010_11,2010,South Korea,Nigeria,Unknown,,,False,False,team2,inferred_from_score,South Korea,Nigeria
2010_11,2010,South Korea,Nigeria,Unknown,,,False,False,team2,inferred_from_score,South Korea,Nigeria
2010_12,2010,Argentina,Greece,Unknown,,,False,False,team2,inferred_from_score,Argentina,Greece
2010_12,2010,Argentina,Greece,Unknown,,,False,False,team2,inferred_from_score,Argentina,Greece
2010_13,2010,England,USA,Unknown,,,False,False,team1,inferred_from_score,England,USA
2010_13,2010,USA,England,Unknown,,,False,False,team2,inferred_from_score,USA,England
2010_14,2010,Slovenia,Algeria,Unknown,,,False,False,team2,inferred_from_score,Slovenia,Algeria
2010_15,2010,Slovenia,USA,Unknown,,,False,False,team1,inferred_from_score,Slovenia,USA
2010_15,2010,Slovenia,USA,Unknown,,,False,False,team1,inferred_from_score,Slovenia,USA
2010_15,2010,USA,Slovenia,Unknown,,,False,False,team2,inferred_from_score,USA,Slovenia
2010_15,2010,USA,Slovenia,Unknown,,,False,False,team2,inferred_from_score,USA,Slovenia
2010_17,2010,USA,Algeria,Unknown,,,False,False,team1,inferred_from_score,USA,Algeria
2010_18,2010,England,Slovenia,Unknown,,,False,False,team2,inferred_from_score,England,Slovenia
2010_19,2010,Ghana,Serbia,Unknown,,,False,False,team2,inferred_from_score,Ghana,Serbia
2010_20,2010,Germany,Australia,Unknown,,,False,False,team1,inferred_from_score,Germany,Australia
2010_20,2010,Germany,Australia,Unknown,,,False,False,team1,inferred_from_score,Germany,Australia
2010_20,2010,Germany,Australia,Unknown,,,False,False,team1,inferred_from_score,Germany,Australia
2010_20,2010,Germany,Australia,Unknown,,,False,False,team1,inferred_from_score,Germany,Australia
2010_21,2010,Serbia,Germany,Unknown,,,False,False,team2,inferred_from_score,Serbia,Germany
2010_22,2010,Ghana,Australia,Unknown,,,False,False,team1,inferred_from_score,Ghana,Australia
2010_22,2010,Australia,Ghana,Unknown,,,False,False,team2,inferred_from_score,Australia,Ghana
2010_23,2010,Australia,Serbia,Unknown,,,False,False,team1,inferred_from_score,Australia,Serbia
2010_23,2010,Australia,Serbia,Unknown,,,False,False,team1,inferred_from_score,Australia,Serbia
2010_23,2010,Serbia,Australia,Unknown,,,False,False,team2,inferred_from_score,Serbia,Australia
2010_24,2010,Germany,Ghana,Unknown,,,False,False,team2,inferred_from_score,Germany,Ghana
2010_25,2010,Netherlands,Denmark,Unknown,,,False,False,team1,inferred_from_score,Netherlands,Denmark
2010_25,2010,Netherlands,Denmark,Unknown,,,False,False,team1,inferred_from_score,Netherlands,Denmark
2010_26,2010,Japan,Cameroon,Unknown,,,False,False,team1,inferred_from_score,Japan,Cameroon
2010_27,2010,Netherlands,Japan,Unknown,,,False,False,team1,inferred_from_score,Netherlands,Japan
2010_28,2010,Cameroon,Denmark,Unknown,,,False,False,team1,inferred_from_score,Cameroon,Denmark
2010_28,2010,Denmark,Cameroon,Unknown,,,False,False,team2,inferred_from_score,Denmark,Cameroon
2010_28,2010,Denmark,Cameroon,Unknown,,,False,False,team2,inferred_from_score,Denmark,Cameroon
2010_29,2010,Denmark,Japan,Unknown,,,False,False,team1,inferred_from_score,Denmark,Japan
2010_29,2010,Japan,Denmark,Unknown,,,False,False,team2,inferred_from_score,Japan,Denmark
2010_29,2010,Japan,Denmark,Unknown,,,False,False,team2,inferred_from_score,Japan,Denmark
2010_29,2010,Japan,Denmark,Unknown,,,False,False,team2,inferred_from_score,Japan,Denmark
2010_30,2010,Cameroon,Netherlands,Unknown,,,False,False,team1,inferred_from_score,Cameroon,Netherlands
2010_30,2010,Netherlands,Cameroon,Unknown,,,False,False,team2,inferred_from_score,Netherlands,Cameroon
2010_30,2010,Netherlands,Cameroon,Unknown,,,False,False,team2,inferred_from_score,Netherlands,Cameroon
2010_31,2010,Italy,Paraguay,Unknown,,,False,False,team1,inferred_from_score,Italy,Paraguay
2010_31,2010,Paraguay,Italy,Unknown,,,False,False,team2,inferred_from_score,Paraguay,Italy
2010_32,2010,New Zealand,Slovakia,Unknown,,,False,False,team1,inferred_from_score,New Zealand,Slovakia
2010_32,2010,Slovakia,New Zealand,Unknown,,,False,False,team2,inferred_from_score,Slovakia,New Zealand
2010_33,2010,Paraguay,Slovakia,Unknown,,,False,False,team2,inferred_from_score,Paraguay,Slovakia
2010_33,2010,Paraguay,Slovakia,Unknown,,,False,False,team2,inferred_from_score,Paraguay,Slovakia
2010_34,2010,Italy,New Zealand,Unknown,,,False,False,team1,inferred_from_score,Italy,New Zealand
2010_34,2010,New Zealand,Italy,Unknown,,,False,False,team2,inferred_from_score,New Zealand,Italy
2010_35,2010,Slovakia,Italy,Unknown,,,False,False,team1,inferred_from_score,Slovakia,Italy
2010_35,2010,Slovakia,Italy,Unknown,,,False,False,team1,inferred_from_score,Slovakia,Italy
2010_35,2010,Slovakia,Italy,Unknown,,,False,False,team1,inferred_from_score,Slovakia,Italy
2010_35,2010,Italy,Slovakia,Unknown,,,False,False,team2,inferred_from_score,Italy,Slovakia
2010_35,2010,Italy,Slovakia,Unknown,,,False,False,team2,inferred_from_score,Italy,Slovakia
2010_38,2010,Brazil,North Korea,Unknown,,,False,False,team1,inferred_from_score,Brazil,North Korea
2010_38,2010,Brazil,North Korea,Unknown,,,False,False,team1,inferred_from_score,Brazil,North Korea
2010_38,2010,North Korea,Brazil,Unknown,,,False,False,team2,inferred_from_score,North Korea,Brazil
2010_39,2010,Brazil,Côte d'Ivoire,Unknown,,,False,False,team1,inferred_from_score,Brazil,Côte d'Ivoire
2010_39,2010,Brazil,Côte d'Ivoire,Unknown,,,False,False,team1,inferred_from_score,Brazil,Côte d'Ivoire
2010_39,2010,Brazil,Côte d'Ivoire,Unknown,,,False,False,team1,inferred_from_score,Brazil,Côte d'Ivoire
2010_39,2010,Côte d'Ivoire,Brazil,Unknown,,,False,False,team2,inferred_from_score,Côte d'Ivoire,Brazil
2010_40,2010,Portugal,North Korea,Unknown,,,False,False,team1,inferred_from_score,Portugal,North Korea
2010_40,2010,Portugal,North Korea,Unknown,,,False,False,team1,inferred_from_score,Portugal,North Korea
2010_40,2010,Portugal,North Korea,Unknown,,,False,False,team1,inferred_from_score,Portugal,North Korea
2010_40,2010,Portugal,North Korea,Unknown,,,False,False,team1,inferred_from_score,Portugal,North Korea
2010_40,2010,Portugal,North Korea,Unknown,,,False,False,team1,inferred_from_score,Portugal,North Korea
2010_40,2010,Portugal,North Korea,Unknown,,,False,False,team1,inferred_from_score,Portugal,North Korea
2010_40,2010,Portugal,North Korea,Unknown,,,False,False,team1,inferred_from_score,Portugal,North Korea
2010_42,2010,Côte d'Ivoire,North Korea,Unknown,,,False,False,team2,inferred_from_score,Côte d'Ivoire,North Korea
2010_42,2010,Côte d'Ivoire,North Korea,Unknown,,,False,False,team2,inferred_from_score,Côte d'Ivoire,North Korea
2010_42,2010,Côte d'Ivoire,North Korea,Unknown,,,False,False,team2,inferred_from_score,Côte d'Ivoire,North Korea
2010_43,2010,Chile,Honduras,Unknown,,,False,False,team2,inferred_from_score,Chile,Honduras
2010_44,2010,Switzerland,Spain,Unknown,,,False,False,team2,inferred_from_score,Switzerland,Spain
2010_45,2010,Chile,Switzerland,Unknown,,,False,False,team1,inferred_from_score,Chile,Switzerland
2010_46,2010,Spain,Honduras,Unknown,,,False,False,team1,inferred_from_score,Spain,Honduras
2010_46,2010,Spain,Honduras,Unknown,,,False,False,team1,inferred_from_score,Spain,Honduras
2010_47,2010,Chile,Spain,Unknown,,,False,False,team1,inferred_from_score,Chile,Spain
2010_47,2010,Spain,Chile,Unknown,,,False,False,team2,inferred_from_score,Spain,Chile
2010_47,2010,Spain,Chile,Unknown,,,False,False,team2,inferred_from_score,Spain,Chile
2010_49,2010,Uruguay,South Korea,Unknown,,,False,False,team1,inferred_from_score,Uruguay,South Korea
2010_49,2010,Uruguay,South Korea,Unknown,,,False,False,team1,inferred_from_score,Uruguay,South Korea
2010_49,2010,South Korea,Uruguay,Unknown,,,False,False,team2,inferred_from_score,South Korea,Uruguay
2010_50,2010,USA,Ghana,Unknown,,,False,False,team1,inferred_from_score,USA,Ghana
2010_50,2010,Ghana,USA,Unknown,,,False,False,team2,inferred_from_score,Ghana,USA
2010_50,2010,Ghana,USA,Unknown,,,False,False,team2,inferred_from_score,Ghana,USA
2010_51,2010,Germany,England,Unknown,,,False,False,team1,inferred_from_score,Germany,England
2010_51,2010,Germany,England,Unknown,,,False,False,team1,inferred_from_score,Germany,England
2010_51,2010,Germany,England,Unknown,,,False,False,team1,inferred_from_score,Germany,England
2010_51,2010,Germany,England,Unknown,,,False,False,team1,inferred_from_score,Germany,England
2010_51,2010,England,Germany,Unknown,,,False,False,team2,inferred_from_score,England,Germany
2010_52,2010,Argentina,Mexico,Unknown,,,False,False,team1,inferred_from_score,Argentina,Mexico
2010_52,2010,Argentina,Mexico,Unknown,,,False,False,team1,inferred_from_score,Argentina,Mexico
2010_52,2010,Argentina,Mexico,Unknown,,,False,False,team1,inferred_from_score,Argentina,Mexico
2010_52,2010,Mexico,Argentina,Unknown,,,False,False,team2,inferred_from_score,Mexico,Argentina
2010_53,2010,Netherlands,Slovakia,Unknown,,,False,False,team1,inferred_from_score,Netherlands,Slovakia
2010_53,2010,Netherlands,Slovakia,Unknown,,,False,False,team1,inferred_from_score,Netherlands,Slovakia
2010_53,2010,Slovakia,Netherlands,Unknown,,,False,False,team2,inferred_from_score,Slovakia,Netherlands
2010_54,2010,Brazil,Chile,Unknown,,,False,False,team1,inferred_from_score,Brazil,Chile
2010_54,2010,Brazil,Chile,Unknown,,,False,False,team1,inferred_from_score,Brazil,Chile
2010_54,2010,Brazil,Chile,Unknown,,,False,False,team1,inferred_from_score,Brazil,Chile
2010_56,2010,Spain,Portugal,Unknown,,,False,False,team1,inferred_from_score,Spain,Portugal
2010_57,2010,Netherlands,Brazil,Unknown,,,False,False,team1,inferred_from_score,Netherlands,Brazil
2010_57,2010,Netherlands,Brazil,Unknown,,,False,False,team1,inferred_from_score,Netherlands,Brazil
2010_57,2010,Brazil,Netherlands,Unknown,,,False,False,team2,inferred_from_score,Brazil,Netherlands
2010_58,2010,Uruguay,Ghana,Unknown,,,False,False,team1,inferred_from_score,Uruguay,Ghana
2010_58,2010,Ghana,Uruguay,Unknown,,,False,False,team2,inferred_from_score,Ghana,Uruguay
2010_59,2010,Germany,Argentina,Unknown,,,False,False,team2,inferred_from_score,Germany,Argentina
2010_59,2010,Germany,Argentina,Unknown,,,False,False,team2,inferred_from_score,Germany,Argentina
2010_59,2010,Germany,Argentina,Unknown,,,False,False,team2,inferred_from_score,Germany,Argentina
2010_59,2010,Germany,Argentina,Unknown,,,False,False,team2,inferred_from_score,Germany,Argentina
2010_60,2010,Spain,Paraguay,Unknown,,,False,False,team2,inferred_from_score,Spain,Paraguay
2010_61,2010,Uruguay,Netherlands,Unknown,,,False,False,team1,inferred_from_score,Uruguay,Netherlands
2010_61,2010,Uruguay,Netherlands,Unknown,,,False,False,team1,inferred_from_score,Uruguay,Netherlands
2010_61,2010,Netherlands,Uruguay,Unknown,,,False,False,team2,inferred_from_score,Netherlands,Uruguay
2010_61,2010,Netherlands,Uruguay,Unknown,,,False,False,team2,inferred_from_score,Netherlands,Uruguay
2010_61,2010,Netherlands,Uruguay,Unknown,,,False,False,team2,inferred_from_score,Netherlands,Uruguay
2010_62,2010,Spain,Germany,Unknown,,,False,False,team2,inferred_from_score,Spain,Germany
2010_63,2010,Uruguay,Germany,Unknown,,,False,False,team1,inferred_from_score,Uruguay,Germany
2010_63,2010,Uruguay,Germany,Unknown,,,False,False,team1,inferred_from_score,Uruguay,Germany
2010_63,2010,Germany,Uruguay,Unknown,,,False,False,team2,inferred_from_score,Germany,Uruguay
2010_63,2010,Germany,Uruguay,Unknown,,,False,False,team2,inferred_from_score,Germany,Uruguay
2010_63,2010,Germany,Uruguay,Unknown,,,False,False,team2,inferred_from_score,Germany,Uruguay
2010_64,2010,Spain,Netherlands,Unknown,,,False,False,team2,inferred_from_score,Spain,Netherlands
2014_1,2014,Brazil,Croatia,Neymar,29.0,,False,False,team1,event,Brazil,Croatia
2014_1,2014,Brazil,Croatia,Neymar,71.0,,True,False,team1,event,Brazil,Croatia
2014_1,2014,Brazil,Croatia,Oscar,90.0,1.0,False,False,team1,event,Brazil,Croatia
2014_1,2014,Croatia,Brazil,Marcelo,11.0,,False,True,team2,event,Croatia,Brazil
2014_2,2014,Mexico,Cameroon,Oribe Peralta,61.0,,False,False,team1,event,Mexico,Cameroon
2014_4,2014,Croatia,Cameroon,Ivica Olić,11.0,,False,False,team2,event,Croatia,Cameroon
2014_4,2014,Croatia,Cameroon,Ivan Perišić,48.0,,False,False,team2,event,Croatia,Cameroon
2014_4,2014,Croatia,Cameroon,Mario Mandžukić,61.0,,False,False,team2,event,Croatia,Cameroon
2014_4,2014,Croatia,Cameroon,Mario Mandžukić,73.0,,False,False,team2,event,Croatia,Cameroon
2014_5,2014,Cameroon,Brazil,Joel Matip,26.0,,False,False,team1,event,Cameroon,Brazil
2014_5,2014,Brazil,Cameroon,Neymar,17.0,,False,False,team2,event,Brazil,Cameroon
2014_5,2014,Brazil,Cameroon,Neymar,35.0,,False,False,team2,event,Brazil,Cameroon
2014_5,2014,Brazil,Cameroon,Fred,49.0,,False,False,team2,event,Brazil,Cameroon
2014_5,2014,Brazil,Cameroon,Fernandinho,84.0,,False,False,team2,event,Brazil,Cameroon
2014_6,2014,Croatia,Mexico,Ivan Perišić,87.0,,False,False,team1,event,Croatia,Mexico
2014_6,2014,Mexico,Croatia,Rafael Márquez,72.0,,False,False,team2,event,Mexico,Croatia
2014_6,2014,Mexico,Croatia,Andres Guardado,75.0,,False,False,team2,event,Mexico,Croatia
2014_6,2014,Mexico,Croatia,Javier Hernández,82.0,,False,False,team2,event,Mexico,Croatia
2014_7,2014,Spain,Netherlands,Xabi Alonso,27.0,,True,False,team1,event,Spain,Netherlands
2014_7,2014,Netherlands,Spain,Robin Van Persie,44.0,,False,False,team2,event,Netherlands,Spain
2014_7,2014,Netherlands,Spain,Robin Van Persie,72.0,,False,False,team2,event,Netherlands,Spain
2014_7,2014,Netherlands,Spain,Arjen Robben,53.0,,False,False,team2,event,Netherlands,Spain
2014_7,2014,Netherlands,Spain,Arjen Robben,80.0,,False,False,team2,event,Netherlands,Spain
2014_7,2014,Netherlands,Spain,Stefan De Vrij,65.0,,False,False,team2,event,Netherlands,Spain
2014_8,2014,Chile,Australia,Alexis Sánchez,12.0,,False,False,team1,event,Chile,Australia
2014_8,2014,Chile,Australia,Jorge Valdívia,14.0,,False,False,team1,event,Chile,Australia
2014_8,2014,Chile,Australia,Jean Beausejour,90.0,2.0,False,False,team1,event,Chile,Australia
2014_8,2014,Australia,Chile,Cahill,35.0,,False,False,team2,event,Australia,Chile
2014_9,2014,Australia,Netherlands,Tim Cahill,21.0,,False,False,team1,event,Australia,Netherlands
2014_9,2014,Australia,Netherlands,Mile Jedinak,54.0,,True,False,team1,event,Australia,Netherlands
2014_9,2014,Netherlands,Australia,Arjen Robben,20.0,,False,False,team2,event,Netherlands,Australia
2014_9,2014,Netherlands,Australia,Robin Van Persie,58.0,,False,False,team2,event,Netherlands,Australia
2014_9,2014,Netherlands,Australia,Memphis Depay,68.0,,False,False,team2,event,Netherlands,Australia
2014_10,2014,Chile,Spain,Eduardo Vargas,20.0,,False,False,team2,event,Chile,Spain
2014_10,2014,Chile,Spain,Charles Aránguiz,43.0,,False,False,team2,event,Chile,Spain
2014_11,2014,Spain,Australia,David Villa,36.0,,False,False,team2,event,Spain,Australia
2014_11,2014,Spain,Australia,Fernando Torres,69.0,,False,False,team2,event,Spain,Australia
2014_11,2014,Spain,Australia,Juan Mata,82.0,,False,False,team2,event,Spain,Australia
2014_12,2014,Netherlands,Chile,Leroy Fer,77.0,,False,False,team1,event,Netherlands,Chile
2014_12,2014,Netherlands,Chile,Memphis Depay,90.0,2.0,False,False,team1,event,Netherlands,Chile
2014_13,2014,Colombia,Greece,Pablo Armero,5.0,,False,False,team1,event,Colombia,Greece
2014_13,2014,Colombia,Greece,Teofilo Gutiérrez,58.0,,False,False,team1,event,Colombia,Greece
2014_13,2014,Colombia,Greece,James Rodríguez,90.0,3.0,False,False,team1,event,Colombia,Greece
2014_14,2014,Côte d'Ivoire,Japan,Wilfried Bony,64.0,,False,False,team1,event,Côte d'Ivoire,Japan
2014_14,2014,Côte d'Ivoire,Japan,Gervinho,66.0,,False,False,team1,event,Côte d'Ivoire,Japan
2014_14,2014,Japan,Côte d'Ivoire,Keisuke Honda,16.0,,False,False,team2,event,Japan,Côte d'Ivoire
2014_15,2014,Colombia,Côte d'Ivoire,James Rodríguez,64.0,,False,False,team1,event,Colombia,Côte d'Ivoire
2014_15,2014,Colombia,Côte d'Ivoire,Juan Quintero,70.0,,False,False,team1,event,Colombia,Côte d'Ivoire
2014_15,2014,Côte d'Ivoire,Colombia,Gervinho,73.0,,False,False,team2,event,Côte d'Ivoire,Colombia
2014_17,2014,Japan,Colombia,Shinji Okazaki,45.0,1.0,False,False,team1,event,Japan,Colombia
2014_17,2014,Colombia,Japan,Juan Cuadrado,17.0,,True,False,team2,event,Colombia,Japan
2014_17,2014,Colombia,Japan,Jackson Martínez,55.0,,False,False,team2,event,Colombia,Japan
2014_17,2014,Colombia,Japan,Jackson Martínez,82.0,,False,False,team2,event,Colombia,Japan
2014_17,2014,Colombia,Japan,James Rodríguez,90.0,,False,False,team2,event,Colombia,Japan
2014_18,2014,Greece,Côte d'Ivoire,Andreas Samaris,42.0,,False,False,team1,event,Greece,Côte d'Ivoire
2014_18,2014,Greece,Côte d'Ivoire,Georgios Samaras,90.0,3.0,True,False,team1,event,Greece,Côte d'Ivoire
2014_18,2014,Côte d'Ivoire,Greece,Wilfried Bony,74.0,,False,False,team2,event,Côte d'Ivoire,Greece
2014_19,2014,Uruguay,Costa Rica,Edinson Cavani,24.0,,True,False,team1,event,Uruguay,Costa Rica
2014_19,2014,Costa Rica,Uruguay,Joel Campbell,54.0,,False,False,team2,event,Costa Rica,Uruguay
2014_19,2014,Costa Rica,Uruguay,Oscar Duarte,57.0,,False,False,team2,event,Costa Rica,Uruguay
2014_19,2014,Costa Rica,Uruguay,Marcos Ureña,84.0,,False,False,team2,event,Costa Rica,Uruguay
2014_20,2014,England,Italy,Daniel Sturridge,37.0,,False,False,team1,event,England,Italy
2014_20,2014,Italy,England,Claudio Marchisio,35.0,,False,False,team2,event,Italy,England
2014_20,2014,Italy,England,Mario Balotelli,50.0,,False,False,team2,event,Italy,England
2014_21,2014,Uruguay,England,Luis Suárez,39.0,,False,False,team1,event,Uruguay,England
2014_21,2014,Uruguay,England,Luis Suárez,85.0,,False,False,team1,event,Uruguay,England
2014_21,2014,England,Uruguay,Wayne Rooney,75.0,,False,False,team2,event,England,Uruguay
2014_22,2014,Costa Rica,Italy,Bryan Ruiz,44.0,,False,False,team2,event,Costa Rica,Italy
2014_23,2014,Uruguay,Italy,Diego Godín,81.0,,False,False,team2,event,Uruguay,Italy
2014_25,2014,Switzerland,Ecuador,Admir Mehmedi,48.0,,False,False,team1,event,Switzerland,Ecuador
2014_25,2014,Switzerland,Ecuador,Haris Seferović,90.0,3.0,False,False,team1,event,Switzerland,Ecuador
2014_25,2014,Ecuador,Switzerland,Enner Valencia,22.0,,False,False,team2,event,Ecuador,Switzerland
2014_26,2014,France,Honduras,Noel Valladares,48.0,,False,True,team1,event,France,Honduras
2014_26,2014,France,Honduras,Karim Benzema,45.0,,True,False,team1,event,France,Honduras
2014_26,2014,France,Honduras,Karim Benzema,72.0,,False,False,team1,event,France,Honduras
2014_27,2014,Switzerland,France,Blerim Džemaili,81.0,,False,False,team1,event,Switzerland,France
2014_27,2014,Switzerland,France,Granit Xhaka,87.0,,False,False,team1,event,Switzerland,France
2014_27,2014,France,Switzerland,Olivier Giroud,17.0,,False,False,team2,event,France,Switzerland
2014_27,2014,France,Switzerland,Blaise Matuidi,18.0,,False,False,team2,event,France,Switzerland
2014_27,2014,France,Switzerland,Mathieu Valbuena,40.0,,False,False,team2,event,France,Switzerland
2014_27,2014,France,Switzerland,Karim Benzema,67.0,,False,False,team2,event,France,Switzerland
2014_27,2014,France,Switzerland,Moussa Sissoko,73.0,,False,False,team2,event,France,Switzerland
2014_28,2014,Honduras,Ecuador,Carlo Costly,31.0,,False,False,team1,event,Honduras,Ecuador
2014_28,2014,Ecuador,Honduras,Enner Valencia,34.0,,False,False,team2,event,Ecuador,Honduras
2014_28,2014,Ecuador,Honduras,Enner Valencia,65.0,,False,False,team2,event,Ecuador,Honduras
2014_29,2014,Switzerland,Honduras,Xherdan Shaqiri,6.0,,False,False,team2,event,Switzerland,Honduras
2014_29,2014,Switzerland,Honduras,Xherdan Shaqiri,31.0,,False,False,team2,event,Switzerland,Honduras
2014_29,2014,Switzerland,Honduras,Xherdan Shaqiri,71.0,,False,False,team2,event,Switzerland,Honduras
2014_31,2014,Argentina,Bosnia-Herzegovina,Sead Kolašinac,3.0,,False,True,team1,event,Argentina,Bosnia-Herzegovina
2014_31,2014,Argentina,Bosnia-Herzegovina,Lionel Messi,65.0,,False,False,team1,event,Argentina,Bosnia-Herzegovina
2014_31,2014,Bosnia-Herzegovina,Argentina,Vedad Ibišević,85.0,,False,False,team2,event,Bosnia-Herzegovina,Argentina
2014_33,2014,Argentina,Iran,Lionel Messi,90.0,,False,False,team1,event,Argentina,Iran
2014_34,2014,Nigeria,Bosnia-Herzegovina,Peter Odemwingie,29.0,,False,False,team1,event,Nigeria,Bosnia-Herzegovina
2014_35,2014,Nigeria,Argentina,Ahmed Musa,4.0,,False,False,team1,event,Nigeria,Argentina
2014_35,2014,Nigeria,Argentina,Ahmed Musa,47.0,,False,False,team1,event,Nigeria,Argentina
2014_35,2014,Argentina,Nigeria,Lionel Messi,3.0,,False,False,team2,event,Argentina,Nigeria
2014_35,2014,Argentina,Nigeria,Lionel Messi,45.0,1.0,False,False,team2,event,Argentina,Nigeria
2014_35,2014,Argentina,Nigeria,Marcos Rojo,50.0,,False,False,team2,event,Argentina,Nigeria
2014_36,2014,Bosnia-Herzegovina,Iran,Edin Džeko,23.0,,False,False,team1,event,Bosnia-Herzegovina,Iran
2014_36,2014,Bosnia-Herzegovina,Iran,Miralem Pjanić,59.0,,False,False,team1,event,Bosnia-Herzegovina,Iran
2014_36,2014,Bosnia-Herzegovina,Iran,Avdija Vršajević,83.0,,False,False,team1,event,Bosnia-Herzegovina,Iran
2014_36,2014,Iran,Bosnia-Herzegovina,Reza Ghoochannejhad,82.0,,False,False,team2,event,Iran,Bosnia-Herzegovina
2014_37,2014,Germany,Portugal,Thomas Müller,12.0,,True,False,team1,event,Germany,Portugal
2014_37,2014,Germany,Portugal,Thomas Müller,45.0,1.0,False,False,team1,event,Germany,Portugal
2014_37,2014,Germany,Portugal,Thomas Müller,78.0,,False,False,team1,event,Germany,Portugal
2014_37,2014,Germany,Portugal,Mats Hummels,32.0,,False,False,team1,event,Germany,Portugal
2014_38,2014,Ghana,USA,André Ayew,82.0,,False,False,team1,event,Ghana,USA
2014_38,2014,USA,Ghana,Clint Dempsey,1.0,,False,False,team2,event,USA,Ghana
2014_38,2014,USA,Ghana,John Brooks,86.0,,False,False,team2,event,USA,Ghana
2014_39,2014,Germany,Ghana,Mario Götze,51.0,,False,False,team1,event,Germany,Ghana
2014_39,2014,Germany,Ghana,Miroslav Klose,71.0,,False,False,team1,event,Germany,Ghana
2014_39,2014,Ghana,Germany,André Ayew,54.0,,False,False,team2,event,Ghana,Germany
2014_39,2014,Ghana,Germany,Asamoah Gyan,63.0,,False,False,team2,event,Ghana,Germany
2014_40,2014,USA,Portugal,Jermaine Jones,64.0,,False,False,team1,event,USA,Portugal
2014_40,2014,USA,Portugal,Clint Dempsey,81.0,,False,False,team1,event,USA,Portugal
2014_40,2014,Portugal,USA,Nani,5.0,,False,False,team2,event,Portugal,USA
2014_40,2014,Portugal,USA,Varela,90.0,5.0,False,False,team2,event,Portugal,USA
2014_41,2014,Germany,USA,Thomas Müller,55.0,,False,False,team2,event,Germany,USA
2014_42,2014,Portugal,Ghana,John Boye,31.0,,False,True,team1,event,Portugal,Ghana
2014_42,2014,Portugal,Ghana,Cristiano Ronaldo,80.0,,False,False,team1,event,Portugal,Ghana
2014_42,2014,Ghana,Portugal,Asamoah Gyan,57.0,,False,False,team2,event,Ghana,Portugal
2014_43,2014,Belgium,Algeria,Marouane Fellaini,70.0,,False,False,team1,event,Belgium,Algeria
2014_43,2014,Belgium,Algeria,Dries Mertens,80.0,,False,False,team1,event,Belgium,Algeria
2014_43,2014,Algeria,Belgium,Sofiane Feghouli,25.0,,True,False,team2,event,Algeria,Belgium
2014_44,2014,Russia,South Korea,Alexander Kerzhakov,74.0,,False,False,team1,event,Russia,South Korea
2014_44,2014,South Korea,Russia,Lee Keunho,68.0,,False,False,team2,event,South Korea,Russia
2014_45,2014,Belgium,Russia,Divock Origi,88.0,,False,False,team1,event,Belgium,Russia
2014_46,2014,South Korea,Algeria,Son Heung Min,50.0,,False,False,team1,event,South Korea,Algeria
2014_46,2014,South Korea,Algeria,Koo Jacheol,72.0,,False,False,team1,event,South Korea,Algeria
2014_46,2014,Algeria,South Korea,Islam Slimani,26.0,,False,False,team2,event,Algeria,South Korea
2014_46,2014,Algeria,South Korea,Rafik Halliche,28.0,,False,False,team2,event,Algeria,South Korea
2014_46,2014,Algeria,South Korea,Abdelmoumene Djabou,38.0,,False,False,team2,event,Algeria,South Korea
2014_46,2014,Algeria,South Korea,Yacine Brahimi,62.0,,False,False,team2,event,Algeria,South Korea
2014_47,2014,Belgium,South Korea,Jan Vertonghen,78.0,,False,False,team2,event,Belgium,South Korea
2014_48,2014,Algeria,Russia,Islam Slimani,60.0,,False,False,team1,event,Algeria,Russia
2014_48,2014,Russia,Algeria,Alexander Kokorin,6.0,,False,False,team2,event,Russia,Algeria
2014_49,2014,Brazil,Chile,David Luiz,18.0,,False,False,team1,event,Brazil,Chile
2014_49,2014,Chile,Brazil,Alexis Sánchez,32.0,,False,False,team2,event,Chile,Brazil
2014_50,2014,Colombia,Uruguay,James Rodríguez,28.0,,False,False,team1,event,Colombia,Uruguay
2014_50,2014,Colombia,Uruguay,James Rodríguez,50.0,,False,False,team1,event,Colombia,Uruguay
2014_51,2014,Netherlands,Mexico,Wesley Sneijder,88.0,,False,False,team1,event,Netherlands,Mexico
2014_51,2014,Netherlands,Mexico,Klaas Jan Huntelaar,90.0,,True,False,team1,event,Netherlands,Mexico
2014_51,2014,Mexico,Netherlands,Giovani dos Santos,48.0,,False,False,team2,event,Mexico,Netherlands
2014_52,2014,Costa Rica,Greece,Bryan Ruiz,52.0,,False,False,team1,event,Costa Rica,Greece
2014_52,2014,Greece,Costa Rica,Socratis Papastathopoulos,90.0,,False,False,team2,event,Greece,Costa Rica
2014_53,2014,France,Nigeria,Paul Pogba,79.0,,False,False,team1,event,France,Nigeria
2014_53,2014,France,Nigeria,Joseph Yobo,90.0,2.0,False,True,team1,event,France,Nigeria
2014_54,2014,Germany,Algeria,André Schürrle,92.0,,False,False,team1,event,Germany,Algeria
2014_54,2014,Germany,Algeria,Mesut Özil,120.0,,False,False,team1,event,Germany,Algeria
2014_54,2014,Algeria,Germany,Abdelmoumene Djabou,121.0,,False,False,team2,event,Algeria,Germany
2014_55,2014,Argentina,Switzerland,Ángel di María,118.0,,False,False,team1,event,Argentina,Switzerland
2014_56,2014,Belgium,USA,Kevin De Bruyne,93.0,,False,False,team1,event,Belgium,USA
2014_56,2014,Belgium,USA,Romelu Lukaku,105.0,,False,False,team1,event,Belgium,USA
2014_56,2014,USA,Belgium,Julian Green,107.0,,False,False,team2,event,USA,Belgium
2014_57,2014,Germany,France,Mats Hummels,13.0,,False,False,team2,event,Germany,France
2014_58,2014,Brazil,Colombia,Thiago Silva,7.0,,False,False,team1,event,Brazil,Colombia
2014_58,2014,Brazil,Colombia,David Luiz,69.0,,False,False,team1,event,Brazil,Colombia
2014_58,2014,Colombia,Brazil,Rodríguez,80.0,,True,False,team2,event,Colombia,Brazil
2014_59,2014,Argentina,Belgium,Gonzalo Higuaín,8.0,,False,False,team1,event,Argentina,Belgium
2014_61,2014,Brazil,Germany,Oscar,90.0,,False,False,team1,event,Brazil,Germany
2014_61,2014,Germany,Brazil,Thomas Müller,11.0,,False,False,team2,event,Germany,Brazil
2014_61,2014,Germany,Brazil,Miroslav Klose,23.0,,False,False,team2,event,Germany,Brazil
2014_61,2014,Germany,Brazil,Toni Kroos,24.0,,False,False,team2,event,Germany,Brazil
2014_61,2014,Germany,Brazil,Toni Kroos,26.0,,False,False,team2,event,Germany,Brazil
2014_61,2014,Germany,Brazil,Sami Khedira,29.0,,False,False,team2,event,Germany,Brazil
2014_61,2014,Germany,Brazil,Andre Schürrle,69.0,,False,False,team2,event,Germany,Brazil
2014_61,2014,Germany,Brazil,Andre Schürrle,79.0,,False,False,team2,event,Germany,Brazil
2014_63,2014,Netherlands,Brazil,Robin Van Persie,3.0,,True,False,team2,event,Netherlands,Brazil
2014_63,2014,Netherlands,Brazil,Daley Blind,17.0,,False,False,team2,event,Netherlands,Brazil
2014_63,2014,Netherlands,Brazil,Georginio Wijnaldum,90.0,1.0,False,False,team2,event,Netherlands,Brazil
2014_64,2014,Germany,Argentina,Mario Götze,113.0,,False,False,team1,event,Germany,Argentina
2018_1,2018,Russia,Saudi Arabia,Gazinsky,12.0,,False,False,team1,event,Russia,Saudi Arabia
2018_1,2018,Russia,Saudi Arabia,Cheryshev,43.0,,False,False,team1,event,Russia,Saudi Arabia
2018_1,2018,Russia,Saudi Arabia,Cheryshev,90.0,1.0,False,False,team1,event,Russia,Saudi Arabia
2018_1,2018,Russia,Saudi Arabia,Dzyuba,71.0,,False,False,team1,event,Russia,Saudi Arabia
2018_1,2018,Russia,Saudi Arabia,Golovin,90.0,4.0,False,False,team1,event,Russia,Saudi Arabia
2018_2,2018,Uruguay,Egypt,Giménez,89.0,,False,False,team2,event,Uruguay,Egypt
2018_3,2018,Russia,Egypt,A. Fathi,47.0,,False,True,team1,event,Russia,Egypt
2018_3,2018,Russia,Egypt,Cheryshev,59.0,,False,False,team1,event,Russia,Egypt
2018_3,2018,Russia,Egypt,Dzyuba,62.0,,False,False,team1,event,Russia,Egypt
2018_3,2018,Egypt,Russia,M. Salah,73.0,,True,False,team2,event,Egypt,Russia
2018_4,2018,Uruguay,Saudi Arabia,L. Suárez,23.0,,False,False,team1,event,Uruguay,Saudi Arabia
2018_5,2018,Uruguay,Russia,L. Suárez,10.0,,False,False,team1,event,Uruguay,Russia
2018_5,2018,Uruguay,Russia,Cheryshev,23.0,,False,True,team1,event,Uruguay,Russia
2018_5,2018,Uruguay,Russia,E. Cavani,90.0,,False,False,team1,event,Uruguay,Russia
2018_6,2018,Saudi Arabia,Egypt,Salman Al-Faraj,45.0,6.0,True,False,team1,event,Saudi Arabia,Egypt
2018_6,2018,Saudi Arabia,Egypt,Salem Al-Dawsari,90.0,5.0,False,False,team1,event,Saudi Arabia,Egypt
2018_6,2018,Egypt,Saudi Arabia,M. Salah,22.0,,False,False,team2,event,Egypt,Saudi Arabia
2018_7,2018,Iran,Morocco,Bouhaddouz,90.0,5.0,False,True,team2,event,Iran,Morocco
2018_8,2018,Portugal,Spain,Ronaldo,4.0,,True,False,team1,event,Portugal,Spain
2018_8,2018,Portugal,Spain,Ronaldo,44.0,,False,False,team1,event,Portugal,Spain
2018_8,2018,Portugal,Spain,Ronaldo,88.0,,False,False,team1,event,Portugal,Spain
2018_8,2018,Spain,Portugal,Costa,24.0,,False,False,team2,event,Spain,Portugal
2018_8,2018,Spain,Portugal,Costa,55.0,,False,False,team2,event,Spain,Portugal
2018_8,2018,Spain,Portugal,Nacho,58.0,,False,False,team2,event,Spain,Portugal
2018_9,2018,Portugal,Morocco,Ronaldo,4.0,,False,False,team1,event,Portugal,Morocco
2018_10,2018,Spain,Iran,Diego Costa,54.0,,False,False,team2,event,Spain,Iran
2018_11,2018,Iran,Portugal,Karim Ansarifard,90.0,3.0,True,False,team1,event,Iran,Portugal
2018_11,2018,Portugal,Iran,Quaresma,45.0,,False,False,team2,event,Portugal,Iran
2018_12,2018,Spain,Morocco,Isco,19.0,,False,False,team1,event,Spain,Morocco
2018_12,2018,Spain,Morocco,Iago Aspas,90.0,1.0,False,False,team1,event,Spain,Morocco
2018_12,2018,Morocco,Spain,Boutaib,14.0,,False,False,team2,event,Morocco,Spain
2018_12,2018,Morocco,Spain,En-Nesyri,81.0,,False,False,team2,event,Morocco,Spain
2018_13,2018,France,Australia,Griezmann,58.0,,True,False,team1,event,France,Australia
2018_13,2018,France,Australia,Behich,81.0,,False,True,team1,event,France,Australia
2018_13,2018,Australia,France,Jedinak,62.0,,True,False,team2,event,Australia,France
2018_14,2018,Denmark,Peru,Poulsen,59.0,,False,False,team2,event,Denmark,Peru
2018_15,2018,Denmark,Australia,Eriksen,7.0,,False,False,team1,event,Denmark,Australia
2018_15,2018,Australia,Denmark,Jedinak,38.0,,True,False,team2,event,Australia,Denmark
2018_16,2018,France,Peru,Mbappé,34.0,,False,False,team1,event,France,Peru
2018_18,2018,Peru,Australia,Carrillo,18.0,,False,False,team2,event,Peru,Australia
2018_18,2018,Peru,Australia,Guerrero,50.0,,False,False,team2,event,Peru,Australia
2018_19,2018,Argentina,Iceland,Agüero,19.0,,False,False,team1,event,Argentina,Iceland
2018_19,2018,Iceland,Argentina,Finnbogason,23.0,,False,False,team2,event,Iceland,Argentina
2018_20,2018,Croatia,Nigeria,Etebo,32.0,,False,True,team1,event,Croatia,Nigeria
2018_20,2018,Croatia,Nigeria,Modrić,71.0,,True,False,team1,event,Croatia,Nigeria
2018_21,2018,Croatia,Argentina,Rebić,53.0,,False,False,team2,event,Croatia,Argentina
2018_21,2018,Croatia,Argentina,Modrić,80.0,,False,False,team2,event,Croatia,Argentina
2018_21,2018,Croatia,Argentina,Rakitić,90.0,1.0,False,False,team2,event,Croatia,Argentina
2018_22,2018,Nigeria,Iceland,Musa,49.0,,False,False,team1,event,Nigeria,Iceland
2018_22,2018,Nigeria,Iceland,Musa,75.0,,False,False,team1,event,Nigeria,Iceland
2018_23,2018,Nigeria,Argentina,Moses,51.0,,True,False,team1,event,Nigeria,Argentina
2018_23,2018,Argentina,Nigeria,Messi,14.0,,False,False,team2,event,Argentina,Nigeria
2018_23,2018,Argentina,Nigeria,Marcos Rojo,86.0,,False,False,team2,event,Argentina,Nigeria
2018_24,2018,Iceland,Croatia,G. Sigurðsson,76.0,,True,False,team1,event,Iceland,Croatia
2018_24,2018,Croatia,Iceland,Badelj,53.0,,False,False,team2,event,Croatia,Iceland
2018_24,2018,Croatia,Iceland,Perišić,90.0,,False,False,team2,event,Croatia,Iceland
2018_25,2018,Serbia,Costa Rica,Kolarov,56.0,,False,False,team2,event,Serbia,Costa Rica
2018_26,2018,Brazil,Switzerland,Coutinho,20.0,,False,False,team1,event,Brazil,Switzerland
2018_26,2018,Switzerland,Brazil,Zuber,50.0,,False,False,team2,event,Switzerland,Brazil
2018_27,2018,Brazil,Costa Rica,P. Coutinho,90.0,1.0,False,False,team1,event,Brazil,Costa Rica
2018_27,2018,Brazil,Costa Rica,Neymar Jr,90.0,7.0,False,False,team1,event,Brazil,Costa Rica
2018_28,2018,Serbia,Switzerland,Mitrović,5.0,,False,False,team1,event,Serbia,Switzerland
2018_28,2018,Switzerland,Serbia,Xhaka,52.0,,False,False,team2,event,Switzerland,Serbia
2018_28,2018,Switzerland,Serbia,Shaqiri,90.0,,False,False,team2,event,Switzerland,Serbia
2018_29,2018,Brazil,Serbia,Paulinho,36.0,,False,False,team2,event,Brazil,Serbia
2018_29,2018,Brazil,Serbia,Thiago Silva,68.0,,False,False,team2,event,Brazil,Serbia
2018_30,2018,Switzerland,Costa Rica,Džemaili,31.0,,False,False,team1,event,Switzerland,Costa Rica
2018_30,2018,Switzerland,Costa Rica,Drmić,88.0,,False,False,team1,event,Switzerland,Costa Rica
2018_30,2018,Costa Rica,Switzerland,Waston,56.0,,False,False,team2,event,Costa Rica,Switzerland
2018_30,2018,Costa Rica,Switzerland,Sommer,90.0,3.0,False,True,team2,event,Costa Rica,Switzerland
2018_31,2018,Mexico,Germany,Lozano,35.0,,False,False,team2,event,Mexico,Germany
2018_32,2018,Sweden,South Korea,Granqvist,65.0,,True,False,team1,event,Sweden,South Korea
2018_33,2018,South Korea,Mexico,Son Heung-min,90.0,3.0,False,False,team1,event,South Korea,Mexico
2018_33,2018,Mexico,South Korea,Carlos Vela,26.0,,True,False,team2,event,Mexico,South Korea
2018_33,2018,Mexico,South Korea,J. Hernández,66.0,,False,False,team2,event,Mexico,South Korea
2018_34,2018,Germany,Sweden,Reus,48.0,,False,False,team1,event,Germany,Sweden
2018_34,2018,Germany,Sweden,Kroos,90.0,5.0,False,False,team1,event,Germany,Sweden
2018_34,2018,Sweden,Germany,Toivonen,32.0,,False,False,team2,event,Sweden,Germany
2018_35,2018,South Korea,Germany,Kim Young-gwon,90.0,2.0,False,False,team1,event,South Korea,Germany
2018_35,2018,South Korea,Germany,Son Heung-min,90.0,6.0,False,False,team1,event,South Korea,Germany
2018_36,2018,Sweden,Mexico,Augustinsson,50.0,,False,False,team2,event,Sweden,Mexico
2018_36,2018,Sweden,Mexico,Granqvist,62.0,,True,False,team2,event,Sweden,Mexico
2018_36,2018,Sweden,Mexico,Álvarez,74.0,,False,True,team2,event,Sweden,Mexico
2018_37,2018,Belgium,Panama,Mertens,47.0,,False,False,team1,event,Belgium,Panama
2018_37,2018,Belgium,Panama,Lukaku,69.0,,False,False,team1,event,Belgium,Panama
2018_37,2018,Belgium,Panama,Lukaku,75.0,,False,False,team1,event,Belgium,Panama
2018_38,2018,Tunisia,England,Sassi,35.0,,True,False,team1,event,Tunisia,England
2018_38,2018,England,Tunisia,Kane,11.0,,False,False,team2,event,England,Tunisia
2018_38,2018,England,Tunisia,Kane,90.0,1.0,False,False,team2,event,England,Tunisia
2018_39,2018,Belgium,Tunisia,E. Hazard,6.0,,True,False,team1,event,Belgium,Tunisia
2018_39,2018,Belgium,Tunisia,E. Hazard,51.0,,False,False,team1,event,Belgium,Tunisia
2018_39,2018,Belgium,Tunisia,R. Lukaku,16.0,,False,False,team1,event,Belgium,Tunisia
2018_39,2018,Belgium,Tunisia,R. Lukaku,45.0,3.0,False,False,team1,event,Belgium,Tunisia
2018_39,2018,Belgium,Tunisia,Batshuayi,90.0,,False,False,team1,event,Belgium,Tunisia
2018_39,2018,Tunisia,Belgium,Bronn,18.0,,False,False,team2,event,Tunisia,Belgium
2018_39,2018,Tunisia,Belgium,Khazri,90.0,3.0,False,False,team2,event,Tunisia,Belgium
2018_40,2018,England,Panama,Stones,8.0,,False,False,team1,event,England,Panama
2018_40,2018,England,Panama,Stones,40.0,,False,False,team1,event,England,Panama
2018_40,2018,England,Panama,Kane,22.0,,True,False,team1,event,England,Panama
2018_40,2018,England,Panama,Kane,45.0,1.0,True,False,team1,event,England,Panama
2018_40,2018,England,Panama,Kane,62.0,,False,False,team1,event,England,Panama
2018_40,2018,England,Panama,Lingard,36.0,,False,False,team1,event,England,Panama
2018_40,2018,Panama,England,Baloy,78.0,,False,False,team2,event,Panama,England
2018_41,2018,Belgium,England,Adnan Januzaj,51.0,,False,False,team2,event,Belgium,England
2018_42,2018,Panama,Tunisia,Yassine Meriah,33.0,,False,True,team1,event,Panama,Tunisia
2018_42,2018,Tunisia,Panama,Fakhereedine Ben Youssef,51.0,,False,False,team2,event,Tunisia,Panama
2018_42,2018,Tunisia,Panama,Wahbi Khazri,66.0,,False,False,team2,event,Tunisia,Panama
2018_43,2018,Colombia,Japan,J. Quintero,39.0,,False,False,team1,event,Colombia,Japan
2018_43,2018,Japan,Colombia,Kagawa,6.0,,True,False,team2,event,Japan,Colombia
2018_43,2018,Japan,Colombia,Osako,73.0,,False,False,team2,event,Japan,Colombia
2018_44,2018,Poland,Senegal,Krychowiak,86.0,,False,False,team1,event,Poland,Senegal
2018_44,2018,Senegal,Poland,Cionek,37.0,,False,True,team2,event,Senegal,Poland
2018_44,2018,Senegal,Poland,Niang,60.0,,False,False,team2,event,Senegal,Poland
2018_45,2018,Japan,Senegal,Inui,34.0,,False,False,team1,event,Japan,Senegal
2018_45,2018,Japan,Senegal,Honda,78.0,,False,False,team1,event,Japan,Senegal
2018_45,2018,Senegal,Japan,Mané,11.0,,False,False,team2,event,Senegal,Japan
2018_45,2018,Senegal,Japan,M. Wagué,71.0,,False,False,team2,event,Senegal,Japan
2018_46,2018,Colombia,Poland,Y. Mina,40.0,,False,False,team2,event,Colombia,Poland
2018_46,2018,Colombia,Poland,Falcao,70.0,,False,False,team2,event,Colombia,Poland
2018_46,2018,Colombia,Poland,Cuadrado,75.0,,False,False,team2,event,Colombia,Poland
2018_47,2018,Poland,Japan,Bednarek,59.0,,False,False,team2,event,Poland,Japan
2018_48,2018,Colombia,Senegal,Y. Mina,74.0,,False,False,team2,event,Colombia,Senegal
2018_49,2018,France,Argentina,Antoine Griezmann,13.0,,True,False,team1,event,France,Argentina
2018_49,2018,France,Argentina,Benjamin Pavard,57.0,,False,False,team1,event,France,Argentina
2018_49,2018,France,Argentina,Kylian Mbappé,64.0,,False,False,team1,event,France,Argentina
2018_49,2018,France,Argentina,Kylian Mbappé,68.0,,False,False,team1,event,France,Argentina
2018_49,2018,Argentina,France,Ángel Di María,41.0,,False,False,team2,event,Argentina,France
2018_49,2018,Argentina,France,Gabriel Mercado,48.0,,False,False,team2,event,Argentina,France
2018_49,2018,Argentina,France,Sergio Agüero,90.0,3.0,False,False,team2,event,Argentina,France
2018_50,2018,Uruguay,Portugal,Edinson Cavani,7.0,,False,False,team1,event,Uruguay,Portugal
2018_50,2018,Uruguay,Portugal,Edinson Cavani,62.0,,False,False,team1,event,Uruguay,Portugal
2018_50,2018,Portugal,Uruguay,Pepe,55.0,,False,False,team2,event,Portugal,Uruguay
2018_51,2018,Spain,Russia,Sergei Ignashevich,12.0,,False,True,team1,event,Spain,Russia
2018_51,2018,Russia,Spain,Artem Dzyuba,41.0,,True,False,team2,event,Russia,Spain
2018_52,2018,Croatia,Denmark,Mario Mandžukić,4.0,,False,False,team1,event,Croatia,Denmark
2018_52,2018,Denmark,Croatia,Mathias Jørgensen,1.0,,False,False,team2,event,Denmark,Croatia
2018_53,2018,Brazil,Mexico,Neymar,51.0,,False,False,team1,event,Brazil,Mexico
2018_53,2018,Brazil,Mexico,Roberto Firmino,88.0,,False,False,team1,event,Brazil,Mexico
2018_54,2018,Belgium,Japan,Jan Vertonghen,69.0,,False,False,team1,event,Belgium,Japan
2018_54,2018,Belgium,Japan,Marouane Fellaini,74.0,,False,False,team1,event,Belgium,Japan
2018_54,2018,Belgium,Japan,Nacer Chadli,90.0,4.0,False,False,team1,event,Belgium,Japan
2018_54,2018,Japan,Belgium,Genki Haraguchi,48.0,,False,False,team2,event,Japan,Belgium
2018_54,2018,Japan,Belgium,Takashi Inui,52.0,,False,False,team2,event,Japan,Belgium
2018_55,2018,Sweden,Switzerland,Emil Forsberg,66.0,,False,False,team1,event,Sweden,Switzerland
2018_56,2018,Colombia,England,Yerry Mina,90.0,3.0,False,False,team1,event,Colombia,England
2018_56,2018,England,Colombia,Harry Kane,57.0,,True,False,team2,event,England,Colombia
2018_57,2018,France,Uruguay,Raphaël Varane,40.0,,False,False,team2,event,France,Uruguay
2018_57,2018,France,Uruguay,Antoine Griezmann,61.0,,False,False,team2,event,France,Uruguay
2018_58,2018,Brazil,Belgium,Renato Augusto,76.0,,False,False,team1,event,Brazil,Belgium
2018_58,2018,Belgium,Brazil,Fernandinho,13.0,,False,True,team2,event,Belgium,Brazil
2018_58,2018,Belgium,Brazil,Kevin De Bruyne,31.0,,False,False,team2,event,Belgium,Brazil
2018_59,2018,England,Sweden,Harry Maguire,30.0,,False,False,team2,event,England,Sweden
2018_59,2018,England,Sweden,Dele Alli,58.0,,False,False,team2,event,England,Sweden
2018_60,2018,Russia,Croatia,Denis Cheryshev,31.0,,False,False,team1,event,Russia,Croatia
2018_60,2018,Russia,Croatia,Mário Figueira Fernandes,115.0,,False,False,team1,event,Russia,Croatia
2018_60,2018,Croatia,Russia,Andrej Kramarić,39.0,,False,False,team2,event,Croatia,Russia
2018_60,2018,Croatia,Russia,Domagoj Vida,100.0,,False,False,team2,event,Croatia,Russia
2018_61,2018,France,Belgium,Samuel Umtiti,51.0,,False,False,team1,event,France,Belgium
2018_62,2018,Croatia,England,Ivan Perišić,68.0,,False,False,team1,event,Croatia,England
2018_62,2018,Croatia,England,Mario Mandžukić,109.0,,False,False,team1,event,Croatia,England
2018_62,2018,England,Croatia,Kieran Trippier,5.0,,False,False,team2,event,England,Croatia
2018_63,2018,Belgium,England,Thomas Meunier,4.0,,False,False,team1,event,Belgium,England
2018_63,2018,Belgium,England,Eden Hazard,82.0,,False,False,team1,event,Belgium,England
2018_64,2018,France,Croatia,Mandžukić,18.0,,False,True,team1,event,France,Croatia
2018_64,2018,France,Croatia,Griezmann,38.0,,True,False,team1,event,France,Croatia
2018_64,2018,France,Croatia,Pogba,59.0,,False,False,team1,event,France,Croatia
2018_64,2018,France,Croatia,Mbappé,65.0,,False,False,team1,event,France,Croatia
2018_64,2018,Croatia,France,Perišić,28.0,,False,False,team2,event,Croatia,France
2018_64,2018,Croatia,France,Mandžukić,69.0,,False,False,team2,event,Croatia,France
2022_1,2022,Ecuador,Qatar,Enner Valencia,16.0,,True,False,team2,event,Ecuador,Qatar
2022_1,2022,Ecuador,Qatar,Enner Valencia,31.0,,False,False,team2,event,Ecuador,Qatar
2022_2,2022,Netherlands,Senegal,Cody Gakpo,84.0,,False,False,team2,event,Netherlands,Senegal
2022_2,2022,Netherlands,Senegal,Davy Klaassen,90.0,9.0,False,False,team2,event,Netherlands,Senegal
2022_3,2022,Qatar,Senegal,Mohammed Muntari,78.0,,False,False,team1,event,Qatar,Senegal
2022_3,2022,Senegal,Qatar,Boulaye Dia,41.0,,False,False,team2,event,Senegal,Qatar
2022_3,2022,Senegal,Qatar,Famara Diédhiou,48.0,,False,False,team2,event,Senegal,Qatar
2022_3,2022,Senegal,Qatar,Bamba Dieng,84.0,,False,False,team2,event,Senegal,Qatar
2022_4,2022,Netherlands,Ecuador,Cody Gakpo,6.0,,False,False,team1,event,Netherlands,Ecuador
2022_4,2022,Ecuador,Netherlands,Enner Valencia,49.0,,False,False,team2,event,Ecuador,Netherlands
2022_5,2022,Ecuador,Senegal,Moisés Caicedo,67.0,,False,False,team1,event,Ecuador,Senegal
2022_5,2022,Senegal,Ecuador,Ismaila Sarr,44.0,,True,False,team2,event,Senegal,Ecuador
2022_5,2022,Senegal,Ecuador,Koulibaly,70.0,,False,False,team2,event,Senegal,Ecuador
2022_6,2022,Netherlands,Qatar,Cody Gakpo,26.0,,False,False,team1,event,Netherlands,Qatar
2022_6,2022,Netherlands,Qatar,Frenkie de Jong,49.0,,False,False,team1,event,Netherlands,Qatar
2022_7,2022,England,Iran,Jude Bellingham,35.0,,False,False,team1,event,England,Iran
2022_7,2022,England,Iran,Bukayo Saka,43.0,,False,False,team1,event,England,Iran
2022_7,2022,England,Iran,Bukayo Saka,62.0,,False,False,team1,event,England,Iran
2022_7,2022,England,Iran,Raheem Sterling,45.0,1.0,False,False,team1,event,England,Iran
2022_7,2022,England,Iran,Marcus Rashford,71.0,,False,False,team1,event,England,Iran
2022_7,2022,England,Iran,Jack Grealish,90.0,,False,False,team1,event,England,Iran
2022_7,2022,Iran,England,Mehdi Taremi,65.0,,False,False,team2,event,Iran,England
2022_7,2022,Iran,England,Mehdi Taremi,90.0,13.0,True,False,team2,event,Iran,England
2022_8,2022,USA,Wales,Timothy Weah,36.0,,False,False,team1,event,USA,Wales
2022_8,2022,Wales,USA,Gareth Bale,82.0,,True,False,team2,event,Wales,USA
2022_9,2022,Iran,Wales,Roozbeh Cheshmi,90.0,8.0,False,False,team2,event,Iran,Wales
2022_9,2022,Iran,Wales,Ramin Rezaeian,90.0,11.0,False,False,team2,event,Iran,Wales
2022_11,2022,England,Wales,Rashford,50.0,,False,False,team2,event,England,Wales
2022_11,2022,England,Wales,Foden,51.0,,False,False,team2,event,England,Wales
2022_11,2022,England,Wales,Rashford,68.0,,False,False,team2,event,England,Wales
2022_12,2022,USA,Iran,Pulisic,38.0,,False,False,team2,event,USA,Iran
2022_13,2022,Argentina,Saudi Arabia,Lionel Messi,10.0,,True,False,team1,event,Argentina,Saudi Arabia
2022_13,2022,Saudi Arabia,Argentina,Saleh Al Shehri,48.0,,False,False,team2,event,Saudi Arabia,Argentina
2022_13,2022,Saudi Arabia,Argentina,Salem Al Dawsari,53.0,,False,False,team2,event,Saudi Arabia,Argentina
2022_15,2022,Poland,Saudi Arabia,Piotr Zielinski,39.0,,False,False,team1,event,Poland,Saudi Arabia
2022_15,2022,Poland,Saudi Arabia,Robert Lewandowski,82.0,,False,False,team1,event,Poland,Saudi Arabia
2022_16,2022,Argentina,Mexico,Lionel Messi,64.0,,False,False,team1,event,Argentina,Mexico
2022_16,2022,Argentina,Mexico,Enzo Fernández,87.0,,False,False,team1,event,Argentina,Mexico
2022_17,2022,Argentina,Poland,Mac Allister,46.0,,False,False,team2,event,Argentina,Poland
2022_17,2022,Argentina,Poland,Julián Álvarez,67.0,,False,False,team2,event,Argentina,Poland
2022_18,2022,Saudi Arabia,Mexico,Salem Al Dawasari,90.0,5.0,False,False,team1,event,Saudi Arabia,Mexico
2022_18,2022,Mexico,Saudi Arabia,Henry Martín,47.0,,False,False,team2,event,Mexico,Saudi Arabia
2022_18,2022,Mexico,Saudi Arabia,Luis Chávez,52.0,,False,False,team2,event,Mexico,Saudi Arabia
2022_20,2022,France,Australia,Adrien Rabiot,27.0,,False,False,team1,event,France,Australia
2022_20,2022,France,Australia,Olivier Giroud,32.0,,False,False,team1,event,France,Australia
2022_20,2022,France,Australia,Olivier Giroud,71.0,,False,False,team1,event,France,Australia
2022_20,2022,France,Australia,Kylian Mbappé,68.0,,False,False,team1,event,France,Australia
2022_20,2022,Australia,France,Craig Goodwin,9.0,,False,False,team2,event,Australia,France
2022_21,2022,Australia,Tunisia,Mitchell Duke,23.0,,False,False,team2,event,Australia,Tunisia
2022_22,2022,France,Denmark,Kylian Mbappé,61.0,,False,False,team1,event,France,Denmark
2022_22,2022,France,Denmark,Kylian Mbappé,86.0,,False,False,team1,event,France,Denmark
2022_22,2022,Denmark,France,Andreas Christensen,68.0,,False,False,team2,event,Denmark,France
2022_23,2022,Australia,Denmark,Mathew Leckie,60.0,,False,False,team1,event,Australia,Denmark
2022_24,2022,Tunisia,France,Wahbi Khazri,58.0,,False,False,team1,event,Tunisia,France
2022_25,2022,Germany,Japan,Ilkay Gündogan,33.0,,True,False,team1,event,Germany,Japan
2022_25,2022,Japan,Germany,Ritsu Doan,75.0,,False,False,team2,event,Japan,Germany
2022_25,2022,Japan,Germany,Takuma Asano,83.0,,False,False,team2,event,Japan,Germany
2022_26,2022,Spain,Costa Rica,Dani Olmo,11.0,,False,False,team1,event,Spain,Costa Rica
2022_26,2022,Spain,Costa Rica,Marco Asensio,21.0,,False,False,team1,event,Spain,Costa Rica
2022_26,2022,Spain,Costa Rica,Ferran Torres,31.0,,True,False,team1,event,Spain,Costa Rica
2022_26,2022,Spain,Costa Rica,Ferran Torres,54.0,,False,False,team1,event,Spain,Costa Rica
2022_26,2022,Spain,Costa Rica,Gavi,74.0,,False,False,team1,event,Spain,Costa Rica
2022_26,2022,Spain,Costa Rica,Carlos Soler,90.0,,False,False,team1,event,Spain,Costa Rica
2022_26,2022,Spain,Costa Rica,Álvaro Morata,90.0,2.0,False,False,team1,event,Spain,Costa Rica
2022_27,2022,Costa Rica,Japan,Keysher Fuller,81.0,,False,False,team2,event,Costa Rica,Japan
2022_28,2022,Spain,Germany,Álvaro Morata,62.0,,False,False,team1,event,Spain,Germany
2022_28,2022,Germany,Spain,Niclas Füllkrug,83.0,,False,False,team2,event,Germany,Spain
2022_29,2022,Japan,Spain,Ritsu Dōan,48.0,,False,False,team1,event,Japan,Spain
2022_29,2022,Japan,Spain,Ao Tanaka,51.0,,False,False,team1,event,Japan,Spain
2022_29,2022,Spain,Japan,Álvaro Morata,11.0,,False,False,team2,event,Spain,Japan
2022_30,2022,Costa Rica,Germany,Yeltsin Tejeda,58.0,,False,False,team1,event,Costa Rica,Germany
2022_30,2022,Costa Rica,Germany,Juan Vargas,70.0,,False,False,team1,event,Costa Rica,Germany
2022_30,2022,Germany,Costa Rica,Serge Gnabry,10.0,,False,False,team2,event,Germany,Costa Rica
2022_30,2022,Germany,Costa Rica,Kai Lukas Havertz,73.0,,False,False,team2,event,Germany,Costa Rica
2022_30,2022,Germany,Costa Rica,Kai Lukas Havertz,85.0,,False,False,team2,event,Germany,Costa Rica
2022_30,2022,Germany,Costa Rica,Niclas Füllkrug,89.0,,False,False,team2,event,Germany,Costa Rica
2022_32,2022,Belgium,Canada,Michy Batshuayi,44.0,,False,False,team1,event,Belgium,Canada
2022_33,2022,Morocco,Belgium,Romain Saïss,73.0,,False,False,team2,event,Morocco,Belgium
2022_33,2022,Morocco,Belgium,Zakaria Aboukhlal,90.0,2.0,False,False,team2,event,Morocco,Belgium
2022_34,2022,Croatia,Canada,Andrej Kramarić,36.0,,False,False,team1,event,Croatia,Canada
2022_34,2022,Croatia,Canada,Marko Livaja,44.0,,False,False,team1,event,Croatia,Canada
2022_34,2022,Croatia,Canada,Andrej Kramarić,70.0,,False,False,team1,event,Croatia,Canada
2022_34,2022,Croatia,Canada,Lovro Majer,90.0,4.0,False,False,team1,event,Croatia,Canada
2022_34,2022,Canada,Croatia,Alphonso Davies,2.0,,False,False,team2,event,Canada,Croatia
2022_36,2022,Canada,Morocco,Nayef Aguerd,40.0,,False,True,team1,event,Canada,Morocco
2022_36,2022,Morocco,Canada,Hakim Zyiech,4.0,,False,False,team2,event,Morocco,Canada
2022_36,2022,Morocco,Canada,Youssef En-Nesyri,23.0,,False,False,team2,event,Morocco,Canada
2022_37,2022,Switzerland,Cameroon,Breel Embolo,48.0,,False,False,team1,event,Switzerland,Cameroon
2022_38,2022,Brazil,Serbia,Richarlison,62.0,,False,False,team1,event,Brazil,Serbia
2022_38,2022,Brazil,Serbia,Richarlison,73.0,,False,False,team1,event,Brazil,Serbia
2022_39,2022,Cameroon,Serbia,Jean-Charles Castelletto,29.0,,False,False,team1,event,Cameroon,Serbia
2022_39,2022,Cameroon,Serbia,Vincent Aboubakar,63.0,,False,False,team1,event,Cameroon,Serbia
2022_39,2022,Cameroon,Serbia,Jean-Eric Choupo-Moting,66.0,,False,False,team1,event,Cameroon,Serbia
2022_39,2022,Serbia,Cameroon,Strahinja Pavlović,45.0,1.0,False,False,team2,event,Serbia,Cameroon
2022_39,2022,Serbia,Cameroon,Sergej Milinković-Savić,45.0,3.0,False,False,team2,event,Serbia,Cameroon
2022_39,2022,Serbia,Cameroon,Aleksandar Mitrović,53.0,,False,False,team2,event,Serbia,Cameroon
2022_40,2022,Brazil,Switzerland,Casemiro,83.0,,False,False,team1,event,Brazil,Switzerland
2022_41,2022,Serbia,Switzerland,Aleksandar Mitrović,26.0,,False,False,team1,event,Serbia,Switzerland
2022_41,2022,Serbia,Switzerland,Dušan Vlahović,35.0,,False,False,team1,event,Serbia,Switzerland
2022_41,2022,Switzerland,Serbia,Xherdan Shaqiri,20.0,,False,False,team2,event,Switzerland,Serbia
2022_41,2022,Switzerland,Serbia,Breel Embolo,44.0,,False,False,team2,event,Switzerland,Serbia
2022_41,2022,Switzerland,Serbia,Freuler,48.0,,False,False,team2,event,Switzerland,Serbia
2022_42,2022,Cameroon,Brazil,Vincent Aboubakar,90.0,2.0,False,False,team1,event,Cameroon,Brazil
2022_44,2022,Portugal,Ghana,Cristiano Ronaldo,65.0,,True,False,team1,event,Portugal,Ghana
2022_44,2022,Portugal,Ghana,João Félix,78.0,,False,False,team1,event,Portugal,Ghana
2022_44,2022,Portugal,Ghana,Rafael Leão,80.0,,False,False,team1,event,Portugal,Ghana
2022_44,2022,Ghana,Portugal,André Ayew,73.0,,False,False,team2,event,Ghana,Portugal
2022_44,2022,Ghana,Portugal,Osman Bukari,89.0,,False,False,team2,event,Ghana,Portugal
2022_45,2022,South Korea,Ghana,Cho Gue-sung,58.0,,False,False,team1,event,South Korea,Ghana
2022_45,2022,South Korea,Ghana,Cho Gue-sung,61.0,,False,False,team1,event,South Korea,Ghana
2022_45,2022,Ghana,South Korea,Mohammed Salisu,24.0,,False,False,team2,event,Ghana,South Korea
2022_45,2022,Ghana,South Korea,Mohammed Kudus,34.0,,False,False,team2,event,Ghana,South Korea
2022_45,2022,Ghana,South Korea,Mohammed Kudus,68.0,,False,False,team2,event,Ghana,South Korea
2022_46,2022,Portugal,Uruguay,Bruno Fernandes,54.0,,False,False,team1,event,Portugal,Uruguay
2022_46,2022,Portugal,Uruguay,Bruno Fernandes,90.0,3.0,True,False,team1,event,Portugal,Uruguay
2022_47,2022,Uruguay,Ghana,Giorgian De Arrascaeta,26.0,,False,False,team2,event,Uruguay,Ghana
2022_47,2022,Uruguay,Ghana,Giorgian De Arrascaeta,32.0,,False,False,team2,event,Uruguay,Ghana
2022_48,2022,South Korea,Portugal,Kim Young-gwon,27.0,,False,False,team1,event,South Korea,Portugal
2022_48,2022,South Korea,Portugal,Hwang Hee-chan,90.0,1.0,False,False,team1,event,South Korea,Portugal
2022_48,2022,Portugal,South Korea,Ricardo Horta,5.0,,False,False,team2,event,Portugal,South Korea
2022_49,2022,Netherlands,USA,Memphis Depay,10.0,,False,False,team1,event,Netherlands,USA
2022_49,2022,Netherlands,USA,Daley Blind,45.0,1.0,False,False,team1,event,Netherlands,USA
2022_49,2022,Netherlands,USA,Denzel Dumfries,81.0,,False,False,team1,event,Netherlands,USA
2022_49,2022,USA,Netherlands,Haji Wright,76.0,,False,False,team2,event,USA,Netherlands
2022_50,2022,Argentina,Australia,Lionel Messi,35.0,,False,False,team1,event,Argentina,Australia
2022_50,2022,Argentina,Australia,Julián Álvarez,57.0,,False,False,team1,event,Argentina,Australia
2022_50,2022,Australia,Argentina,Enzo Fernández,77.0,,False,True,team2,event,Australia,Argentina
2022_51,2022,France,Poland,Olivier Giroud,44.0,,False,False,team1,event,France,Poland
2022_51,2022,France,Poland,Mbappé,74.0,,False,False,team1,event,France,Poland
2022_51,2022,France,Poland,Mbappé,90.0,1.0,False,False,team1,event,France,Poland
2022_51,2022,Poland,France,Robert Lewandowski,90.0,9.0,True,False,team2,event,Poland,France
2022_52,2022,England,Senegal,Jordan Henderson,38.0,,False,False,team1,event,England,Senegal
2022_52,2022,England,Senegal,Harry Kane,45.0,3.0,False,False,team1,event,England,Senegal
2022_52,2022,England,Senegal,Bukayo Saka,57.0,,False,False,team1,event,England,Senegal
2022_53,2022,Japan,Croatia,Daizen Maeda,43.0,,False,False,team1,event,Japan,Croatia
2022_53,2022,Croatia,Japan,Ivan Perišić,55.0,,False,False,team2,event,Croatia,Japan
2022_54,2022,Brazil,South Korea,Vinícius Jr.,7.0,,False,False,team1,event,Brazil,South Korea
2022_54,2022,Brazil,South Korea,Neymar,13.0,,True,False,team1,event,Brazil,South Korea
2022_54,2022,Brazil,South Korea,Richarlison,29.0,,False,False,team1,event,Brazil,South Korea
2022_54,2022,Brazil,South Korea,Lucas Paquetá,36.0,,False,False,team1,event,Brazil,South Korea
2022_54,2022,South Korea,Brazil,Paik Seung-ho,76.0,,False,False,team2,event,South Korea,Brazil
2022_56,2022,Portugal,Switzerland,Gonçalo Ramos,17.0,,False,False,team1,event,Portugal,Switzerland
2022_56,2022,Portugal,Switzerland,Gonçalo Ramos,51.0,,False,False,team1,event,Portugal,Switzerland
2022_56,2022,Portugal,Switzerland,Gonçalo Ramos,67.0,,False,False,team1,event,Portugal,Switzerland
2022_56,2022,Portugal,Switzerland,Pepe,33.0,,False,False,team1,event,Portugal,Switzerland
2022_56,2022,Portugal,Switzerland,Raphaël Guerreiro,55.0,,False,False,team1,event,Portugal,Switzerland
2022_56,2022,Portugal,Switzerland,Rafael Leão,90.0,2.0,False,False,team1,event,Portugal,Switzerland
2022_56,2022,Switzerland,Portugal,Manuel Akanji,58.0,,False,False,team2,event,Switzerland,Portugal
2022_57,2022,Croatia,Brazil,Bruno Petković,117.0,,False,False,team1,event,Croatia,Brazil
2022_57,2022,Brazil,Croatia,Neymar,105.0,1.0,False,False,team2,event,Brazil,Croatia
2022_58,2022,Netherlands,Argentina,Wout Werghost,83.0,,False,False,team1,event,Netherlands,Argentina
2022_58,2022,Netherlands,Argentina,Wout Werghost,90.0,11.0,False,False,team1,event,Netherlands,Argentina
2022_58,2022,Argentina,Netherlands,Nahuel Molina,35.0,,False,False,team2,event,Argentina,Netherlands
2022_58,2022,Argentina,Netherlands,Lionel Messi,73.0,,True,False,team2,event,Argentina,Netherlands
2022_59,2022,Morocco,Portugal,Youssef En-Nesyri,42.0,,False,False,team1,event,Morocco,Portugal
2022_60,2022,England,France,Harry Kane,54.0,,True,False,team1,event,England,France
2022_60,2022,France,England,Aurelién Tchouaméni,17.0,,False,False,team2,event,France,England
2022_60,2022,France,England,Olivier Giroud,78.0,,False,False,team2,event,France,England
2022_61,2022,Argentina,Croatia,Lionel Messi,34.0,,True,False,team1,event,Argentina,Croatia
2022_61,2022,Argentina,Croatia,Julián Álvarez,39.0,,False,False,team1,event,Argentina,Croatia
2022_61,2022,Argentina,Croatia,Julián Álvarez,69.0,,False,False,team1,event,Argentina,Croatia
2022_62,2022,France,Morocco,Théo Hernandez,5.0,,False,False,team1,event,France,Morocco
2022_62,2022,France,Morocco,Kolo Muani,79.0,,False,False,team1,event,France,Morocco
2022_63,2022,Croatia,Morocco,Joško Gvardiol,7.0,,False,False,team1,event,Croatia,Morocco
2022_63,2022,Croatia,Morocco,Mislav Oršić,42.0,,False,False,team1,event,Croatia,Morocco
2022_63,2022,Morocco,Croatia,Achraf Dari,9.0,,False,False,team2,event,Morocco,Croatia
2022_64,2022,Argentina,France,Lionel Messi,23.0,,True,False,team1,event,Argentina,France
2022_64,2022,Argentina,France,Lionel Messi,108.0,,False,False,team1,event,Argentina,France
2022_64,2022,Argentina,France,Ángel Di María,36.0,,False,False,team1,event,Argentina,France
2022_64,2022,France,Argentina,Kylian Mbappé,80.0,,True,False,team2,event,France,Argentina
2022_64,2022,France,Argentina,Kylian Mbappé,81.0,,False,False,team2,event,France,Argentina
2022_64,2022,France,Argentina,Kylian Mbappé,118.0,,True,False,team2,event,France,Argentina
