match_id,year,round,team1_normalized,team2_normalized,team1_score_final,team2_score_final,target,team1_games,team1_wins,team1_goals_for,team1_goals_against,team1_goal_difference,team1_win_rate,team1_goals_per_game,team1_goals_against_per_game,team2_games,team2_wins,team2_goals_for,team2_goals_against,team2_goal_difference,team2_win_rate,team2_goals_per_game,team2_goals_against_per_game,win_rate_diff,goals_per_game_diff,goals_against_per_game_diff,goal_difference_diff,experience_diff
1930_1,1930,Matchday 1,France,Mexico,4.0,1.0,team1_win,73,39,136,85,51,0.5342465753424658,1.8630136986301369,1.1643835616438356,60,17,62,101,-39,0.2833333333333333,1.0333333333333334,1.6833333333333331,0.25091324200913245,0.8296803652968034,-0.5189497716894975,90,13
1930_2,1930,Matchday 3,Argentina,France,1.0,0.0,team1_win,88,47,152,101,51,0.5340909090909091,1.7272727272727273,1.1477272727272727,73,39,136,85,51,0.5342465753424658,1.8630136986301369,1.1643835616438356,-0.00015566625155671865,-0.1357409713574096,-0.0166562889165629,0,15
1930_3,1930,Matchday 4,Chile,Mexico,3.0,0.0,team1_win,33,11,40,49,-9,0.3333333333333333,1.2121212121212122,1.4848484848484849,60,17,62,101,-39,0.2833333333333333,1.0333333333333334,1.6833333333333331,0.04999999999999999,0.17878787878787872,-0.19848484848484826,30,-27
1930_4,1930,Matchday 7,Chile,France,1.0,0.0,team1_win,33,11,40,49,-9,0.3333333333333333,1.2121212121212122,1.4848484848484849,73,39,136,85,51,0.5342465753424658,1.8630136986301369,1.1643835616438356,-0.20091324200913246,-0.6508924865089247,0.32046492320464925,-60,-40
1930_5,1930,Matchday 7,Argentina,Mexico,6.0,3.0,team1_win,88,47,152,101,51,0.5340909090909091,1.7272727272727273,1.1477272727272727,60,17,62,101,-39,0.2833333333333333,1.0333333333333334,1.6833333333333331,0.25075757575757573,0.6939393939393939,-0.5356060606060604,90,28
1930_6,1930,Matchday 10,Argentina,Chile,3.0,1.0,team1_win,88,47,152,101,51,0.5340909090909091,1.7272727272727273,1.1477272727272727,33,11,40,49,-9,0.3333333333333333,1.2121212121212122,1.4848484848484849,0.20075757575757575,0.5151515151515151,-0.33712121212121215,60,55
1930_7,1930,Matchday 2,Serbia,Brazil,2.0,1.0,team1_win,46,18,69,61,8,0.391304347826087,1.5,1.326086956521739,114,76,237,108,129,0.6666666666666666,2.0789473684210527,0.9473684210526316,-0.27536231884057966,-0.5789473684210527,0.3787185354691074,-121,-68
1930_8,1930,Matchday 5,Serbia,Bolivia,4.0,0.0,team1_win,46,18,69,61,8,0.391304347826087,1.5,1.326086956521739,6,0,1,20,-19,0.0,0.1666666666666666,3.3333333333333335,0.391304347826087,1.3333333333333335,-2.0072463768115947,27,40
1930_9,1930,Matchday 8,Brazil,Bolivia,4.0,0.0,team1_win,114,76,237,108,129,0.6666666666666666,2.0789473684210527,0.9473684210526316,6,0,1,20,-19,0.0,0.1666666666666666,3.3333333333333335,0.6666666666666666,1.9122807017543861,-2.385964912280702,148,108
1930_10,1930,Matchday 2,Romania,Peru,3.0,1.0,team1_win,21,8,30,32,-2,0.3809523809523809,1.4285714285714286,1.5238095238095235,18,5,21,33,-12,0.2777777777777778,1.1666666666666667,1.8333333333333333,0.10317460317460309,0.26190476190476186,-0.30952380952380976,10,3
1930_11,1930,Matchday 6,Uruguay,Peru,1.0,0.0,team1_win,59,25,89,76,13,0.423728813559322,1.5084745762711864,1.2881355932203389,18,5,21,33,-12,0.2777777777777778,1.1666666666666667,1.8333333333333333,0.14595103578154422,0.3418079096045197,-0.5451977401129944,25,41
1930_12,1930,Matchday 9,Uruguay,Romania,4.0,0.0,team1_win,59,25,89,76,13,0.423728813559322,1.5084745762711864,1.2881355932203389,21,8,30,32,-2,0.3809523809523809,1.4285714285714286,1.5238095238095235,0.04277643260694114,0.07990314769975781,-0.23567393058918462,15,38
1930_13,1930,Matchday 1,United States,Belgium,3.0,0.0,team1_win,10,3,14,29,-15,0.3,1.4,2.9,51,21,69,74,-5,0.4117647058823529,1.3529411764705883,1.4509803921568627,-0.11176470588235293,0.0470588235294116,1.4490196078431372,-10,-41
1930_14,1930,Matchday 5,United States,Paraguay,3.0,0.0,team1_win,10,3,14,29,-15,0.3,1.4,2.9,27,7,30,38,-8,0.2592592592592592,1.1111111111111112,1.4074074074074074,0.0407407407407408,0.28888888888888875,1.4925925925925925,-7,-17
1930_15,1930,Matchday 8,Paraguay,Belgium,1.0,0.0,team1_win,27,7,30,38,-8,0.2592592592592592,1.1111111111111112,1.4074074074074074,51,21,69,74,-5,0.4117647058823529,1.3529411764705883,1.4509803921568627,-0.15250544662309373,-0.24183006535947715,-0.04357298474945526,-3,-24
1930_16,1930,Semi-finals,Argentina,United States,6.0,1.0,team1_win,88,47,152,101,51,0.5340909090909091,1.7272727272727273,1.1477272727272727,10,3,14,29,-15,0.3,1.4,2.9,0.23409090909090907,0.3272727272727274,-1.7522727272727272,66,78
1930_17,1930,Semi-finals,Uruguay,Serbia,6.0,1.0,team1_win,59,25,89,76,13,0.423728813559322,1.5084745762711864,1.2881355932203389,46,18,69,61,8,0.391304347826087,1.5,1.326086956521739,0.03242446573323504,0.008474576271186418,-0.03795136330140014,5,13
1930_18,1930,Final,Uruguay,Argentina,4.0,2.0,team1_win,59,25,89,76,13,0.423728813559322,1.5084745762711864,1.2881355932203389,88,47,152,101,51,0.5340909090909091,1.7272727272727273,1.1477272727272727,-0.11036209553158705,-0.21879815100154087,0.14040832049306617,-38,-29
1934_1,1934,Preliminary round,Sweden,Argentina,3.0,2.0,team1_win,51,19,80,73,7,0.3725490196078431,1.568627450980392,1.431372549019608,88,47,152,101,51,0.5340909090909091,1.7272727272727273,1.1477272727272727,-0.16154188948306597,-0.15864527629233538,0.2836452762923354,-44,-37
1934_2,1934,Preliminary round,Austria,France,3.0,2.0,team1_win,29,12,43,47,-4,0.4137931034482758,1.4827586206896552,1.6206896551724137,73,39,136,85,51,0.5342465753424658,1.8630136986301369,1.1643835616438356,-0.12045347189418998,-0.38025507794048163,0.4563060935285781,-55,-44
1934_3,1934,Preliminary round,Germany,Belgium,5.0,2.0,team1_win,112,68,232,130,102,0.6071428571428571,2.0714285714285716,1.1607142857142858,51,21,69,74,-5,0.4117647058823529,1.3529411764705883,1.4509803921568627,0.19537815126050417,0.7184873949579833,-0.2902661064425769,107,61
1934_4,1934,Preliminary round,Spain,Brazil,3.0,1.0,team1_win,67,31,108,75,33,0.4626865671641791,1.611940298507463,1.1194029850746268,114,76,237,108,129,0.6666666666666666,2.0789473684210527,0.9473684210526316,-0.20398009950248752,-0.46700706991358976,0.17203456402199513,-96,-47
1934_5,1934,Preliminary round,Hungary,Egypt,4.0,2.0,team1_win,32,15,87,57,30,0.46875,2.71875,1.78125,7,0,5,12,-7,0.0,0.7142857142857143,1.7142857142857142,0.46875,2.0044642857142856,0.06696428571428581,37,25
1934_6,1934,Preliminary round,Switzerland,Netherlands,3.0,2.0,team1_win,41,14,55,73,-18,0.3414634146341463,1.3414634146341464,1.7804878048780488,55,30,96,52,44,0.5454545454545454,1.7454545454545454,0.9454545454545454,-0.2039911308203991,-0.40399113082039895,0.8350332594235034,-62,-14
1934_7,1934,Preliminary round,Italy,United States,7.0,1.0,team1_win,83,45,128,77,51,0.5421686746987951,1.5421686746987953,0.927710843373494,10,3,14,29,-15,0.3,1.4,2.9,0.24216867469879516,0.14216867469879535,-1.972289156626506,66,73
1934_8,1934,Preliminary round,Czech Republic,Romania,2.0,1.0,team1_win,33,12,47,49,-2,0.3636363636363636,1.4242424242424243,1.4848484848484849,21,8,30,32,-2,0.3809523809523809,1.4285714285714286,1.5238095238095235,-0.017316017316017285,-0.0043290043290042934,-0.03896103896103864,0,12
1934_9,1934,Quarter-finals,Czech Republic,Switzerland,3.0,2.0,team1_win,33,12,47,49,-2,0.3636363636363636,1.4242424242424243,1.4848484848484849,41,14,55,73,-18,0.3414634146341463,1.3414634146341464,1.7804878048780488,0.02217294900221728,0.08277900960827789,-0.29563932002956395,16,-8
1934_10,1934,Quarter-finals,Germany,Sweden,2.0,1.0,team1_win,112,68,232,130,102,0.6071428571428571,2.0714285714285716,1.1607142857142858,51,19,80,73,7,0.3725490196078431,1.568627450980392,1.431372549019608,0.234593837535014,0.5028011204481797,-0.2706582633053223,95,61
1934_11,1934,Quarter-finals,Italy,Spain,1.0,1.0,draw,83,45,128,77,51,0.5421686746987951,1.5421686746987953,0.927710843373494,67,31,108,75,33,0.4626865671641791,1.611940298507463,1.1194029850746268,0.07948210753461604,-0.06977162380866764,-0.1916921417011328,18,16
1934_12,1934,Quarter-finals,Austria,Hungary,2.0,1.0,team1_win,29,12,43,47,-4,0.4137931034482758,1.4827586206896552,1.6206896551724137,32,15,87,57,30,0.46875,2.71875,1.78125,-0.0549568965517242,-1.2359913793103448,-0.1605603448275863,-34,-3
1934_13,1934,"Quarter-finals, Replays",Italy,Spain,1.0,0.0,team1_win,83,45,128,77,51,0.5421686746987951,1.5421686746987953,0.927710843373494,67,31,108,75,33,0.4626865671641791,1.611940298507463,1.1194029850746268,0.07948210753461604,-0.06977162380866764,-0.1916921417011328,18,16
1934_14,1934,Semi-finals,Italy,Austria,1.0,0.0,team1_win,83,45,128,77,51,0.5421686746987951,1.5421686746987953,0.927710843373494,29,12,43,47,-4,0.4137931034482758,1.4827586206896552,1.6206896551724137,0.12837557125051935,0.05941005400914001,-0.6929788117989197,55,54
1934_15,1934,Semi-finals,Czech Republic,Germany,3.0,1.0,team1_win,33,12,47,49,-2,0.3636363636363636,1.4242424242424243,1.4848484848484849,112,68,232,130,102,0.6071428571428571,2.0714285714285716,1.1607142857142858,-0.2435064935064935,-0.6471861471861473,0.32413419913419905,-104,-79
1934_16,1934,Third-place match,Germany,Austria,3.0,2.0,team1_win,112,68,232,130,102,0.6071428571428571,2.0714285714285716,1.1607142857142858,29,12,43,47,-4,0.4137931034482758,1.4827586206896552,1.6206896551724137,0.1933497536945813,0.5886699507389164,-0.4599753694581279,106,83
1934_17,1934,Final,Italy,Czech Republic,2.0,1.0,team1_win,83,45,128,77,51,0.5421686746987951,1.5421686746987953,0.927710843373494,33,12,47,49,-2,0.3636363636363636,1.4242424242424243,1.4848484848484849,0.17853231106243156,0.11792625045637095,-0.5571376414749909,53,50
1938_1,1938,First round,Switzerland,Germany,1.0,1.0,draw,41,14,55,73,-18,0.3414634146341463,1.3414634146341464,1.7804878048780488,112,68,232,130,102,0.6071428571428571,2.0714285714285716,1.1607142857142858,-0.2656794425087108,-0.7299651567944252,0.619773519163763,-120,-71
1938_2,1938,First round,Hungary,Dutch East Indies,6.0,0.0,team1_win,32,15,87,57,30,0.46875,2.71875,1.78125,1,0,0,6,-6,0.0,0.0,6.0,0.46875,2.71875,-4.21875,36,31
1938_3,1938,First round,France,Belgium,3.0,1.0,team1_win,73,39,136,85,51,0.5342465753424658,1.8630136986301369,1.1643835616438356,51,21,69,74,-5,0.4117647058823529,1.3529411764705883,1.4509803921568627,0.12248186946011286,0.5100725221595486,-0.2865968305130271,56,22
1938_4,1938,First round,Cuba,Romania,3.0,3.0,draw,3,1,5,12,-7,0.3333333333333333,1.6666666666666667,4.0,21,8,30,32,-2,0.3809523809523809,1.4285714285714286,1.5238095238095235,-0.04761904761904756,0.23809523809523814,2.4761904761904763,-5,-18
1938_5,1938,First round,Italy,Norway,2.0,1.0,team1_win,83,45,128,77,51,0.5421686746987951,1.5421686746987953,0.927710843373494,8,2,7,8,-1,0.25,0.875,1.0,0.29216867469879515,0.6671686746987953,-0.07228915662650603,52,75
1938_6,1938,First round,Brazil,Poland,6.0,5.0,team1_win,114,76,237,108,129,0.6666666666666666,2.0789473684210527,0.9473684210526316,38,17,49,50,-1,0.4473684210526316,1.2894736842105263,1.3157894736842106,0.21929824561403505,0.7894736842105263,-0.368421052631579,130,76
1938_7,1938,First round,Czech Republic,Netherlands,3.0,0.0,team1_win,33,12,47,49,-2,0.3636363636363636,1.4242424242424243,1.4848484848484849,55,30,96,52,44,0.5454545454545454,1.7454545454545454,0.9454545454545454,-0.18181818181818182,-0.32121212121212106,0.5393939393939394,-46,-22
1938_9,1938,"First round, Replays",Cuba,Romania,2.0,1.0,team1_win,3,1,5,12,-7,0.3333333333333333,1.6666666666666667,4.0,21,8,30,32,-2,0.3809523809523809,1.4285714285714286,1.5238095238095235,-0.04761904761904756,0.23809523809523814,2.4761904761904763,-5,-18
1938_10,1938,"First round, Replays",Germany,Switzerland,2.0,4.0,team2_win,112,68,232,130,102,0.6071428571428571,2.0714285714285716,1.1607142857142858,41,14,55,73,-18,0.3414634146341463,1.3414634146341464,1.7804878048780488,0.2656794425087108,0.7299651567944252,-0.619773519163763,120,71
1938_11,1938,Quarter-finals,Brazil,Czech Republic,1.0,1.0,draw,114,76,237,108,129,0.6666666666666666,2.0789473684210527,0.9473684210526316,33,12,47,49,-2,0.3636363636363636,1.4242424242424243,1.4848484848484849,0.30303030303030304,0.6547049441786283,-0.5374800637958532,131,81
1938_12,1938,Quarter-finals,Switzerland,Hungary,0.0,2.0,team2_win,41,14,55,73,-18,0.3414634146341463,1.3414634146341464,1.7804878048780488,32,15,87,57,30,0.46875,2.71875,1.78125,-0.1272865853658537,-1.3772865853658536,-0.0007621951219511924,-48,9
1938_13,1938,Quarter-finals,Sweden,Cuba,8.0,0.0,team1_win,51,19,80,73,7,0.3725490196078431,1.568627450980392,1.431372549019608,3,1,5,12,-7,0.3333333333333333,1.6666666666666667,4.0,0.039215686274509776,-0.09803921568627483,-2.568627450980392,14,48
1938_14,1938,Quarter-finals,France,Italy,1.0,3.0,team2_win,73,39,136,85,51,0.5342465753424658,1.8630136986301369,1.1643835616438356,83,45,128,77,51,0.5421686746987951,1.5421686746987953,0.927710843373494,-0.00792209935632937,0.3208450239313416,0.23667271827034164,0,-10
1938_15,1938,"Quarter-finals, Replays",Brazil,Czech Republic,2.0,1.0,team1_win,114,76,237,108,129,0.6666666666666666,2.0789473684210527,0.9473684210526316,33,12,47,49,-2,0.3636363636363636,1.4242424242424243,1.4848484848484849,0.30303030303030304,0.6547049441786283,-0.5374800637958532,131,81
1938_16,1938,Semi-finals,Hungary,Sweden,5.0,1.0,team1_win,32,15,87,57,30,0.46875,2.71875,1.78125,51,19,80,73,7,0.3725490196078431,1.568627450980392,1.431372549019608,0.09620098039215691,1.150122549019608,0.3498774509803919,23,-19
1938_17,1938,Semi-finals,Italy,Brazil,2.0,1.0,team1_win,83,45,128,77,51,0.5421686746987951,1.5421686746987953,0.927710843373494,114,76,237,108,129,0.6666666666666666,2.0789473684210527,0.9473684210526316,-0.12449799196787148,-0.5367786937222574,-0.019657577679137672,-78,-31
1938_18,1938,Match for third place,Sweden,Brazil,2.0,4.0,team2_win,51,19,80,73,7,0.3725490196078431,1.568627450980392,1.431372549019608,114,76,237,108,129,0.6666666666666666,2.0789473684210527,0.9473684210526316,-0.29411764705882354,-0.5103199174406607,0.48400412796697645,-122,-63
1938_19,1938,Final,Hungary,Italy,2.0,4.0,team2_win,32,15,87,57,30,0.46875,2.71875,1.78125,83,45,128,77,51,0.5421686746987951,1.5421686746987953,0.927710843373494,-0.07341867469879515,1.1765813253012047,0.853539156626506,-21,-51
1950_1,1950,First round,Brazil,Mexico,4.0,0.0,team1_win,114,76,237,108,129,0.6666666666666666,2.0789473684210527,0.9473684210526316,60,17,62,101,-39,0.2833333333333333,1.0333333333333334,1.6833333333333331,0.3833333333333333,1.0456140350877192,-0.7359649122807015,168,54
1950_2,1950,First round,Serbia,Switzerland,3.0,0.0,team1_win,46,18,69,61,8,0.391304347826087,1.5,1.326086956521739,41,14,55,73,-18,0.3414634146341463,1.3414634146341464,1.7804878048780488,0.04984093319194066,0.15853658536585358,-0.4544008483563098,26,5
1950_3,1950,First round,Brazil,Switzerland,2.0,2.0,draw,114,76,237,108,129,0.6666666666666666,2.0789473684210527,0.9473684210526316,41,14,55,73,-18,0.3414634146341463,1.3414634146341464,1.7804878048780488,0.3252032520325203,0.7374839537869062,-0.8331193838254172,147,73
1950_4,1950,First round,Serbia,Mexico,4.0,1.0,team1_win,46,18,69,61,8,0.391304347826087,1.5,1.326086956521739,60,17,62,101,-39,0.2833333333333333,1.0333333333333334,1.6833333333333331,0.10797101449275365,0.46666666666666656,-0.3572463768115941,47,-14
1950_5,1950,First round,Brazil,Serbia,2.0,0.0,team1_win,114,76,237,108,129,0.6666666666666666,2.0789473684210527,0.9473684210526316,46,18,69,61,8,0.391304347826087,1.5,1.326086956521739,0.27536231884057966,0.5789473684210527,-0.3787185354691074,121,68
1950_6,1950,First round,Switzerland,Mexico,2.0,1.0,team1_win,41,14,55,73,-18,0.3414634146341463,1.3414634146341464,1.7804878048780488,60,17,62,101,-39,0.2833333333333333,1.0333333333333334,1.6833333333333331,0.058130081300812986,0.308130081300813,0.09715447154471568,21,-19
1950_7,1950,First round,England,Chile,2.0,0.0,team1_win,74,32,104,68,36,0.4324324324324324,1.4054054054054057,0.918918918918919,33,11,40,49,-9,0.3333333333333333,1.2121212121212122,1.4848484848484849,0.09909909909909909,0.19328419328419355,-0.5659295659295659,45,41
1950_8,1950,First round,Spain,United States,3.0,1.0,team1_win,67,31,108,75,33,0.4626865671641791,1.611940298507463,1.1194029850746268,10,3,14,29,-15,0.3,1.4,2.9,0.16268656716417912,0.211940298507463,-1.7805970149253731,48,57
1950_9,1950,First round,Spain,Chile,2.0,0.0,team1_win,67,31,108,75,33,0.4626865671641791,1.611940298507463,1.1194029850746268,33,11,40,49,-9,0.3333333333333333,1.2121212121212122,1.4848484848484849,0.1293532338308458,0.39981908638625074,-0.3654454997738581,42,34
1950_10,1950,First round,United States,England,1.0,0.0,team1_win,10,3,14,29,-15,0.3,1.4,2.9,74,32,104,68,36,0.4324324324324324,1.4054054054054057,0.918918918918919,-0.1324324324324324,-0.005405405405405794,1.981081081081081,-51,-64
1950_11,1950,First round,Spain,England,1.0,0.0,team1_win,67,31,108,75,33,0.4626865671641791,1.611940298507463,1.1194029850746268,74,32,104,68,36,0.4324324324324324,1.4054054054054057,0.918918918918919,0.030254134731746707,0.2065348931020572,0.2004840661557078,-3,-7
1950_12,1950,First round,Chile,United States,5.0,2.0,team1_win,33,11,40,49,-9,0.3333333333333333,1.2121212121212122,1.4848484848484849,10,3,14,29,-15,0.3,1.4,2.9,0.033333333333333326,-0.18787878787878776,-1.415151515151515,6,23
1950_13,1950,First round,Sweden,Italy,3.0,2.0,team1_win,51,19,80,73,7,0.3725490196078431,1.568627450980392,1.431372549019608,83,45,128,77,51,0.5421686746987951,1.5421686746987953,0.927710843373494,-0.16961965509095206,0.026458776281596652,0.5036617056461141,-44,-32
1950_14,1950,First round,Sweden,Paraguay,2.0,2.0,draw,51,19,80,73,7,0.3725490196078431,1.568627450980392,1.431372549019608,27,7,30,38,-8,0.2592592592592592,1.1111111111111112,1.4074074074074074,0.1132897603485839,0.45751633986928075,0.023965141612200647,15,24
1950_15,1950,First round,Italy,Paraguay,2.0,0.0,team1_win,83,45,128,77,51,0.5421686746987951,1.5421686746987953,0.927710843373494,27,7,30,38,-8,0.2592592592592592,1.1111111111111112,1.4074074074074074,0.28290941543953596,0.4310575635876841,-0.4796965640339135,59,56
1950_16,1950,First round,Uruguay,Bolivia,8.0,0.0,team1_win,59,25,89,76,13,0.423728813559322,1.5084745762711864,1.2881355932203389,6,0,1,20,-19,0.0,0.1666666666666666,3.3333333333333335,0.423728813559322,1.34180790960452,-2.045197740112995,32,53
1950_17,1950,Final Round,Uruguay,Spain,2.0,2.0,draw,59,25,89,76,13,0.423728813559322,1.5084745762711864,1.2881355932203389,67,31,108,75,33,0.4626865671641791,1.611940298507463,1.1194029850746268,-0.03895775360485709,-0.10346572223627648,0.16873260814571212,-20,-8
1950_18,1950,Final Round,Brazil,Sweden,7.0,1.0,team1_win,114,76,237,108,129,0.6666666666666666,2.0789473684210527,0.9473684210526316,51,19,80,73,7,0.3725490196078431,1.568627450980392,1.431372549019608,0.29411764705882354,0.5103199174406607,-0.48400412796697645,122,63
1950_19,1950,Final Round,Brazil,Spain,6.0,1.0,team1_win,114,76,237,108,129,0.6666666666666666,2.0789473684210527,0.9473684210526316,67,31,108,75,33,0.4626865671641791,1.611940298507463,1.1194029850746268,0.20398009950248752,0.46700706991358976,-0.17203456402199513,96,47
1950_20,1950,Final Round,Uruguay,Sweden,3.0,2.0,team1_win,59,25,89,76,13,0.423728813559322,1.5084745762711864,1.2881355932203389,51,19,80,73,7,0.3725490196078431,1.568627450980392,1.431372549019608,0.051179793951478925,-0.060152874709205495,-0.1432369557992692,6,8
1950_21,1950,Final Round,Sweden,Spain,3.0,1.0,team1_win,51,19,80,73,7,0.3725490196078431,1.568627450980392,1.431372549019608,67,31,108,75,33,0.4626865671641791,1.611940298507463,1.1194029850746268,-0.09013754755633602,-0.043312847527070986,0.3119695639449813,-26,-16
1950_22,1950,Final Round,Uruguay,Brazil,2.0,1.0,team1_win,59,25,89,76,13,0.423728813559322,1.5084745762711864,1.2881355932203389,114,76,237,108,129,0.6666666666666666,2.0789473684210527,0.9473684210526316,-0.24293785310734461,-0.5704727921498662,0.34076717216770724,-116,-55
1954_1,1954,Matchday 1,Brazil,Mexico,5.0,0.0,team1_win,114,76,237,108,129,0.6666666666666666,2.0789473684210527,0.9473684210526316,60,17,62,101,-39,0.2833333333333333,1.0333333333333334,1.6833333333333331,0.3833333333333333,1.0456140350877192,-0.7359649122807015,168,54
1954_2,1954,Matchday 1,Serbia,France,1.0,0.0,team1_win,46,18,69,61,8,0.391304347826087,1.5,1.326086956521739,73,39,136,85,51,0.5342465753424658,1.8630136986301369,1.1643835616438356,-0.1429422275163788,-0.3630136986301369,0.16170339487790342,-43,-27
1954_3,1954,Matchday 2,Brazil,Serbia,1.0,1.0,draw,114,76,237,108,129,0.6666666666666666,2.0789473684210527,0.9473684210526316,46,18,69,61,8,0.391304347826087,1.5,1.326086956521739,0.27536231884057966,0.5789473684210527,-0.3787185354691074,121,68
1954_4,1954,Matchday 2,France,Mexico,3.0,2.0,team1_win,73,39,136,85,51,0.5342465753424658,1.8630136986301369,1.1643835616438356,60,17,62,101,-39,0.2833333333333333,1.0333333333333334,1.6833333333333331,0.25091324200913245,0.8296803652968034,-0.5189497716894975,90,13
1954_5,1954,Matchday 1,Germany,Turkey,4.0,1.0,team1_win,112,68,232,130,102,0.6071428571428571,2.0714285714285716,1.1607142857142858,10,5,20,17,3,0.5,2.0,1.7,0.1071428571428571,0.07142857142857162,-0.5392857142857141,99,102
1954_6,1954,Matchday 1,Hungary,South Korea,9.0,0.0,team1_win,32,15,87,57,30,0.46875,2.71875,1.78125,38,7,39,78,-39,0.1842105263157894,1.0263157894736843,2.0526315789473686,0.2845394736842106,1.6924342105263157,-0.2713815789473686,69,-6
1954_7,1954,Matchday 2,Hungary,Germany,8.0,3.0,team1_win,32,15,87,57,30,0.46875,2.71875,1.78125,112,68,232,130,102,0.6071428571428571,2.0714285714285716,1.1607142857142858,-0.1383928571428571,0.6473214285714284,0.6205357142857142,-72,-80
1954_8,1954,Matchday 2,Turkey,South Korea,7.0,0.0,team1_win,10,5,20,17,3,0.5,2.0,1.7,38,7,39,78,-39,0.1842105263157894,1.0263157894736843,2.0526315789473686,0.3157894736842106,0.9736842105263157,-0.35263157894736863,42,-28
1954_9,1954,Group 2 Play-off,Germany,Turkey,7.0,2.0,team1_win,112,68,232,130,102,0.6071428571428571,2.0714285714285716,1.1607142857142858,10,5,20,17,3,0.5,2.0,1.7,0.1071428571428571,0.07142857142857162,-0.5392857142857141,99,102
1954_10,1954,Matchday 1,Uruguay,Czech Republic,2.0,0.0,team1_win,59,25,89,76,13,0.423728813559322,1.5084745762711864,1.2881355932203389,33,12,47,49,-2,0.3636363636363636,1.4242424242424243,1.4848484848484849,0.060092449922958424,0.08423215202876211,-0.19671289162814598,15,26
1954_11,1954,Matchday 1,Austria,Scotland,1.0,0.0,team1_win,29,12,43,47,-4,0.4137931034482758,1.4827586206896552,1.6206896551724137,23,4,25,41,-16,0.1739130434782608,1.0869565217391304,1.7826086956521738,0.239880059970015,0.39580209895052487,-0.16191904047976013,12,6
1954_12,1954,Matchday 2,Austria,Czech Republic,5.0,0.0,team1_win,29,12,43,47,-4,0.4137931034482758,1.4827586206896552,1.6206896551724137,33,12,47,49,-2,0.3636363636363636,1.4242424242424243,1.4848484848484849,0.05015673981191221,0.05851619644723094,0.13584117032392884,-2,-4
1954_13,1954,Matchday 2,Uruguay,Scotland,7.0,0.0,team1_win,59,25,89,76,13,0.423728813559322,1.5084745762711864,1.2881355932203389,23,4,25,41,-16,0.1739130434782608,1.0869565217391304,1.7826086956521738,0.2498157700810612,0.42151805453205604,-0.49447310243183495,29,36
1954_14,1954,Matchday 1,England,Belgium,4.0,4.0,draw,74,32,104,68,36,0.4324324324324324,1.4054054054054057,0.918918918918919,51,21,69,74,-5,0.4117647058823529,1.3529411764705883,1.4509803921568627,0.02066772655007948,0.05246422893481739,-0.5320614732379437,41,23
1954_15,1954,Matchday 1,Switzerland,Italy,2.0,1.0,team1_win,41,14,55,73,-18,0.3414634146341463,1.3414634146341464,1.7804878048780488,83,45,128,77,51,0.5421686746987951,1.5421686746987953,0.927710843373494,-0.20070526006464884,-0.20070526006464884,0.8527769615045548,-69,-42
1954_16,1954,Matchday 2,England,Switzerland,2.0,0.0,team1_win,74,32,104,68,36,0.4324324324324324,1.4054054054054057,0.918918918918919,41,14,55,73,-18,0.3414634146341463,1.3414634146341464,1.7804878048780488,0.09096901779828609,0.06394199077125928,-0.8615688859591298,54,33
1954_17,1954,Matchday 2,Italy,Belgium,4.0,1.0,team1_win,83,45,128,77,51,0.5421686746987951,1.5421686746987953,0.927710843373494,51,21,69,74,-5,0.4117647058823529,1.3529411764705883,1.4509803921568627,0.13040396881644223,0.18922749822820695,-0.5232695487833687,56,32
1954_18,1954,Group 4 Play-off,Switzerland,Italy,4.0,1.0,team1_win,41,14,55,73,-18,0.3414634146341463,1.3414634146341464,1.7804878048780488,83,45,128,77,51,0.5421686746987951,1.5421686746987953,0.927710843373494,-0.20070526006464884,-0.20070526006464884,0.8527769615045548,-69,-42
1954_19,1954,Quarter-finals,Austria,Switzerland,7.0,5.0,team1_win,29,12,43,47,-4,0.4137931034482758,1.4827586206896552,1.6206896551724137,41,14,55,73,-18,0.3414634146341463,1.3414634146341464,1.7804878048780488,0.07232968881412949,0.14129520605550883,-0.1597981497056351,14,-12
1954_20,1954,Quarter-finals,Uruguay,England,4.0,2.0,team1_win,59,25,89,76,13,0.423728813559322,1.5084745762711864,1.2881355932203389,74,32,104,68,36,0.4324324324324324,1.4054054054054057,0.918918918918919,-0.008703618873110386,0.10306917086578071,0.3692166743014199,-23,-15
1954_21,1954,Quarter-finals,Serbia,Germany,0.0,2.0,team2_win,46,18,69,61,8,0.391304347826087,1.5,1.326086956521739,112,68,232,130,102,0.6071428571428571,2.0714285714285716,1.1607142857142858,-0.21583850931677012,-0.5714285714285716,0.16537267080745321,-94,-66
1954_22,1954,Quarter-finals,Brazil,Hungary,2.0,4.0,team2_win,114,76,237,108,129,0.6666666666666666,2.0789473684210527,0.9473684210526316,32,15,87,57,30,0.46875,2.71875,1.78125,0.19791666666666663,-0.6398026315789473,-0.8338815789473684,99,82
1954_23,1954,Semi-finals,Germany,Austria,6.0,1.0,team1_win,112,68,232,130,102,0.6071428571428571,2.0714285714285716,1.1607142857142858,29,12,43,47,-4,0.4137931034482758,1.4827586206896552,1.6206896551724137,0.1933497536945813,0.5886699507389164,-0.4599753694581279,106,83
1954_24,1954,Semi-finals,Hungary,Uruguay,4.0,2.0,team1_win,32,15,87,57,30,0.46875,2.71875,1.78125,59,25,89,76,13,0.423728813559322,1.5084745762711864,1.2881355932203389,0.045021186440677985,1.2102754237288136,0.4931144067796611,17,-27
1954_25,1954,Third-place match,Uruguay,Austria,1.0,3.0,team2_win,59,25,89,76,13,0.423728813559322,1.5084745762711864,1.2881355932203389,29,12,43,47,-4,0.4137931034482758,1.4827586206896552,1.6206896551724137,0.009935710111046214,0.02571595558153117,-0.3325540619520748,17,30
1954_26,1954,Final,Hungary,Germany,2.0,3.0,team2_win,32,15,87,57,30,0.46875,2.71875,1.78125,112,68,232,130,102,0.6071428571428571,2.0714285714285716,1.1607142857142858,-0.1383928571428571,0.6473214285714284,0.6205357142857142,-72,-80
1958_1,1958,Matchday 1,Germany,Argentina,3.0,1.0,team1_win,112,68,232,130,102,0.6071428571428571,2.0714285714285716,1.1607142857142858,88,47,152,101,51,0.5340909090909091,1.7272727272727273,1.1477272727272727,0.07305194805194803,0.3441558441558443,0.012987012987013102,51,24
1958_2,1958,Matchday 1,Northern Ireland,Czech Republic,1.0,0.0,team1_win,13,3,13,23,-10,0.2307692307692307,1.0,1.7692307692307692,33,12,47,49,-2,0.3636363636363636,1.4242424242424243,1.4848484848484849,-0.1328671328671329,-0.4242424242424243,0.2843822843822843,-8,-20
1958_3,1958,Matchday 2,Argentina,Northern Ireland,3.0,1.0,team1_win,88,47,152,101,51,0.5340909090909091,1.7272727272727273,1.1477272727272727,13,3,13,23,-10,0.2307692307692307,1.0,1.7692307692307692,0.30332167832167833,0.7272727272727273,-0.6215034965034965,61,75
1958_4,1958,Matchday 2,Germany,Czech Republic,2.0,2.0,draw,112,68,232,130,102,0.6071428571428571,2.0714285714285716,1.1607142857142858,33,12,47,49,-2,0.3636363636363636,1.4242424242424243,1.4848484848484849,0.2435064935064935,0.6471861471861473,-0.32413419913419905,104,79
1958_5,1958,Matchday 3,Germany,Northern Ireland,2.0,2.0,draw,112,68,232,130,102,0.6071428571428571,2.0714285714285716,1.1607142857142858,13,3,13,23,-10,0.2307692307692307,1.0,1.7692307692307692,0.37637362637362637,1.0714285714285716,-0.6085164835164834,112,99
1958_6,1958,Matchday 3,Czech Republic,Argentina,6.0,1.0,team1_win,33,12,47,49,-2,0.3636363636363636,1.4242424242424243,1.4848484848484849,88,47,152,101,51,0.5340909090909091,1.7272727272727273,1.1477272727272727,-0.17045454545454547,-0.303030303030303,0.33712121212121215,-53,-55
1958_7,1958,Group 1 Play-off,Northern Ireland,Czech Republic,2.0,1.0,team1_win,13,3,13,23,-10,0.2307692307692307,1.0,1.7692307692307692,33,12,47,49,-2,0.3636363636363636,1.4242424242424243,1.4848484848484849,-0.1328671328671329,-0.4242424242424243,0.2843822843822843,-8,-20
1958_8,1958,Matchday 1,France,Paraguay,7.0,3.0,team1_win,73,39,136,85,51,0.5342465753424658,1.8630136986301369,1.1643835616438356,27,7,30,38,-8,0.2592592592592592,1.1111111111111112,1.4074074074074074,0.2749873160832066,0.7519025875190257,-0.24302384576357183,59,46
1958_9,1958,Matchday 1,Serbia,Scotland,1.0,1.0,draw,46,18,69,61,8,0.391304347826087,1.5,1.326086956521739,23,4,25,41,-16,0.1739130434782608,1.0869565217391304,1.7826086956521738,0.21739130434782616,0.4130434782608696,-0.4565217391304348,24,23
1958_10,1958,Matchday 2,Serbia,France,3.0,2.0,team1_win,46,18,69,61,8,0.391304347826087,1.5,1.326086956521739,73,39,136,85,51,0.5342465753424658,1.8630136986301369,1.1643835616438356,-0.1429422275163788,-0.3630136986301369,0.16170339487790342,-43,-27
1958_11,1958,Matchday 2,Paraguay,Scotland,3.0,2.0,team1_win,27,7,30,38,-8,0.2592592592592592,1.1111111111111112,1.4074074074074074,23,4,25,41,-16,0.1739130434782608,1.0869565217391304,1.7826086956521738,0.08534621578099838,0.024154589371980784,-0.3752012882447664,8,4
1958_12,1958,Matchday 3,France,Scotland,2.0,1.0,team1_win,73,39,136,85,51,0.5342465753424658,1.8630136986301369,1.1643835616438356,23,4,25,41,-16,0.1739130434782608,1.0869565217391304,1.7826086956521738,0.36033353186420497,0.7760571768910065,-0.6182251340083382,67,50
1958_13,1958,Matchday 3,Paraguay,Serbia,3.0,3.0,draw,27,7,30,38,-8,0.2592592592592592,1.1111111111111112,1.4074074074074074,46,18,69,61,8,0.391304347826087,1.5,1.326086956521739,-0.13204508856682778,-0.38888888888888884,0.08132045088566842,-16,-19
1958_14,1958,Matchday 1,Sweden,Mexico,3.0,0.0,team1_win,51,19,80,73,7,0.3725490196078431,1.568627450980392,1.431372549019608,60,17,62,101,-39,0.2833333333333333,1.0333333333333334,1.6833333333333331,0.08921568627450976,0.5352941176470585,-0.25196078431372504,46,-9
1958_15,1958,Matchday 1,Hungary,Wales,1.0,1.0,draw,32,15,87,57,30,0.46875,2.71875,1.78125,8,1,5,10,-5,0.125,0.625,1.25,0.34375,2.09375,0.53125,35,24
1958_16,1958,Matchday 2,Mexico,Wales,1.0,1.0,draw,60,17,62,101,-39,0.2833333333333333,1.0333333333333334,1.6833333333333331,8,1,5,10,-5,0.125,0.625,1.25,0.15833333333333333,0.40833333333333344,0.4333333333333331,-34,52
1958_17,1958,Matchday 2,Sweden,Hungary,2.0,1.0,team1_win,51,19,80,73,7,0.3725490196078431,1.568627450980392,1.431372549019608,32,15,87,57,30,0.46875,2.71875,1.78125,-0.09620098039215691,-1.150122549019608,-0.3498774509803919,-23,19
1958_18,1958,Matchday 3,Sweden,Wales,0.0,0.0,draw,51,19,80,73,7,0.3725490196078431,1.568627450980392,1.431372549019608,8,1,5,10,-5,0.125,0.625,1.25,0.2475490196078431,0.9436274509803919,0.1813725490196081,12,43
1958_19,1958,Matchday 3,Hungary,Mexico,4.0,0.0,team1_win,32,15,87,57,30,0.46875,2.71875,1.78125,60,17,62,101,-39,0.2833333333333333,1.0333333333333334,1.6833333333333331,0.18541666666666667,1.6854166666666666,0.09791666666666687,69,-28
1958_20,1958,Group 3 Play-off,Wales,Hungary,2.0,1.0,team1_win,8,1,5,10,-5,0.125,0.625,1.25,32,15,87,57,30,0.46875,2.71875,1.78125,-0.34375,-2.09375,-0.53125,-35,-24
1958_21,1958,Matchday 1,Brazil,Austria,3.0,0.0,team1_win,114,76,237,108,129,0.6666666666666666,2.0789473684210527,0.9473684210526316,29,12,43,47,-4,0.4137931034482758,1.4827586206896552,1.6206896551724137,0.25287356321839083,0.5961887477313974,-0.6733212341197821,133,85
1958_22,1958,Matchday 1,Russia,England,2.0,2.0,draw,45,19,77,54,23,0.4222222222222222,1.711111111111111,1.2,74,32,104,68,36,0.4324324324324324,1.4054054054054057,0.918918918918919,-0.01021021021021018,0.3057057057057053,0.281081081081081,-13,-29
1958_23,1958,Matchday 2,Brazil,England,0.0,0.0,draw,114,76,237,108,129,0.6666666666666666,2.0789473684210527,0.9473684210526316,74,32,104,68,36,0.4324324324324324,1.4054054054054057,0.918918918918919,0.23423423423423423,0.673541963015647,0.028449502133712667,93,40
1958_24,1958,Matchday 2,Russia,Austria,2.0,0.0,team1_win,45,19,77,54,23,0.4222222222222222,1.711111111111111,1.2,29,12,43,47,-4,0.4137931034482758,1.4827586206896552,1.6206896551724137,0.00842911877394642,0.22835249042145578,-0.42068965517241375,27,16
1958_25,1958,Matchday 3,England,Austria,2.0,2.0,draw,74,32,104,68,36,0.4324324324324324,1.4054054054054057,0.918918918918919,29,12,43,47,-4,0.4137931034482758,1.4827586206896552,1.6206896551724137,0.0186393289841566,-0.07735321528424954,-0.7017707362534947,40,45
1958_26,1958,Matchday 3,Brazil,Russia,2.0,0.0,team1_win,114,76,237,108,129,0.6666666666666666,2.0789473684210527,0.9473684210526316,45,19,77,54,23,0.4222222222222222,1.711111111111111,1.2,0.2444444444444444,0.3678362573099416,-0.2526315789473683,106,69
1958_27,1958,Group 4 Play-off,Russia,England,1.0,0.0,team1_win,45,19,77,54,23,0.4222222222222222,1.711111111111111,1.2,74,32,104,68,36,0.4324324324324324,1.4054054054054057,0.918918918918919,-0.01021021021021018,0.3057057057057053,0.281081081081081,-13,-29
1958_28,1958,Quarter-finals,France,Northern Ireland,4.0,0.0,team1_win,73,39,136,85,51,0.5342465753424658,1.8630136986301369,1.1643835616438356,13,3,13,23,-10,0.2307692307692307,1.0,1.7692307692307692,0.30347734457323505,0.8630136986301369,-0.6048472075869336,61,60
1958_29,1958,Quarter-finals,Sweden,Russia,2.0,0.0,team1_win,51,19,80,73,7,0.3725490196078431,1.568627450980392,1.431372549019608,45,19,77,54,23,0.4222222222222222,1.711111111111111,1.2,-0.04967320261437913,-0.14248366013071911,0.23137254901960813,-16,6
1958_30,1958,Quarter-finals,Brazil,Wales,1.0,0.0,team1_win,114,76,237,108,129,0.6666666666666666,2.0789473684210527,0.9473684210526316,8,1,5,10,-5,0.125,0.625,1.25,0.5416666666666666,1.4539473684210527,-0.30263157894736836,134,106
1958_31,1958,Quarter-finals,Germany,Serbia,1.0,0.0,team1_win,112,68,232,130,102,0.6071428571428571,2.0714285714285716,1.1607142857142858,46,18,69,61,8,0.391304347826087,1.5,1.326086956521739,0.21583850931677012,0.5714285714285716,-0.16537267080745321,94,66
1958_32,1958,Semi-finals,France,Brazil,2.0,5.0,team2_win,73,39,136,85,51,0.5342465753424658,1.8630136986301369,1.1643835616438356,114,76,237,108,129,0.6666666666666666,2.0789473684210527,0.9473684210526316,-0.13242009132420085,-0.21593366979091577,0.21701514059120397,-78,-41
1958_33,1958,Semi-finals,Germany,Sweden,1.0,3.0,team2_win,112,68,232,130,102,0.6071428571428571,2.0714285714285716,1.1607142857142858,51,19,80,73,7,0.3725490196078431,1.568627450980392,1.431372549019608,0.234593837535014,0.5028011204481797,-0.2706582633053223,95,61
1958_34,1958,Match for third place,Germany,France,3.0,6.0,team2_win,112,68,232,130,102,0.6071428571428571,2.0714285714285716,1.1607142857142858,73,39,136,85,51,0.5342465753424658,1.8630136986301369,1.1643835616438356,0.07289628180039132,0.20841487279843474,-0.003669275929549798,51,39
1958_35,1958,Final,Sweden,Brazil,2.0,5.0,team2_win,51,19,80,73,7,0.3725490196078431,1.568627450980392,1.431372549019608,114,76,237,108,129,0.6666666666666666,2.0789473684210527,0.9473684210526316,-0.29411764705882354,-0.5103199174406607,0.48400412796697645,-122,-63
1962_1,1962,Matchday 1,Uruguay,Colombia,2.0,1.0,team1_win,59,25,89,76,13,0.423728813559322,1.5084745762711864,1.2881355932203389,22,9,32,30,2,0.4090909090909091,1.4545454545454546,1.3636363636363635,0.014637904468412899,0.05392912172573183,-0.07550077041602465,11,37
1962_2,1962,Matchday 1,Russia,Serbia,2.0,0.0,team1_win,45,19,77,54,23,0.4222222222222222,1.711111111111111,1.2,46,18,69,61,8,0.391304347826087,1.5,1.326086956521739,0.030917874396135248,0.21111111111111103,-0.12608695652173907,15,-1
1962_3,1962,Matchday 2,Serbia,Uruguay,3.0,1.0,team1_win,46,18,69,61,8,0.391304347826087,1.5,1.326086956521739,59,25,89,76,13,0.423728813559322,1.5084745762711864,1.2881355932203389,-0.03242446573323504,-0.008474576271186418,0.03795136330140014,-5,-13
1962_4,1962,Matchday 2,Russia,Colombia,4.0,4.0,draw,45,19,77,54,23,0.4222222222222222,1.711111111111111,1.2,22,9,32,30,2,0.4090909090909091,1.4545454545454546,1.3636363636363635,0.013131313131313105,0.25656565656565644,-0.16363636363636358,21,23
1962_5,1962,Matchday 3,Russia,Uruguay,2.0,1.0,team1_win,45,19,77,54,23,0.4222222222222222,1.711111111111111,1.2,59,25,89,76,13,0.423728813559322,1.5084745762711864,1.2881355932203389,-0.001506591337099794,0.2026365348399246,-0.08813559322033893,10,-14
1962_6,1962,Matchday 3,Serbia,Colombia,5.0,0.0,team1_win,46,18,69,61,8,0.391304347826087,1.5,1.326086956521739,22,9,32,30,2,0.4090909090909091,1.4545454545454546,1.3636363636363635,-0.017786561264822143,0.045454545454545414,-0.03754940711462451,6,24
1962_7,1962,Matchday 1,Chile,Switzerland,3.0,1.0,team1_win,33,11,40,49,-9,0.3333333333333333,1.2121212121212122,1.4848484848484849,41,14,55,73,-18,0.3414634146341463,1.3414634146341464,1.7804878048780488,-0.008130081300812997,-0.12934220251293427,-0.29563932002956395,9,-8
1962_8,1962,Matchday 1,Germany,Italy,0.0,0.0,draw,112,68,232,130,102,0.6071428571428571,2.0714285714285716,1.1607142857142858,83,45,128,77,51,0.5421686746987951,1.5421686746987953,0.927710843373494,0.06497418244406195,0.5292598967297764,0.23300344234079184,51,29
1962_9,1962,Matchday 2,Chile,Italy,2.0,0.0,team1_win,33,11,40,49,-9,0.3333333333333333,1.2121212121212122,1.4848484848484849,83,45,128,77,51,0.5421686746987951,1.5421686746987953,0.927710843373494,-0.20883534136546184,-0.3300474625775831,0.5571376414749909,-60,-50
1962_10,1962,Matchday 2,Germany,Switzerland,2.0,1.0,team1_win,112,68,232,130,102,0.6071428571428571,2.0714285714285716,1.1607142857142858,41,14,55,73,-18,0.3414634146341463,1.3414634146341464,1.7804878048780488,0.2656794425087108,0.7299651567944252,-0.619773519163763,120,71
1962_11,1962,Matchday 3,Germany,Chile,2.0,0.0,team1_win,112,68,232,130,102,0.6071428571428571,2.0714285714285716,1.1607142857142858,33,11,40,49,-9,0.3333333333333333,1.2121212121212122,1.4848484848484849,0.2738095238095238,0.8593073593073595,-0.32413419913419905,111,79
1962_12,1962,Matchday 3,Italy,Switzerland,3.0,0.0,team1_win,83,45,128,77,51,0.5421686746987951,1.5421686746987953,0.927710843373494,41,14,55,73,-18,0.3414634146341463,1.3414634146341464,1.7804878048780488,0.20070526006464884,0.20070526006464884,-0.8527769615045548,69,42
1962_13,1962,Matchday 1,Brazil,Mexico,2.0,0.0,team1_win,114,76,237,108,129,0.6666666666666666,2.0789473684210527,0.9473684210526316,60,17,62,101,-39,0.2833333333333333,1.0333333333333334,1.6833333333333331,0.3833333333333333,1.0456140350877192,-0.7359649122807015,168,54
1962_14,1962,Matchday 1,Czech Republic,Spain,1.0,0.0,team1_win,33,12,47,49,-2,0.3636363636363636,1.4242424242424243,1.4848484848484849,67,31,108,75,33,0.4626865671641791,1.611940298507463,1.1194029850746268,-0.09905020352781552,-0.1876978742650386,0.3654454997738581,-35,-34
1962_15,1962,Matchday 2,Brazil,Czech Republic,0.0,0.0,draw,114,76,237,108,129,0.6666666666666666,2.0789473684210527,0.9473684210526316,33,12,47,49,-2,0.3636363636363636,1.4242424242424243,1.4848484848484849,0.30303030303030304,0.6547049441786283,-0.5374800637958532,131,81
1962_16,1962,Matchday 2,Spain,Mexico,1.0,0.0,team1_win,67,31,108,75,33,0.4626865671641791,1.611940298507463,1.1194029850746268,60,17,62,101,-39,0.2833333333333333,1.0333333333333334,1.6833333333333331,0.17935323383084578,0.5786069651741295,-0.5639303482587064,72,7
1962_17,1962,Matchday 3,Brazil,Spain,2.0,1.0,team1_win,114,76,237,108,129,0.6666666666666666,2.0789473684210527,0.9473684210526316,67,31,108,75,33,0.4626865671641791,1.611940298507463,1.1194029850746268,0.20398009950248752,0.46700706991358976,-0.17203456402199513,96,47
1962_18,1962,Matchday 3,Mexico,Czech Republic,3.0,1.0,team1_win,60,17,62,101,-39,0.2833333333333333,1.0333333333333334,1.6833333333333331,33,12,47,49,-2,0.3636363636363636,1.4242424242424243,1.4848484848484849,-0.08030303030303027,-0.3909090909090909,0.19848484848484826,-37,27
1962_19,1962,Matchday 1,Argentina,Bulgaria,1.0,0.0,team1_win,88,47,152,101,51,0.5340909090909091,1.7272727272727273,1.1477272727272727,26,3,22,53,-31,0.1153846153846153,0.8461538461538461,2.0384615384615383,0.41870629370629375,0.8811188811188811,-0.8907342657342656,82,62
1962_20,1962,Matchday 1,Hungary,England,2.0,1.0,team1_win,32,15,87,57,30,0.46875,2.71875,1.78125,74,32,104,68,36,0.4324324324324324,1.4054054054054057,0.918918918918919,0.0363175675675676,1.3133445945945943,0.862331081081081,-6,-42
1962_21,1962,Matchday 2,England,Argentina,3.0,1.0,team1_win,74,32,104,68,36,0.4324324324324324,1.4054054054054057,0.918918918918919,88,47,152,101,51,0.5340909090909091,1.7272727272727273,1.1477272727272727,-0.10165847665847666,-0.3218673218673216,-0.22880835380835374,-15,-14
1962_22,1962,Matchday 2,Hungary,Bulgaria,6.0,1.0,team1_win,32,15,87,57,30,0.46875,2.71875,1.78125,26,3,22,53,-31,0.1153846153846153,0.8461538461538461,2.0384615384615383,0.3533653846153847,1.8725961538461537,-0.2572115384615383,61,6
1962_23,1962,Matchday 3,Hungary,Argentina,0.0,0.0,draw,32,15,87,57,30,0.46875,2.71875,1.78125,88,47,152,101,51,0.5340909090909091,1.7272727272727273,1.1477272727272727,-0.06534090909090906,0.9914772727272727,0.6335227272727273,-21,-56
1962_24,1962,Matchday 3,England,Bulgaria,0.0,0.0,draw,74,32,104,68,36,0.4324324324324324,1.4054054054054057,0.918918918918919,26,3,22,53,-31,0.1153846153846153,0.8461538461538461,2.0384615384615383,0.3170478170478171,0.5592515592515596,-1.1195426195426195,67,48
1962_25,1962,Quarter-finals,Chile,Russia,2.0,1.0,team1_win,33,11,40,49,-9,0.3333333333333333,1.2121212121212122,1.4848484848484849,45,19,77,54,23,0.4222222222222222,1.711111111111111,1.2,-0.0888888888888889,-0.4989898989898989,0.2848484848484849,-32,-12
1962_26,1962,Quarter-finals,Serbia,Germany,1.0,0.0,team1_win,46,18,69,61,8,0.391304347826087,1.5,1.326086956521739,112,68,232,130,102,0.6071428571428571,2.0714285714285716,1.1607142857142858,-0.21583850931677012,-0.5714285714285716,0.16537267080745321,-94,-66
1962_27,1962,Quarter-finals,Brazil,England,3.0,1.0,team1_win,114,76,237,108,129,0.6666666666666666,2.0789473684210527,0.9473684210526316,74,32,104,68,36,0.4324324324324324,1.4054054054054057,0.918918918918919,0.23423423423423423,0.673541963015647,0.028449502133712667,93,40
1962_28,1962,Quarter-finals,Czech Republic,Hungary,1.0,0.0,team1_win,33,12,47,49,-2,0.3636363636363636,1.4242424242424243,1.4848484848484849,32,15,87,57,30,0.46875,2.71875,1.78125,-0.10511363636363641,-1.2945075757575757,-0.29640151515151514,-32,1
1962_29,1962,Semi-finals,Brazil,Chile,4.0,2.0,team1_win,114,76,237,108,129,0.6666666666666666,2.0789473684210527,0.9473684210526316,33,11,40,49,-9,0.3333333333333333,1.2121212121212122,1.4848484848484849,0.3333333333333333,0.8668261562998405,-0.5374800637958532,138,81
1962_30,1962,Semi-finals,Czech Republic,Serbia,3.0,1.0,team1_win,33,12,47,49,-2,0.3636363636363636,1.4242424242424243,1.4848484848484849,46,18,69,61,8,0.391304347826087,1.5,1.326086956521739,-0.027667984189723382,-0.07575757575757569,0.15876152832674584,-10,-13
1962_31,1962,Third-place match,Chile,Serbia,1.0,0.0,team1_win,33,11,40,49,-9,0.3333333333333333,1.2121212121212122,1.4848484848484849,46,18,69,61,8,0.391304347826087,1.5,1.326086956521739,-0.05797101449275366,-0.28787878787878785,0.15876152832674584,-17,-13
1962_32,1962,Final,Brazil,Czech Republic,3.0,1.0,team1_win,114,76,237,108,129,0.6666666666666666,2.0789473684210527,0.9473684210526316,33,12,47,49,-2,0.3636363636363636,1.4242424242424243,1.4848484848484849,0.30303030303030304,0.6547049441786283,-0.5374800637958532,131,81
1966_1,1966,Matchday 1,England,Uruguay,0.0,0.0,draw,74,32,104,68,36,0.4324324324324324,1.4054054054054057,0.918918918918919,59,25,89,76,13,0.423728813559322,1.5084745762711864,1.2881355932203389,0.008703618873110386,-0.10306917086578071,-0.3692166743014199,23,15
1966_2,1966,Matchday 1,France,Mexico,1.0,1.0,draw,73,39,136,85,51,0.5342465753424658,1.8630136986301369,1.1643835616438356,60,17,62,101,-39,0.2833333333333333,1.0333333333333334,1.6833333333333331,0.25091324200913245,0.8296803652968034,-0.5189497716894975,90,13
1966_3,1966,Matchday 2,Uruguay,France,2.0,1.0,team1_win,59,25,89,76,13,0.423728813559322,1.5084745762711864,1.2881355932203389,73,39,136,85,51,0.5342465753424658,1.8630136986301369,1.1643835616438356,-0.11051776178314376,-0.35453912235895046,0.12375203157650327,-38,-14
1966_4,1966,Matchday 2,England,Mexico,2.0,0.0,team1_win,74,32,104,68,36,0.4324324324324324,1.4054054054054057,0.918918918918919,60,17,62,101,-39,0.2833333333333333,1.0333333333333334,1.6833333333333331,0.14909909909909907,0.37207207207207227,-0.7644144144144142,75,14
1966_5,1966,Matchday 3,Mexico,Uruguay,0.0,0.0,draw,60,17,62,101,-39,0.2833333333333333,1.0333333333333334,1.6833333333333331,59,25,89,76,13,0.423728813559322,1.5084745762711864,1.2881355932203389,-0.1403954802259887,-0.475141242937853,0.39519774011299424,-52,1
1966_6,1966,Matchday 3,England,France,2.0,0.0,team1_win,74,32,104,68,36,0.4324324324324324,1.4054054054054057,0.918918918918919,73,39,136,85,51,0.5342465753424658,1.8630136986301369,1.1643835616438356,-0.10181414291003338,-0.4576082932247312,-0.24546464272491664,-15,1
1966_7,1966,Matchday 1,Germany,Switzerland,5.0,0.0,team1_win,112,68,232,130,102,0.6071428571428571,2.0714285714285716,1.1607142857142858,41,14,55,73,-18,0.3414634146341463,1.3414634146341464,1.7804878048780488,0.2656794425087108,0.7299651567944252,-0.619773519163763,120,71
1966_8,1966,Matchday 1,Argentina,Spain,2.0,1.0,team1_win,88,47,152,101,51,0.5340909090909091,1.7272727272727273,1.1477272727272727,67,31,108,75,33,0.4626865671641791,1.611940298507463,1.1194029850746268,0.07140434192672995,0.1153324287652644,0.02832428765264594,18,21
1966_9,1966,Matchday 2,Spain,Switzerland,2.0,1.0,team1_win,67,31,108,75,33,0.4626865671641791,1.611940298507463,1.1194029850746268,41,14,55,73,-18,0.3414634146341463,1.3414634146341464,1.7804878048780488,0.1212231525300328,0.2704768838733165,-0.661084819803422,51,26
1966_10,1966,Matchday 2,Argentina,Germany,0.0,0.0,draw,88,47,152,101,51,0.5340909090909091,1.7272727272727273,1.1477272727272727,112,68,232,130,102,0.6071428571428571,2.0714285714285716,1.1607142857142858,-0.07305194805194803,-0.3441558441558443,-0.012987012987013102,-51,-24
1966_11,1966,Matchday 3,Argentina,Switzerland,2.0,0.0,team1_win,88,47,152,101,51,0.5340909090909091,1.7272727272727273,1.1477272727272727,41,14,55,73,-18,0.3414634146341463,1.3414634146341464,1.7804878048780488,0.19262749445676275,0.38580931263858087,-0.6327605321507761,69,47
1966_12,1966,Matchday 3,Germany,Spain,2.0,1.0,team1_win,112,68,232,130,102,0.6071428571428571,2.0714285714285716,1.1607142857142858,67,31,108,75,33,0.4626865671641791,1.611940298507463,1.1194029850746268,0.144456289978678,0.4594882729211087,0.04131130063965904,69,45
1966_13,1966,Matchday 1,Brazil,Bulgaria,2.0,0.0,team1_win,114,76,237,108,129,0.6666666666666666,2.0789473684210527,0.9473684210526316,26,3,22,53,-31,0.1153846153846153,0.8461538461538461,2.0384615384615383,0.5512820512820513,1.2327935222672064,-1.0910931174089067,160,88
1966_14,1966,Matchday 1,Portugal,Hungary,3.0,1.0,team1_win,35,17,61,41,20,0.4857142857142857,1.7428571428571429,1.1714285714285717,32,15,87,57,30,0.46875,2.71875,1.78125,0.01696428571428571,-0.9758928571428571,-0.6098214285714283,-10,3
1966_15,1966,Matchday 2,Hungary,Brazil,3.0,1.0,team1_win,32,15,87,57,30,0.46875,2.71875,1.78125,114,76,237,108,129,0.6666666666666666,2.0789473684210527,0.9473684210526316,-0.19791666666666663,0.6398026315789473,0.8338815789473684,-99,-82
1966_16,1966,Matchday 2,Portugal,Bulgaria,3.0,0.0,team1_win,35,17,61,41,20,0.4857142857142857,1.7428571428571429,1.1714285714285717,26,3,22,53,-31,0.1153846153846153,0.8461538461538461,2.0384615384615383,0.3703296703296704,0.8967032967032967,-0.8670329670329666,51,9
1966_17,1966,Matchday 3,Portugal,Brazil,3.0,1.0,team1_win,35,17,61,41,20,0.4857142857142857,1.7428571428571429,1.1714285714285717,114,76,237,108,129,0.6666666666666666,2.0789473684210527,0.9473684210526316,-0.18095238095238092,-0.3360902255639098,0.22406015037594007,-109,-79
1966_18,1966,Matchday 3,Hungary,Bulgaria,3.0,1.0,team1_win,32,15,87,57,30,0.46875,2.71875,1.78125,26,3,22,53,-31,0.1153846153846153,0.8461538461538461,2.0384615384615383,0.3533653846153847,1.8725961538461537,-0.2572115384615383,61,6
1966_19,1966,Matchday 1,Russia,North Korea,3.0,0.0,team1_win,45,19,77,54,23,0.4222222222222222,1.711111111111111,1.2,7,1,6,21,-15,0.1428571428571428,0.8571428571428571,3.0,0.2793650793650794,0.8539682539682539,-1.8,38,38
1966_20,1966,Matchday 1,Italy,Chile,2.0,0.0,team1_win,83,45,128,77,51,0.5421686746987951,1.5421686746987953,0.927710843373494,33,11,40,49,-9,0.3333333333333333,1.2121212121212122,1.4848484848484849,0.20883534136546184,0.3300474625775831,-0.5571376414749909,60,50
1966_21,1966,Matchday 2,Chile,North Korea,1.0,1.0,draw,33,11,40,49,-9,0.3333333333333333,1.2121212121212122,1.4848484848484849,7,1,6,21,-15,0.1428571428571428,0.8571428571428571,3.0,0.19047619047619052,0.35497835497835506,-1.5151515151515151,6,26
1966_22,1966,Matchday 2,Russia,Italy,1.0,0.0,team1_win,45,19,77,54,23,0.4222222222222222,1.711111111111111,1.2,83,45,128,77,51,0.5421686746987951,1.5421686746987953,0.927710843373494,-0.11994645247657293,0.16894243641231577,0.272289156626506,-28,-38
1966_23,1966,Matchday 3,North Korea,Italy,1.0,0.0,team1_win,7,1,6,21,-15,0.1428571428571428,0.8571428571428571,3.0,83,45,128,77,51,0.5421686746987951,1.5421686746987953,0.927710843373494,-0.39931153184165236,-0.6850258175559382,2.072289156626506,-66,-76
1966_24,1966,Matchday 3,Russia,Chile,2.0,1.0,team1_win,45,19,77,54,23,0.4222222222222222,1.711111111111111,1.2,33,11,40,49,-9,0.3333333333333333,1.2121212121212122,1.4848484848484849,0.0888888888888889,0.4989898989898989,-0.2848484848484849,32,12
1966_25,1966,Quarter-finals,England,Argentina,1.0,0.0,team1_win,74,32,104,68,36,0.4324324324324324,1.4054054054054057,0.918918918918919,88,47,152,101,51,0.5340909090909091,1.7272727272727273,1.1477272727272727,-0.10165847665847666,-0.3218673218673216,-0.22880835380835374,-15,-14
1966_26,1966,Quarter-finals,Germany,Uruguay,4.0,0.0,team1_win,112,68,232,130,102,0.6071428571428571,2.0714285714285716,1.1607142857142858,59,25,89,76,13,0.423728813559322,1.5084745762711864,1.2881355932203389,0.18341404358353508,0.5629539951573852,-0.12742130750605307,89,53
1966_27,1966,Quarter-finals,Russia,Hungary,2.0,1.0,team1_win,45,19,77,54,23,0.4222222222222222,1.711111111111111,1.2,32,15,87,57,30,0.46875,2.71875,1.78125,-0.04652777777777778,-1.007638888888889,-0.58125,-7,13
1966_28,1966,Quarter-finals,Portugal,North Korea,5.0,3.0,team1_win,35,17,61,41,20,0.4857142857142857,1.7428571428571429,1.1714285714285717,7,1,6,21,-15,0.1428571428571428,0.8571428571428571,3.0,0.3428571428571429,0.8857142857142858,-1.8285714285714283,35,28
1966_29,1966,Semi-finals,Germany,Russia,2.0,1.0,team1_win,112,68,232,130,102,0.6071428571428571,2.0714285714285716,1.1607142857142858,45,19,77,54,23,0.4222222222222222,1.711111111111111,1.2,0.18492063492063487,0.3603174603174606,-0.039285714285714146,79,67
1966_30,1966,Semi-finals,England,Portugal,2.0,1.0,team1_win,74,32,104,68,36,0.4324324324324324,1.4054054054054057,0.918918918918919,35,17,61,41,20,0.4857142857142857,1.7428571428571429,1.1714285714285717,-0.05328185328185331,-0.3374517374517372,-0.25250965250965274,16,39
1966_31,1966,Third-place match,Portugal,Russia,2.0,1.0,team1_win,35,17,61,41,20,0.4857142857142857,1.7428571428571429,1.1714285714285717,45,19,77,54,23,0.4222222222222222,1.711111111111111,1.2,0.06349206349206349,0.031746031746031855,-0.028571428571428248,-3,-10
1966_32,1966,Final,England,Germany,4.0,2.0,team1_win,74,32,104,68,36,0.4324324324324324,1.4054054054054057,0.918918918918919,112,68,232,130,102,0.6071428571428571,2.0714285714285716,1.1607142857142858,-0.1747104247104247,-0.6660231660231659,-0.24179536679536684,-66,-38
1970_1,1970,Matchday 1,Mexico,Russia,0.0,0.0,draw,60,17,62,101,-39,0.2833333333333333,1.0333333333333334,1.6833333333333331,45,19,77,54,23,0.4222222222222222,1.711111111111111,1.2,-0.1388888888888889,-0.6777777777777776,0.48333333333333317,-62,15
1970_2,1970,Matchday 1,Belgium,El Salvador,3.0,0.0,team1_win,51,21,69,74,-5,0.4117647058823529,1.3529411764705883,1.4509803921568627,6,0,1,22,-21,0.0,0.1666666666666666,3.6666666666666665,0.4117647058823529,1.1862745098039218,-2.215686274509804,16,45
1970_3,1970,Matchday 2,Russia,Belgium,4.0,1.0,team1_win,45,19,77,54,23,0.4222222222222222,1.711111111111111,1.2,51,21,69,74,-5,0.4117647058823529,1.3529411764705883,1.4509803921568627,0.0104575163398693,0.3581699346405227,-0.25098039215686274,28,-6
1970_4,1970,Matchday 2,Mexico,El Salvador,4.0,0.0,team1_win,60,17,62,101,-39,0.2833333333333333,1.0333333333333334,1.6833333333333331,6,0,1,22,-21,0.0,0.1666666666666666,3.6666666666666665,0.2833333333333333,0.8666666666666668,-1.9833333333333334,-18,54
1970_5,1970,Matchday 3,Russia,El Salvador,2.0,0.0,team1_win,45,19,77,54,23,0.4222222222222222,1.711111111111111,1.2,6,0,1,22,-21,0.0,0.1666666666666666,3.6666666666666665,0.4222222222222222,1.5444444444444445,-2.466666666666667,44,39
1970_6,1970,Matchday 3,Mexico,Belgium,1.0,0.0,team1_win,60,17,62,101,-39,0.2833333333333333,1.0333333333333334,1.6833333333333331,51,21,69,74,-5,0.4117647058823529,1.3529411764705883,1.4509803921568627,-0.1284313725490196,-0.3196078431372549,0.23235294117647043,-34,9
1970_7,1970,Matchday 1,Uruguay,Israel,2.0,0.0,team1_win,59,25,89,76,13,0.423728813559322,1.5084745762711864,1.2881355932203389,3,0,1,3,-2,0.0,0.3333333333333333,1.0,0.423728813559322,1.1751412429378532,0.2881355932203389,15,56
1970_8,1970,Matchday 1,Italy,Sweden,1.0,0.0,team1_win,83,45,128,77,51,0.5421686746987951,1.5421686746987953,0.927710843373494,51,19,80,73,7,0.3725490196078431,1.568627450980392,1.431372549019608,0.16961965509095206,-0.026458776281596652,-0.5036617056461141,44,32
1970_9,1970,Matchday 2,Uruguay,Italy,0.0,0.0,draw,59,25,89,76,13,0.423728813559322,1.5084745762711864,1.2881355932203389,83,45,128,77,51,0.5421686746987951,1.5421686746987953,0.927710843373494,-0.11843986113947313,-0.03369409842760884,0.3604247498468449,-38,-24
1970_10,1970,Matchday 2,Sweden,Israel,1.0,1.0,draw,51,19,80,73,7,0.3725490196078431,1.568627450980392,1.431372549019608,3,0,1,3,-2,0.0,0.3333333333333333,1.0,0.3725490196078431,1.2352941176470587,0.4313725490196081,9,48
1970_11,1970,Matchday 3,Uruguay,Sweden,0.0,1.0,team2_win,59,25,89,76,13,0.423728813559322,1.5084745762711864,1.2881355932203389,51,19,80,73,7,0.3725490196078431,1.568627450980392,1.431372549019608,0.051179793951478925,-0.060152874709205495,-0.1432369557992692,6,8
1970_12,1970,Matchday 3,Israel,Italy,0.0,0.0,draw,3,0,1,3,-2,0.0,0.3333333333333333,1.0,83,45,128,77,51,0.5421686746987951,1.5421686746987953,0.927710843373494,-0.5421686746987951,-1.208835341365462,0.07228915662650603,-53,-80
1970_13,1970,Matchday 1,Romania,England,0.0,1.0,team2_win,21,8,30,32,-2,0.3809523809523809,1.4285714285714286,1.5238095238095235,74,32,104,68,36,0.4324324324324324,1.4054054054054057,0.918918918918919,-0.051480051480051525,0.023166023166022898,0.6048906048906045,-38,-53
1970_14,1970,Matchday 1,Czech Republic,Brazil,1.0,4.0,team2_win,33,12,47,49,-2,0.3636363636363636,1.4242424242424243,1.4848484848484849,114,76,237,108,129,0.6666666666666666,2.0789473684210527,0.9473684210526316,-0.30303030303030304,-0.6547049441786283,0.5374800637958532,-131,-81
1970_15,1970,Matchday 2,Romania,Czech Republic,2.0,1.0,team1_win,21,8,30,32,-2,0.3809523809523809,1.4285714285714286,1.5238095238095235,33,12,47,49,-2,0.3636363636363636,1.4242424242424243,1.4848484848484849,0.017316017316017285,0.0043290043290042934,0.03896103896103864,0,-12
1970_16,1970,Matchday 2,England,Brazil,0.0,1.0,team2_win,74,32,104,68,36,0.4324324324324324,1.4054054054054057,0.918918918918919,114,76,237,108,129,0.6666666666666666,2.0789473684210527,0.9473684210526316,-0.23423423423423423,-0.673541963015647,-0.028449502133712667,-93,-40
1970_17,1970,Matchday 3,Romania,Brazil,2.0,3.0,team2_win,21,8,30,32,-2,0.3809523809523809,1.4285714285714286,1.5238095238095235,114,76,237,108,129,0.6666666666666666,2.0789473684210527,0.9473684210526316,-0.28571428571428575,-0.650375939849624,0.5764411027568919,-131,-93
1970_18,1970,Matchday 3,England,Czech Republic,1.0,0.0,team1_win,74,32,104,68,36,0.4324324324324324,1.4054054054054057,0.918918918918919,33,12,47,49,-2,0.3636363636363636,1.4242424242424243,1.4848484848484849,0.06879606879606881,-0.018837018837018604,-0.5659295659295659,38,41
1970_19,1970,Matchday 1,Peru,Bulgaria,3.0,2.0,team1_win,18,5,21,33,-12,0.2777777777777778,1.1666666666666667,1.8333333333333333,26,3,22,53,-31,0.1153846153846153,0.8461538461538461,2.0384615384615383,0.16239316239316248,0.3205128205128206,-0.20512820512820507,19,-8
1970_20,1970,Matchday 1,Morocco,Germany,1.0,2.0,team2_win,23,5,20,27,-7,0.217391304347826,0.8695652173913043,1.173913043478261,112,68,232,130,102,0.6071428571428571,2.0714285714285716,1.1607142857142858,-0.3897515527950311,-1.2018633540372674,0.013198757763975166,-109,-89
1970_21,1970,Matchday 2,Peru,Morocco,3.0,0.0,team1_win,18,5,21,33,-12,0.2777777777777778,1.1666666666666667,1.8333333333333333,23,5,20,27,-7,0.217391304347826,0.8695652173913043,1.173913043478261,0.06038647342995179,0.2971014492753624,0.6594202898550723,-5,-5
1970_22,1970,Matchday 2,Bulgaria,Germany,2.0,5.0,team2_win,26,3,22,53,-31,0.1153846153846153,0.8461538461538461,2.0384615384615383,112,68,232,130,102,0.6071428571428571,2.0714285714285716,1.1607142857142858,-0.4917582417582418,-1.2252747252747254,0.8777472527472525,-133,-86
1970_23,1970,Matchday 3,Peru,Germany,1.0,3.0,team2_win,18,5,21,33,-12,0.2777777777777778,1.1666666666666667,1.8333333333333333,112,68,232,130,102,0.6071428571428571,2.0714285714285716,1.1607142857142858,-0.3293650793650793,-0.9047619047619049,0.6726190476190474,-114,-94
1970_24,1970,Matchday 3,Bulgaria,Morocco,1.0,1.0,draw,26,3,22,53,-31,0.1153846153846153,0.8461538461538461,2.0384615384615383,23,5,20,27,-7,0.217391304347826,0.8695652173913043,1.173913043478261,-0.1020066889632107,-0.02341137123745818,0.8645484949832773,-24,3
1970_25,1970,Quarter-finals,Russia,Uruguay,0.0,1.0,team2_win,45,19,77,54,23,0.4222222222222222,1.711111111111111,1.2,59,25,89,76,13,0.423728813559322,1.5084745762711864,1.2881355932203389,-0.001506591337099794,0.2026365348399246,-0.08813559322033893,10,-14
1970_26,1970,Quarter-finals,Italy,Mexico,4.0,1.0,team1_win,83,45,128,77,51,0.5421686746987951,1.5421686746987953,0.927710843373494,60,17,62,101,-39,0.2833333333333333,1.0333333333333334,1.6833333333333331,0.2588353413654618,0.5088353413654618,-0.7556224899598392,90,23
1970_27,1970,Quarter-finals,Brazil,Peru,4.0,2.0,team1_win,114,76,237,108,129,0.6666666666666666,2.0789473684210527,0.9473684210526316,18,5,21,33,-12,0.2777777777777778,1.1666666666666667,1.8333333333333333,0.38888888888888884,0.9122807017543859,-0.8859649122807016,141,96
1970_28,1970,Quarter-finals,Germany,England,3.0,2.0,team1_win,112,68,232,130,102,0.6071428571428571,2.0714285714285716,1.1607142857142858,74,32,104,68,36,0.4324324324324324,1.4054054054054057,0.918918918918919,0.1747104247104247,0.6660231660231659,0.24179536679536684,66,38
1970_29,1970,Semi-finals,Uruguay,Brazil,1.0,3.0,team2_win,59,25,89,76,13,0.423728813559322,1.5084745762711864,1.2881355932203389,114,76,237,108,129,0.6666666666666666,2.0789473684210527,0.9473684210526316,-0.24293785310734461,-0.5704727921498662,0.34076717216770724,-116,-55
1970_30,1970,Semi-finals,Italy,Germany,4.0,3.0,team1_win,83,45,128,77,51,0.5421686746987951,1.5421686746987953,0.927710843373494,112,68,232,130,102,0.6071428571428571,2.0714285714285716,1.1607142857142858,-0.06497418244406195,-0.5292598967297764,-0.23300344234079184,-51,-29
1970_31,1970,Match for third place,Uruguay,Germany,0.0,1.0,team2_win,59,25,89,76,13,0.423728813559322,1.5084745762711864,1.2881355932203389,112,68,232,130,102,0.6071428571428571,2.0714285714285716,1.1607142857142858,-0.18341404358353508,-0.5629539951573852,0.12742130750605307,-89,-53
1970_32,1970,Final,Brazil,Italy,4.0,1.0,team1_win,114,76,237,108,129,0.6666666666666666,2.0789473684210527,0.9473684210526316,83,45,128,77,51,0.5421686746987951,1.5421686746987953,0.927710843373494,0.12449799196787148,0.5367786937222574,0.019657577679137672,78,31
1974_1,1974,Matchday 1,Germany,Chile,1.0,0.0,team1_win,112,68,232,130,102,0.6071428571428571,2.0714285714285716,1.1607142857142858,33,11,40,49,-9,0.3333333333333333,1.2121212121212122,1.4848484848484849,0.2738095238095238,0.8593073593073595,-0.32413419913419905,111,79
1974_2,1974,Matchday 1,East Germany,Australia,2.0,0.0,team1_win,6,2,5,5,0,0.3333333333333333,0.8333333333333334,0.8333333333333334,20,4,17,37,-20,0.2,0.85,1.85,0.1333333333333333,-0.016666666666666607,-1.0166666666666666,20,-14
1974_3,1974,Matchday 2,Chile,East Germany,1.0,1.0,draw,33,11,40,49,-9,0.3333333333333333,1.2121212121212122,1.4848484848484849,6,2,5,5,0,0.3333333333333333,0.8333333333333334,0.8333333333333334,0.0,0.3787878787878788,0.6515151515151515,-9,27
1974_4,1974,Matchday 2,Australia,Germany,0.0,3.0,team2_win,20,4,17,37,-20,0.2,0.85,1.85,112,68,232,130,102,0.6071428571428571,2.0714285714285716,1.1607142857142858,-0.4071428571428571,-1.2214285714285715,0.6892857142857143,-122,-92
1974_5,1974,Matchday 3,Australia,Chile,0.0,0.0,draw,20,4,17,37,-20,0.2,0.85,1.85,33,11,40,49,-9,0.3333333333333333,1.2121212121212122,1.4848484848484849,-0.1333333333333333,-0.3621212121212122,0.3651515151515152,-11,-13
1974_6,1974,Matchday 3,East Germany,Germany,1.0,0.0,team1_win,6,2,5,5,0,0.3333333333333333,0.8333333333333334,0.8333333333333334,112,68,232,130,102,0.6071428571428571,2.0714285714285716,1.1607142857142858,-0.2738095238095238,-1.2380952380952381,-0.32738095238095244,-102,-106
1974_7,1974,Matchday 1,Brazil,Serbia,0.0,0.0,draw,114,76,237,108,129,0.6666666666666666,2.0789473684210527,0.9473684210526316,46,18,69,61,8,0.391304347826087,1.5,1.326086956521739,0.27536231884057966,0.5789473684210527,-0.3787185354691074,121,68
1974_8,1974,Matchday 1,Zaire,Scotland,0.0,2.0,team2_win,3,0,0,14,-14,0.0,0.0,4.666666666666667,23,4,25,41,-16,0.1739130434782608,1.0869565217391304,1.7826086956521738,-0.1739130434782608,-1.0869565217391304,2.884057971014493,2,-20
1974_9,1974,Matchday 2,Serbia,Zaire,9.0,0.0,team1_win,46,18,69,61,8,0.391304347826087,1.5,1.326086956521739,3,0,0,14,-14,0.0,0.0,4.666666666666667,0.391304347826087,1.5,-3.3405797101449277,22,43
1974_10,1974,Matchday 2,Scotland,Brazil,0.0,0.0,draw,23,4,25,41,-16,0.1739130434782608,1.0869565217391304,1.7826086956521738,114,76,237,108,129,0.6666666666666666,2.0789473684210527,0.9473684210526316,-0.4927536231884058,-0.9919908466819223,0.8352402745995422,-145,-91
1974_11,1974,Matchday 3,Scotland,Serbia,1.0,1.0,draw,23,4,25,41,-16,0.1739130434782608,1.0869565217391304,1.7826086956521738,46,18,69,61,8,0.391304347826087,1.5,1.326086956521739,-0.21739130434782616,-0.4130434782608696,0.4565217391304348,-24,-23
1974_12,1974,Matchday 3,Zaire,Brazil,0.0,3.0,team2_win,3,0,0,14,-14,0.0,0.0,4.666666666666667,114,76,237,108,129,0.6666666666666666,2.0789473684210527,0.9473684210526316,-0.6666666666666666,-2.0789473684210527,3.719298245614035,-143,-111
1974_13,1974,Matchday 1,Uruguay,Netherlands,0.0,2.0,team2_win,59,25,89,76,13,0.423728813559322,1.5084745762711864,1.2881355932203389,55,30,96,52,44,0.5454545454545454,1.7454545454545454,0.9454545454545454,-0.1217257318952234,-0.23697996918335895,0.34268104776579345,-31,4
1974_14,1974,Matchday 1,Sweden,Bulgaria,0.0,0.0,draw,51,19,80,73,7,0.3725490196078431,1.568627450980392,1.431372549019608,26,3,22,53,-31,0.1153846153846153,0.8461538461538461,2.0384615384615383,0.2571644042232278,0.7224736048265458,-0.6070889894419302,38,25
1974_15,1974,Matchday 2,Netherlands,Sweden,0.0,0.0,draw,55,30,96,52,44,0.5454545454545454,1.7454545454545454,0.9454545454545454,51,19,80,73,7,0.3725490196078431,1.568627450980392,1.431372549019608,0.17290552584670232,0.17682709447415346,-0.48591800356506265,37,4
1974_16,1974,Matchday 2,Uruguay,Bulgaria,1.0,1.0,draw,59,25,89,76,13,0.423728813559322,1.5084745762711864,1.2881355932203389,26,3,22,53,-31,0.1153846153846153,0.8461538461538461,2.0384615384615383,0.3083441981747067,0.6623207301173403,-0.7503259452411994,44,33
1974_17,1974,Matchday 3,Netherlands,Bulgaria,4.0,1.0,team1_win,55,30,96,52,44,0.5454545454545454,1.7454545454545454,0.9454545454545454,26,3,22,53,-31,0.1153846153846153,0.8461538461538461,2.0384615384615383,0.4300699300699301,0.8993006993006992,-1.093006993006993,75,29
1974_18,1974,Matchday 3,Sweden,Uruguay,3.0,0.0,team1_win,51,19,80,73,7,0.3725490196078431,1.568627450980392,1.431372549019608,59,25,89,76,13,0.423728813559322,1.5084745762711864,1.2881355932203389,-0.051179793951478925,0.060152874709205495,0.1432369557992692,-6,-8
1974_19,1974,Matchday 1,Italy,Haiti,3.0,1.0,team1_win,83,45,128,77,51,0.5421686746987951,1.5421686746987953,0.927710843373494,3,0,2,14,-12,0.0,0.6666666666666666,4.666666666666667,0.5421686746987951,0.8755020080321286,-3.738955823293173,63,80
1974_20,1974,Matchday 1,Poland,Argentina,3.0,2.0,team1_win,38,17,49,50,-1,0.4473684210526316,1.2894736842105263,1.3157894736842106,88,47,152,101,51,0.5340909090909091,1.7272727272727273,1.1477272727272727,-0.08672248803827748,-0.43779904306220097,0.1680622009569379,-52,-50
1974_21,1974,Matchday 2,Haiti,Poland,0.0,7.0,team2_win,3,0,2,14,-12,0.0,0.6666666666666666,4.666666666666667,38,17,49,50,-1,0.4473684210526316,1.2894736842105263,1.3157894736842106,-0.4473684210526316,-0.6228070175438597,3.3508771929824563,-11,-35
1974_22,1974,Matchday 2,Argentina,Italy,1.0,1.0,draw,88,47,152,101,51,0.5340909090909091,1.7272727272727273,1.1477272727272727,83,45,128,77,51,0.5421686746987951,1.5421686746987953,0.927710843373494,-0.00807776560788609,0.18510405257393203,0.22001642935377874,0,5
1974_23,1974,Matchday 3,Argentina,Haiti,4.0,1.0,team1_win,88,47,152,101,51,0.5340909090909091,1.7272727272727273,1.1477272727272727,3,0,2,14,-12,0.0,0.6666666666666666,4.666666666666667,0.5340909090909091,1.0606060606060606,-3.5189393939393945,63,85
1974_24,1974,Matchday 3,Poland,Italy,2.0,1.0,team1_win,38,17,49,50,-1,0.4473684210526316,1.2894736842105263,1.3157894736842106,83,45,128,77,51,0.5421686746987951,1.5421686746987953,0.927710843373494,-0.09480025364616357,-0.25269499048826893,0.38807863031071665,-52,-45
1974_25,1974,Matchday 4,Brazil,East Germany,1.0,0.0,team1_win,114,76,237,108,129,0.6666666666666666,2.0789473684210527,0.9473684210526316,6,2,5,5,0,0.3333333333333333,0.8333333333333334,0.8333333333333334,0.3333333333333333,1.2456140350877192,0.11403508771929827,129,108
1974_26,1974,Matchday 4,Netherlands,Argentina,4.0,0.0,team1_win,55,30,96,52,44,0.5454545454545454,1.7454545454545454,0.9454545454545454,88,47,152,101,51,0.5340909090909091,1.7272727272727273,1.1477272727272727,0.011363636363636354,0.018181818181818077,-0.20227272727272727,-7,-33
1974_27,1974,Matchday 5,East Germany,Netherlands,0.0,2.0,team2_win,6,2,5,5,0,0.3333333333333333,0.8333333333333334,0.8333333333333334,55,30,96,52,44,0.5454545454545454,1.7454545454545454,0.9454545454545454,-0.2121212121212121,-0.912121212121212,-0.11212121212121207,-44,-49
1974_28,1974,Matchday 5,Argentina,Brazil,1.0,2.0,team2_win,88,47,152,101,51,0.5340909090909091,1.7272727272727273,1.1477272727272727,114,76,237,108,129,0.6666666666666666,2.0789473684210527,0.9473684210526316,-0.13257575757575757,-0.35167464114832536,0.20035885167464107,-78,-26
1974_29,1974,Matchday 6,Argentina,East Germany,1.0,1.0,draw,88,47,152,101,51,0.5340909090909091,1.7272727272727273,1.1477272727272727,6,2,5,5,0,0.3333333333333333,0.8333333333333334,0.8333333333333334,0.20075757575757575,0.8939393939393939,0.31439393939393934,51,82
1974_30,1974,Matchday 6,Netherlands,Brazil,2.0,0.0,team1_win,55,30,96,52,44,0.5454545454545454,1.7454545454545454,0.9454545454545454,114,76,237,108,129,0.6666666666666666,2.0789473684210527,0.9473684210526316,-0.12121212121212122,-0.3334928229665073,-0.001913875598086201,-85,-59
1974_31,1974,Matchday 4,Serbia,Germany,0.0,2.0,team2_win,46,18,69,61,8,0.391304347826087,1.5,1.326086956521739,112,68,232,130,102,0.6071428571428571,2.0714285714285716,1.1607142857142858,-0.21583850931677012,-0.5714285714285716,0.16537267080745321,-94,-66
1974_32,1974,Matchday 4,Sweden,Poland,0.0,1.0,team2_win,51,19,80,73,7,0.3725490196078431,1.568627450980392,1.431372549019608,38,17,49,50,-1,0.4473684210526316,1.2894736842105263,1.3157894736842106,-0.07481940144478849,0.2791537667698656,0.11558307533539747,8,13
1974_33,1974,Matchday 5,Germany,Sweden,4.0,2.0,team1_win,112,68,232,130,102,0.6071428571428571,2.0714285714285716,1.1607142857142858,51,19,80,73,7,0.3725490196078431,1.568627450980392,1.431372549019608,0.234593837535014,0.5028011204481797,-0.2706582633053223,95,61
1974_34,1974,Matchday 5,Poland,Serbia,2.0,1.0,team1_win,38,17,49,50,-1,0.4473684210526316,1.2894736842105263,1.3157894736842106,46,18,69,61,8,0.391304347826087,1.5,1.326086956521739,0.05606407322654461,-0.21052631578947367,-0.010297482837528404,-9,-8
1974_35,1974,Matchday 6,Poland,Germany,0.0,1.0,team2_win,38,17,49,50,-1,0.4473684210526316,1.2894736842105263,1.3157894736842106,112,68,232,130,102,0.6071428571428571,2.0714285714285716,1.1607142857142858,-0.1597744360902255,-0.7819548872180453,0.1550751879699248,-103,-74
1974_36,1974,Matchday 6,Sweden,Serbia,2.0,1.0,team1_win,51,19,80,73,7,0.3725490196078431,1.568627450980392,1.431372549019608,46,18,69,61,8,0.391304347826087,1.5,1.326086956521739,-0.018755328218243883,0.06862745098039191,0.10528559249786906,-1,5
1974_37,1974,Match for third place,Brazil,Poland,0.0,1.0,team2_win,114,76,237,108,129,0.6666666666666666,2.0789473684210527,0.9473684210526316,38,17,49,50,-1,0.4473684210526316,1.2894736842105263,1.3157894736842106,0.21929824561403505,0.7894736842105263,-0.368421052631579,130,76
1974_38,1974,Final,Netherlands,Germany,1.0,2.0,team2_win,55,30,96,52,44,0.5454545454545454,1.7454545454545454,0.9454545454545454,112,68,232,130,102,0.6071428571428571,2.0714285714285716,1.1607142857142858,-0.06168831168831168,-0.32597402597402625,-0.21525974025974037,-58,-57
1978_1,1978,Matchday 1,Argentina,Hungary,2.0,1.0,team1_win,88,47,152,101,51,0.5340909090909091,1.7272727272727273,1.1477272727272727,32,15,87,57,30,0.46875,2.71875,1.78125,0.06534090909090906,-0.9914772727272727,-0.6335227272727273,21,56
1978_2,1978,Matchday 1,Italy,France,2.0,1.0,team1_win,83,45,128,77,51,0.5421686746987951,1.5421686746987953,0.927710843373494,73,39,136,85,51,0.5342465753424658,1.8630136986301369,1.1643835616438356,0.00792209935632937,-0.3208450239313416,-0.23667271827034164,0,10
1978_3,1978,Matchday 2,Argentina,France,2.0,1.0,team1_win,88,47,152,101,51,0.5340909090909091,1.7272727272727273,1.1477272727272727,73,39,136,85,51,0.5342465753424658,1.8630136986301369,1.1643835616438356,-0.00015566625155671865,-0.1357409713574096,-0.0166562889165629,0,15
1978_4,1978,Matchday 2,Italy,Hungary,3.0,1.0,team1_win,83,45,128,77,51,0.5421686746987951,1.5421686746987953,0.927710843373494,32,15,87,57,30,0.46875,2.71875,1.78125,0.07341867469879515,-1.1765813253012047,-0.853539156626506,21,51
1978_5,1978,Matchday 3,Argentina,Italy,0.0,1.0,team2_win,88,47,152,101,51,0.5340909090909091,1.7272727272727273,1.1477272727272727,83,45,128,77,51,0.5421686746987951,1.5421686746987953,0.927710843373494,-0.00807776560788609,0.18510405257393203,0.22001642935377874,0,5
1978_6,1978,Matchday 3,France,Hungary,3.0,1.0,team1_win,73,39,136,85,51,0.5342465753424658,1.8630136986301369,1.1643835616438356,32,15,87,57,30,0.46875,2.71875,1.78125,0.06549657534246578,-0.8557363013698631,-0.6168664383561644,21,41
1978_7,1978,Matchday 1,Germany,Poland,0.0,0.0,draw,112,68,232,130,102,0.6071428571428571,2.0714285714285716,1.1607142857142858,38,17,49,50,-1,0.4473684210526316,1.2894736842105263,1.3157894736842106,0.1597744360902255,0.7819548872180453,-0.1550751879699248,103,74
1978_8,1978,Matchday 1,Tunisia,Mexico,3.0,1.0,team1_win,18,3,14,26,-12,0.1666666666666666,0.7777777777777778,1.4444444444444444,60,17,62,101,-39,0.2833333333333333,1.0333333333333334,1.6833333333333331,-0.11666666666666672,-0.25555555555555565,-0.2388888888888887,27,-42
1978_9,1978,Matchday 2,Poland,Tunisia,1.0,0.0,team1_win,38,17,49,50,-1,0.4473684210526316,1.2894736842105263,1.3157894736842106,18,3,14,26,-12,0.1666666666666666,0.7777777777777778,1.4444444444444444,0.280701754385965,0.5116959064327485,-0.1286549707602338,11,20
1978_10,1978,Matchday 2,Germany,Mexico,6.0,0.0,team1_win,112,68,232,130,102,0.6071428571428571,2.0714285714285716,1.1607142857142858,60,17,62,101,-39,0.2833333333333333,1.0333333333333334,1.6833333333333331,0.32380952380952377,1.0380952380952382,-0.5226190476190473,141,52
1978_11,1978,Matchday 3,Poland,Mexico,3.0,1.0,team1_win,38,17,49,50,-1,0.4473684210526316,1.2894736842105263,1.3157894736842106,60,17,62,101,-39,0.2833333333333333,1.0333333333333334,1.6833333333333331,0.16403508771929826,0.2561403508771929,-0.3675438596491225,38,-22
1978_12,1978,Matchday 3,Germany,Tunisia,0.0,0.0,draw,112,68,232,130,102,0.6071428571428571,2.0714285714285716,1.1607142857142858,18,3,14,26,-12,0.1666666666666666,0.7777777777777778,1.4444444444444444,0.44047619047619047,1.293650793650794,-0.2837301587301586,114,94
1978_13,1978,Matchday 1,Austria,Spain,2.0,1.0,team1_win,29,12,43,47,-4,0.4137931034482758,1.4827586206896552,1.6206896551724137,67,31,108,75,33,0.4626865671641791,1.611940298507463,1.1194029850746268,-0.04889346371590331,-0.12918167781780765,0.5012866700977869,-37,-38
1978_14,1978,Matchday 1,Brazil,Sweden,1.0,1.0,draw,114,76,237,108,129,0.6666666666666666,2.0789473684210527,0.9473684210526316,51,19,80,73,7,0.3725490196078431,1.568627450980392,1.431372549019608,0.29411764705882354,0.5103199174406607,-0.48400412796697645,122,63
1978_15,1978,Matchday 2,Austria,Sweden,1.0,0.0,team1_win,29,12,43,47,-4,0.4137931034482758,1.4827586206896552,1.6206896551724137,51,19,80,73,7,0.3725490196078431,1.568627450980392,1.431372549019608,0.04124408384043271,-0.08586883029073666,0.18931710615280561,-11,-22
1978_16,1978,Matchday 2,Brazil,Spain,0.0,0.0,draw,114,76,237,108,129,0.6666666666666666,2.0789473684210527,0.9473684210526316,67,31,108,75,33,0.4626865671641791,1.611940298507463,1.1194029850746268,0.20398009950248752,0.46700706991358976,-0.17203456402199513,96,47
1978_17,1978,Matchday 3,Spain,Sweden,1.0,0.0,team1_win,67,31,108,75,33,0.4626865671641791,1.611940298507463,1.1194029850746268,51,19,80,73,7,0.3725490196078431,1.568627450980392,1.431372549019608,0.09013754755633602,0.043312847527070986,-0.3119695639449813,26,16
1978_18,1978,Matchday 3,Brazil,Austria,1.0,0.0,team1_win,114,76,237,108,129,0.6666666666666666,2.0789473684210527,0.9473684210526316,29,12,43,47,-4,0.4137931034482758,1.4827586206896552,1.6206896551724137,0.25287356321839083,0.5961887477313974,-0.6733212341197821,133,85
1978_19,1978,Matchday 1,Peru,Scotland,3.0,1.0,team1_win,18,5,21,33,-12,0.2777777777777778,1.1666666666666667,1.8333333333333333,23,4,25,41,-16,0.1739130434782608,1.0869565217391304,1.7826086956521738,0.10386473429951698,0.07971014492753636,0.050724637681159424,4,-5
1978_20,1978,Matchday 1,Netherlands,Iran,3.0,0.0,team1_win,55,30,96,52,44,0.5454545454545454,1.7454545454545454,0.9454545454545454,18,3,13,31,-18,0.1666666666666666,0.7222222222222222,1.7222222222222223,0.3787878787878788,1.0232323232323233,-0.7767676767676769,62,37
1978_21,1978,Matchday 2,Scotland,Iran,1.0,1.0,draw,23,4,25,41,-16,0.1739130434782608,1.0869565217391304,1.7826086956521738,18,3,13,31,-18,0.1666666666666666,0.7222222222222222,1.7222222222222223,0.007246376811594207,0.36473429951690817,0.060386473429951515,2,5
1978_22,1978,Matchday 2,Netherlands,Peru,0.0,0.0,draw,55,30,96,52,44,0.5454545454545454,1.7454545454545454,0.9454545454545454,18,5,21,33,-12,0.2777777777777778,1.1666666666666667,1.8333333333333333,0.2676767676767676,0.5787878787878786,-0.8878787878787878,56,37
1978_23,1978,Matchday 3,Peru,Iran,4.0,1.0,team1_win,18,5,21,33,-12,0.2777777777777778,1.1666666666666667,1.8333333333333333,18,3,13,31,-18,0.1666666666666666,0.7222222222222222,1.7222222222222223,0.11111111111111119,0.44444444444444453,0.11111111111111094,6,0
1978_24,1978,Matchday 3,Scotland,Netherlands,3.0,2.0,team1_win,23,4,25,41,-16,0.1739130434782608,1.0869565217391304,1.7826086956521738,55,30,96,52,44,0.5454545454545454,1.7454545454545454,0.9454545454545454,-0.3715415019762846,-0.658498023715415,0.8371541501976284,-60,-32
1978_25,1978,Matchday 4,Italy,Germany,0.0,0.0,draw,83,45,128,77,51,0.5421686746987951,1.5421686746987953,0.927710843373494,112,68,232,130,102,0.6071428571428571,2.0714285714285716,1.1607142857142858,-0.06497418244406195,-0.5292598967297764,-0.23300344234079184,-51,-29
1978_26,1978,Matchday 4,Austria,Netherlands,1.0,5.0,team2_win,29,12,43,47,-4,0.4137931034482758,1.4827586206896552,1.6206896551724137,55,30,96,52,44,0.5454545454545454,1.7454545454545454,0.9454545454545454,-0.1316614420062696,-0.2626959247648901,0.6752351097178683,-48,-26
1978_27,1978,Matchday 5,Italy,Austria,1.0,0.0,team1_win,83,45,128,77,51,0.5421686746987951,1.5421686746987953,0.927710843373494,29,12,43,47,-4,0.4137931034482758,1.4827586206896552,1.6206896551724137,0.12837557125051935,0.05941005400914001,-0.6929788117989197,55,54
1978_28,1978,Matchday 5,Netherlands,Germany,2.0,2.0,draw,55,30,96,52,44,0.5454545454545454,1.7454545454545454,0.9454545454545454,112,68,232,130,102,0.6071428571428571,2.0714285714285716,1.1607142857142858,-0.06168831168831168,-0.32597402597402625,-0.21525974025974037,-58,-57
1978_29,1978,Matchday 6,Italy,Netherlands,1.0,2.0,team2_win,83,45,128,77,51,0.5421686746987951,1.5421686746987953,0.927710843373494,55,30,96,52,44,0.5454545454545454,1.7454545454545454,0.9454545454545454,-0.003285870755750264,-0.2032858707557501,-0.01774370208105147,7,28
1978_30,1978,Matchday 6,Austria,Germany,3.0,2.0,team1_win,29,12,43,47,-4,0.4137931034482758,1.4827586206896552,1.6206896551724137,112,68,232,130,102,0.6071428571428571,2.0714285714285716,1.1607142857142858,-0.1933497536945813,-0.5886699507389164,0.4599753694581279,-106,-83
1978_31,1978,Matchday 4,Argentina,Poland,2.0,0.0,team1_win,88,47,152,101,51,0.5340909090909091,1.7272727272727273,1.1477272727272727,38,17,49,50,-1,0.4473684210526316,1.2894736842105263,1.3157894736842106,0.08672248803827748,0.43779904306220097,-0.1680622009569379,52,50
1978_32,1978,Matchday 4,Peru,Brazil,0.0,3.0,team2_win,18,5,21,33,-12,0.2777777777777778,1.1666666666666667,1.8333333333333333,114,76,237,108,129,0.6666666666666666,2.0789473684210527,0.9473684210526316,-0.38888888888888884,-0.9122807017543859,0.8859649122807016,-141,-96
1978_33,1978,Matchday 5,Argentina,Brazil,0.0,0.0,draw,88,47,152,101,51,0.5340909090909091,1.7272727272727273,1.1477272727272727,114,76,237,108,129,0.6666666666666666,2.0789473684210527,0.9473684210526316,-0.13257575757575757,-0.35167464114832536,0.20035885167464107,-78,-26
1978_34,1978,Matchday 5,Peru,Poland,0.0,1.0,team2_win,18,5,21,33,-12,0.2777777777777778,1.1666666666666667,1.8333333333333333,38,17,49,50,-1,0.4473684210526316,1.2894736842105263,1.3157894736842106,-0.1695906432748538,-0.12280701754385959,0.5175438596491226,-11,-20
1978_35,1978,Matchday 6,Argentina,Peru,6.0,0.0,team1_win,88,47,152,101,51,0.5340909090909091,1.7272727272727273,1.1477272727272727,18,5,21,33,-12,0.2777777777777778,1.1666666666666667,1.8333333333333333,0.25631313131313127,0.5606060606060606,-0.6856060606060606,63,70
1978_36,1978,Matchday 6,Poland,Brazil,1.0,3.0,team2_win,38,17,49,50,-1,0.4473684210526316,1.2894736842105263,1.3157894736842106,114,76,237,108,129,0.6666666666666666,2.0789473684210527,0.9473684210526316,-0.21929824561403505,-0.7894736842105263,0.368421052631579,-130,-76
1978_37,1978,Third place match,Brazil,Italy,2.0,1.0,team1_win,114,76,237,108,129,0.6666666666666666,2.0789473684210527,0.9473684210526316,83,45,128,77,51,0.5421686746987951,1.5421686746987953,0.927710843373494,0.12449799196787148,0.5367786937222574,0.019657577679137672,78,31
1978_38,1978,Final,Netherlands,Argentina,1.0,3.0,team2_win,55,30,96,52,44,0.5454545454545454,1.7454545454545454,0.9454545454545454,88,47,152,101,51,0.5340909090909091,1.7272727272727273,1.1477272727272727,0.011363636363636354,0.018181818181818077,-0.20227272727272727,-7,-33
1982_1,1982,Matchday 1,Italy,Poland,0.0,0.0,draw,83,45,128,77,51,0.5421686746987951,1.5421686746987953,0.927710843373494,38,17,49,50,-1,0.4473684210526316,1.2894736842105263,1.3157894736842106,0.09480025364616357,0.25269499048826893,-0.38807863031071665,52,45
1982_2,1982,Matchday 1,Peru,Cameroon,0.0,0.0,draw,18,5,21,33,-12,0.2777777777777778,1.1666666666666667,1.8333333333333333,26,5,22,47,-25,0.1923076923076923,0.8461538461538461,1.8076923076923077,0.0854700854700855,0.3205128205128206,0.02564102564102555,13,-8
1982_3,1982,Matchday 2,Italy,Peru,1.0,1.0,draw,83,45,128,77,51,0.5421686746987951,1.5421686746987953,0.927710843373494,18,5,21,33,-12,0.2777777777777778,1.1666666666666667,1.8333333333333333,0.26439089692101736,0.3755020080321285,-0.9056224899598393,63,65
1982_4,1982,Matchday 2,Poland,Cameroon,0.0,0.0,draw,38,17,49,50,-1,0.4473684210526316,1.2894736842105263,1.3157894736842106,26,5,22,47,-25,0.1923076923076923,0.8461538461538461,1.8076923076923077,0.2550607287449393,0.4433198380566802,-0.4919028340080971,24,12
1982_5,1982,Matchday 3,Poland,Peru,5.0,1.0,team1_win,38,17,49,50,-1,0.4473684210526316,1.2894736842105263,1.3157894736842106,18,5,21,33,-12,0.2777777777777778,1.1666666666666667,1.8333333333333333,0.1695906432748538,0.12280701754385959,-0.5175438596491226,11,20
1982_6,1982,Matchday 3,Italy,Cameroon,1.0,1.0,draw,83,45,128,77,51,0.5421686746987951,1.5421686746987953,0.927710843373494,26,5,22,47,-25,0.1923076923076923,0.8461538461538461,1.8076923076923077,0.34986098239110286,0.6960148285449491,-0.8799814643188137,76,57
1982_7,1982,Matchday 1,Germany,Algeria,1.0,2.0,team2_win,112,68,232,130,102,0.6071428571428571,2.0714285714285716,1.1607142857142858,13,3,13,19,-6,0.2307692307692307,1.0,1.4615384615384617,0.37637362637362637,1.0714285714285716,-0.30082417582417587,108,99
1982_8,1982,Matchday 1,Chile,Austria,0.0,1.0,team2_win,33,11,40,49,-9,0.3333333333333333,1.2121212121212122,1.4848484848484849,29,12,43,47,-4,0.4137931034482758,1.4827586206896552,1.6206896551724137,-0.08045977011494249,-0.2706374085684431,-0.13584117032392884,-5,4
1982_9,1982,Matchday 2,Germany,Chile,4.0,1.0,team1_win,112,68,232,130,102,0.6071428571428571,2.0714285714285716,1.1607142857142858,33,11,40,49,-9,0.3333333333333333,1.2121212121212122,1.4848484848484849,0.2738095238095238,0.8593073593073595,-0.32413419913419905,111,79
1982_10,1982,Matchday 2,Algeria,Austria,0.0,2.0,team2_win,13,3,13,19,-6,0.2307692307692307,1.0,1.4615384615384617,29,12,43,47,-4,0.4137931034482758,1.4827586206896552,1.6206896551724137,-0.1830238726790451,-0.48275862068965525,-0.15915119363395203,-2,-16
1982_11,1982,Matchday 3,Algeria,Chile,3.0,2.0,team1_win,13,3,13,19,-6,0.2307692307692307,1.0,1.4615384615384617,33,11,40,49,-9,0.3333333333333333,1.2121212121212122,1.4848484848484849,-0.10256410256410262,-0.21212121212121215,-0.023310023310023187,3,-20
1982_12,1982,Matchday 3,Germany,Austria,1.0,0.0,team1_win,112,68,232,130,102,0.6071428571428571,2.0714285714285716,1.1607142857142858,29,12,43,47,-4,0.4137931034482758,1.4827586206896552,1.6206896551724137,0.1933497536945813,0.5886699507389164,-0.4599753694581279,106,83
1982_13,1982,Matchday 1,Argentina,Belgium,0.0,1.0,team2_win,88,47,152,101,51,0.5340909090909091,1.7272727272727273,1.1477272727272727,51,21,69,74,-5,0.4117647058823529,1.3529411764705883,1.4509803921568627,0.12232620320855614,0.374331550802139,-0.30325311942959,56,37
1982_14,1982,Matchday 1,Hungary,El Salvador,10.0,1.0,team1_win,32,15,87,57,30,0.46875,2.71875,1.78125,6,0,1,22,-21,0.0,0.1666666666666666,3.6666666666666665,0.46875,2.5520833333333335,-1.8854166666666665,51,26
1982_15,1982,Matchday 2,Argentina,Hungary,4.0,1.0,team1_win,88,47,152,101,51,0.5340909090909091,1.7272727272727273,1.1477272727272727,32,15,87,57,30,0.46875,2.71875,1.78125,0.06534090909090906,-0.9914772727272727,-0.6335227272727273,21,56
1982_16,1982,Matchday 2,Belgium,El Salvador,1.0,0.0,team1_win,51,21,69,74,-5,0.4117647058823529,1.3529411764705883,1.4509803921568627,6,0,1,22,-21,0.0,0.1666666666666666,3.6666666666666665,0.4117647058823529,1.1862745098039218,-2.215686274509804,16,45
1982_17,1982,Matchday 3,Belgium,Hungary,1.0,1.0,draw,51,21,69,74,-5,0.4117647058823529,1.3529411764705883,1.4509803921568627,32,15,87,57,30,0.46875,2.71875,1.78125,-0.05698529411764708,-1.3658088235294117,-0.3302696078431373,-35,19
1982_18,1982,Matchday 3,Argentina,El Salvador,2.0,0.0,team1_win,88,47,152,101,51,0.5340909090909091,1.7272727272727273,1.1477272727272727,6,0,1,22,-21,0.0,0.1666666666666666,3.6666666666666665,0.5340909090909091,1.5606060606060608,-2.5189393939393936,72,82
1982_19,1982,Matchday 1,England,France,3.0,1.0,team1_win,74,32,104,68,36,0.4324324324324324,1.4054054054054057,0.918918918918919,73,39,136,85,51,0.5342465753424658,1.8630136986301369,1.1643835616438356,-0.10181414291003338,-0.4576082932247312,-0.24546464272491664,-15,1
1982_20,1982,Matchday 1,Czech Republic,Kuwait,1.0,1.0,draw,33,12,47,49,-2,0.3636363636363636,1.4242424242424243,1.4848484848484849,3,0,2,6,-4,0.0,0.6666666666666666,2.0,0.3636363636363636,0.7575757575757577,-0.5151515151515151,2,30
1982_21,1982,Matchday 2,England,Czech Republic,2.0,0.0,team1_win,74,32,104,68,36,0.4324324324324324,1.4054054054054057,0.918918918918919,33,12,47,49,-2,0.3636363636363636,1.4242424242424243,1.4848484848484849,0.06879606879606881,-0.018837018837018604,-0.5659295659295659,38,41
1982_22,1982,Matchday 2,France,Kuwait,4.0,1.0,team1_win,73,39,136,85,51,0.5342465753424658,1.8630136986301369,1.1643835616438356,3,0,2,6,-4,0.0,0.6666666666666666,2.0,0.5342465753424658,1.1963470319634704,-0.8356164383561644,55,70
1982_23,1982,Matchday 3,France,Czech Republic,1.0,1.0,draw,73,39,136,85,51,0.5342465753424658,1.8630136986301369,1.1643835616438356,33,12,47,49,-2,0.3636363636363636,1.4242424242424243,1.4848484848484849,0.1706102117061022,0.4387712743877126,-0.32046492320464925,53,40
1982_24,1982,Matchday 3,England,Kuwait,1.0,0.0,team1_win,74,32,104,68,36,0.4324324324324324,1.4054054054054057,0.918918918918919,3,0,2,6,-4,0.0,0.6666666666666666,2.0,0.4324324324324324,0.7387387387387391,-1.0810810810810811,40,71
1982_25,1982,Matchday 1,Spain,Honduras,1.0,1.0,draw,67,31,108,75,33,0.4626865671641791,1.611940298507463,1.1194029850746268,9,0,3,14,-11,0.0,0.3333333333333333,1.5555555555555556,0.4626865671641791,1.2786069651741296,-0.4361525704809288,44,58
1982_26,1982,Matchday 1,Serbia,Northern Ireland,0.0,0.0,draw,46,18,69,61,8,0.391304347826087,1.5,1.326086956521739,13,3,13,23,-10,0.2307692307692307,1.0,1.7692307692307692,0.16053511705685627,0.5,-0.44314381270903014,18,33
1982_27,1982,Matchday 2,Spain,Serbia,2.0,1.0,team1_win,67,31,108,75,33,0.4626865671641791,1.611940298507463,1.1194029850746268,46,18,69,61,8,0.391304347826087,1.5,1.326086956521739,0.07138221933809213,0.1119402985074629,-0.20668397144711226,25,21
1982_28,1982,Matchday 2,Honduras,Northern Ireland,1.0,1.0,draw,9,0,3,14,-11,0.0,0.3333333333333333,1.5555555555555556,13,3,13,23,-10,0.2307692307692307,1.0,1.7692307692307692,-0.2307692307692307,-0.6666666666666667,-0.21367521367521358,-1,-4
1982_29,1982,Matchday 3,Honduras,Serbia,0.0,1.0,team2_win,9,0,3,14,-11,0.0,0.3333333333333333,1.5555555555555556,46,18,69,61,8,0.391304347826087,1.5,1.326086956521739,-0.391304347826087,-1.1666666666666667,0.22946859903381656,-19,-37
1982_30,1982,Matchday 3,Spain,Northern Ireland,0.0,1.0,team2_win,67,31,108,75,33,0.4626865671641791,1.611940298507463,1.1194029850746268,13,3,13,23,-10,0.2307692307692307,1.0,1.7692307692307692,0.2319173363949484,0.6119402985074629,-0.6498277841561424,43,54
1982_31,1982,Matchday 1,Brazil,Russia,2.0,1.0,team1_win,114,76,237,108,129,0.6666666666666666,2.0789473684210527,0.9473684210526316,45,19,77,54,23,0.4222222222222222,1.711111111111111,1.2,0.2444444444444444,0.3678362573099416,-0.2526315789473683,106,69
1982_32,1982,Matchday 1,Scotland,New Zealand,5.0,2.0,team1_win,23,4,25,41,-16,0.1739130434782608,1.0869565217391304,1.7826086956521738,6,0,4,14,-10,0.0,0.6666666666666666,2.3333333333333335,0.1739130434782608,0.42028985507246375,-0.5507246376811596,-6,17
1982_33,1982,Matchday 2,Brazil,Scotland,4.0,1.0,team1_win,114,76,237,108,129,0.6666666666666666,2.0789473684210527,0.9473684210526316,23,4,25,41,-16,0.1739130434782608,1.0869565217391304,1.7826086956521738,0.4927536231884058,0.9919908466819223,-0.8352402745995422,145,91
1982_34,1982,Matchday 2,Russia,New Zealand,3.0,0.0,team1_win,45,19,77,54,23,0.4222222222222222,1.711111111111111,1.2,6,0,4,14,-10,0.0,0.6666666666666666,2.3333333333333335,0.4222222222222222,1.0444444444444443,-1.1333333333333335,33,39
1982_35,1982,Matchday 3,Russia,Scotland,2.0,2.0,draw,45,19,77,54,23,0.4222222222222222,1.711111111111111,1.2,23,4,25,41,-16,0.1739130434782608,1.0869565217391304,1.7826086956521738,0.2483091787439614,0.6241545893719807,-0.5826086956521739,39,22
1982_36,1982,Matchday 3,Brazil,New Zealand,4.0,0.0,team1_win,114,76,237,108,129,0.6666666666666666,2.0789473684210527,0.9473684210526316,6,0,4,14,-10,0.0,0.6666666666666666,2.3333333333333335,0.6666666666666666,1.4122807017543861,-1.3859649122807018,139,108
1982_37,1982,Matchday 4,Poland,Belgium,3.0,0.0,team1_win,38,17,49,50,-1,0.4473684210526316,1.2894736842105263,1.3157894736842106,51,21,69,74,-5,0.4117647058823529,1.3529411764705883,1.4509803921568627,0.03560371517027866,-0.06346749226006199,-0.13519091847265208,4,-13
1982_38,1982,Matchday 5,Belgium,Russia,0.0,1.0,team2_win,51,21,69,74,-5,0.4117647058823529,1.3529411764705883,1.4509803921568627,45,19,77,54,23,0.4222222222222222,1.711111111111111,1.2,-0.0104575163398693,-0.3581699346405227,0.25098039215686274,-28,6
1982_39,1982,Matchday 6,Russia,Poland,0.0,0.0,draw,45,19,77,54,23,0.4222222222222222,1.711111111111111,1.2,38,17,49,50,-1,0.4473684210526316,1.2894736842105263,1.3157894736842106,-0.02514619883040936,0.4216374269005847,-0.11578947368421066,24,7
1982_40,1982,Matchday 4,Germany,England,0.0,0.0,draw,112,68,232,130,102,0.6071428571428571,2.0714285714285716,1.1607142857142858,74,32,104,68,36,0.4324324324324324,1.4054054054054057,0.918918918918919,0.1747104247104247,0.6660231660231659,0.24179536679536684,66,38
1982_41,1982,Matchday 5,Germany,Spain,2.0,1.0,team1_win,112,68,232,130,102,0.6071428571428571,2.0714285714285716,1.1607142857142858,67,31,108,75,33,0.4626865671641791,1.611940298507463,1.1194029850746268,0.144456289978678,0.4594882729211087,0.04131130063965904,69,45
1982_42,1982,Matchday 6,Spain,England,0.0,0.0,draw,67,31,108,75,33,0.4626865671641791,1.611940298507463,1.1194029850746268,74,32,104,68,36,0.4324324324324324,1.4054054054054057,0.918918918918919,0.030254134731746707,0.2065348931020572,0.2004840661557078,-3,-7
1982_43,1982,Matchday 4,Italy,Argentina,2.0,1.0,team1_win,83,45,128,77,51,0.5421686746987951,1.5421686746987953,0.927710843373494,88,47,152,101,51,0.5340909090909091,1.7272727272727273,1.1477272727272727,0.00807776560788609,-0.18510405257393203,-0.22001642935377874,0,-5
1982_44,1982,Matchday 5,Argentina,Brazil,1.0,3.0,team2_win,88,47,152,101,51,0.5340909090909091,1.7272727272727273,1.1477272727272727,114,76,237,108,129,0.6666666666666666,2.0789473684210527,0.9473684210526316,-0.13257575757575757,-0.35167464114832536,0.20035885167464107,-78,-26
1982_45,1982,Matchday 6,Italy,Brazil,3.0,2.0,team1_win,83,45,128,77,51,0.5421686746987951,1.5421686746987953,0.927710843373494,114,76,237,108,129,0.6666666666666666,2.0789473684210527,0.9473684210526316,-0.12449799196787148,-0.5367786937222574,-0.019657577679137672,-78,-31
1982_46,1982,Matchday 4,Austria,France,0.0,1.0,team2_win,29,12,43,47,-4,0.4137931034482758,1.4827586206896552,1.6206896551724137,73,39,136,85,51,0.5342465753424658,1.8630136986301369,1.1643835616438356,-0.12045347189418998,-0.38025507794048163,0.4563060935285781,-55,-44
1982_47,1982,Matchday 5,Austria,Northern Ireland,2.0,2.0,draw,29,12,43,47,-4,0.4137931034482758,1.4827586206896552,1.6206896551724137,13,3,13,23,-10,0.2307692307692307,1.0,1.7692307692307692,0.1830238726790451,0.48275862068965525,-0.14854111405835546,6,16
1982_48,1982,Matchday 6,Northern Ireland,France,1.0,4.0,team2_win,13,3,13,23,-10,0.2307692307692307,1.0,1.7692307692307692,73,39,136,85,51,0.5342465753424658,1.8630136986301369,1.1643835616438356,-0.30347734457323505,-0.8630136986301369,0.6048472075869336,-61,-60
1982_49,1982,Semi-finals,Poland,Italy,0.0,2.0,team2_win,38,17,49,50,-1,0.4473684210526316,1.2894736842105263,1.3157894736842106,83,45,128,77,51,0.5421686746987951,1.5421686746987953,0.927710843373494,-0.09480025364616357,-0.25269499048826893,0.38807863031071665,-52,-45
1982_50,1982,Semi-finals,Germany,France,3.0,3.0,draw,112,68,232,130,102,0.6071428571428571,2.0714285714285716,1.1607142857142858,73,39,136,85,51,0.5342465753424658,1.8630136986301369,1.1643835616438356,0.07289628180039132,0.20841487279843474,-0.003669275929549798,51,39
1982_51,1982,Third place match,Poland,France,3.0,2.0,team1_win,38,17,49,50,-1,0.4473684210526316,1.2894736842105263,1.3157894736842106,73,39,136,85,51,0.5342465753424658,1.8630136986301369,1.1643835616438356,-0.0868781542898342,-0.5735400144196106,0.151405912040375,-52,-35
1982_52,1982,Final,Italy,Germany,3.0,1.0,team1_win,83,45,128,77,51,0.5421686746987951,1.5421686746987953,0.927710843373494,112,68,232,130,102,0.6071428571428571,2.0714285714285716,1.1607142857142858,-0.06497418244406195,-0.5292598967297764,-0.23300344234079184,-51,-29
1986_1,1986,Matchday 1,Bulgaria,Italy,1.0,1.0,draw,26,3,22,53,-31,0.1153846153846153,0.8461538461538461,2.0384615384615383,83,45,128,77,51,0.5421686746987951,1.5421686746987953,0.927710843373494,-0.42678405931417984,-0.6960148285449491,1.1107506950880444,-82,-57
1986_2,1986,Matchday 1,Argentina,South Korea,3.0,1.0,team1_win,88,47,152,101,51,0.5340909090909091,1.7272727272727273,1.1477272727272727,38,7,39,78,-39,0.1842105263157894,1.0263157894736843,2.0526315789473686,0.3498803827751197,0.700956937799043,-0.9049043062200959,90,50
1986_3,1986,Matchday 2,Italy,Argentina,1.0,1.0,draw,83,45,128,77,51,0.5421686746987951,1.5421686746987953,0.927710843373494,88,47,152,101,51,0.5340909090909091,1.7272727272727273,1.1477272727272727,0.00807776560788609,-0.18510405257393203,-0.22001642935377874,0,-5
1986_4,1986,Matchday 2,South Korea,Bulgaria,1.0,1.0,draw,38,7,39,78,-39,0.1842105263157894,1.0263157894736843,2.0526315789473686,26,3,22,53,-31,0.1153846153846153,0.8461538461538461,2.0384615384615383,0.06882591093117411,0.18016194331983815,0.01417004048583026,-8,12
1986_5,1986,Matchday 3,South Korea,Italy,2.0,3.0,team2_win,38,7,39,78,-39,0.1842105263157894,1.0263157894736843,2.0526315789473686,83,45,128,77,51,0.5421686746987951,1.5421686746987953,0.927710843373494,-0.35795814838300577,-0.515852885225111,1.1249207355738746,-90,-45
1986_6,1986,Matchday 3,Argentina,Bulgaria,2.0,0.0,team1_win,88,47,152,101,51,0.5340909090909091,1.7272727272727273,1.1477272727272727,26,3,22,53,-31,0.1153846153846153,0.8461538461538461,2.0384615384615383,0.41870629370629375,0.8811188811188811,-0.8907342657342656,82,62
1986_7,1986,Matchday 1,Belgium,Mexico,1.0,2.0,team2_win,51,21,69,74,-5,0.4117647058823529,1.3529411764705883,1.4509803921568627,60,17,62,101,-39,0.2833333333333333,1.0333333333333334,1.6833333333333331,0.1284313725490196,0.3196078431372549,-0.23235294117647043,34,-9
1986_8,1986,Matchday 1,Paraguay,Iraq,1.0,0.0,team1_win,27,7,30,38,-8,0.2592592592592592,1.1111111111111112,1.4074074074074074,3,0,1,4,-3,0.0,0.3333333333333333,1.3333333333333333,0.2592592592592592,0.7777777777777779,0.07407407407407418,-5,24
1986_9,1986,Matchday 2,Mexico,Paraguay,1.0,1.0,draw,60,17,62,101,-39,0.2833333333333333,1.0333333333333334,1.6833333333333331,27,7,30,38,-8,0.2592592592592592,1.1111111111111112,1.4074074074074074,0.024074074074074137,-0.07777777777777772,0.2759259259259257,-31,33
1986_10,1986,Matchday 2,Iraq,Belgium,1.0,2.0,team2_win,3,0,1,4,-3,0.0,0.3333333333333333,1.3333333333333333,51,21,69,74,-5,0.4117647058823529,1.3529411764705883,1.4509803921568627,-0.4117647058823529,-1.019607843137255,-0.11764705882352944,2,-48
1986_11,1986,Matchday 3,Iraq,Mexico,0.0,1.0,team2_win,3,0,1,4,-3,0.0,0.3333333333333333,1.3333333333333333,60,17,62,101,-39,0.2833333333333333,1.0333333333333334,1.6833333333333331,-0.2833333333333333,-0.7000000000000002,-0.34999999999999987,36,-57
1986_12,1986,Matchday 3,Paraguay,Belgium,2.0,2.0,draw,27,7,30,38,-8,0.2592592592592592,1.1111111111111112,1.4074074074074074,51,21,69,74,-5,0.4117647058823529,1.3529411764705883,1.4509803921568627,-0.15250544662309373,-0.24183006535947715,-0.04357298474945526,-3,-24
1986_13,1986,Matchday 1,Canada,France,0.0,1.0,team2_win,6,0,2,12,-10,0.0,0.3333333333333333,2.0,73,39,136,85,51,0.5342465753424658,1.8630136986301369,1.1643835616438356,-0.5342465753424658,-1.5296803652968036,0.8356164383561644,-61,-67
1986_14,1986,Matchday 1,Russia,Hungary,6.0,0.0,team1_win,45,19,77,54,23,0.4222222222222222,1.711111111111111,1.2,32,15,87,57,30,0.46875,2.71875,1.78125,-0.04652777777777778,-1.007638888888889,-0.58125,-7,13
1986_15,1986,Matchday 2,France,Russia,1.0,1.0,draw,73,39,136,85,51,0.5342465753424658,1.8630136986301369,1.1643835616438356,45,19,77,54,23,0.4222222222222222,1.711111111111111,1.2,0.11202435312024356,0.15190258751902586,-0.03561643835616435,28,28
1986_16,1986,Matchday 2,Hungary,Canada,2.0,0.0,team1_win,32,15,87,57,30,0.46875,2.71875,1.78125,6,0,2,12,-10,0.0,0.3333333333333333,2.0,0.46875,2.3854166666666665,-0.21875,40,26
1986_17,1986,Matchday 3,Hungary,France,0.0,3.0,team2_win,32,15,87,57,30,0.46875,2.71875,1.78125,73,39,136,85,51,0.5342465753424658,1.8630136986301369,1.1643835616438356,-0.06549657534246578,0.8557363013698631,0.6168664383561644,-21,-41
1986_18,1986,Matchday 3,Russia,Canada,2.0,0.0,team1_win,45,19,77,54,23,0.4222222222222222,1.711111111111111,1.2,6,0,2,12,-10,0.0,0.3333333333333333,2.0,0.4222222222222222,1.3777777777777778,-0.8,33,39
1986_19,1986,Matchday 1,Spain,Brazil,0.0,1.0,team2_win,67,31,108,75,33,0.4626865671641791,1.611940298507463,1.1194029850746268,114,76,237,108,129,0.6666666666666666,2.0789473684210527,0.9473684210526316,-0.20398009950248752,-0.46700706991358976,0.17203456402199513,-96,-47
1986_20,1986,Matchday 1,Algeria,Northern Ireland,1.0,1.0,draw,13,3,13,19,-6,0.2307692307692307,1.0,1.4615384615384617,13,3,13,23,-10,0.2307692307692307,1.0,1.7692307692307692,0.0,0.0,-0.3076923076923075,4,0
1986_21,1986,Matchday 2,Brazil,Algeria,1.0,0.0,team1_win,114,76,237,108,129,0.6666666666666666,2.0789473684210527,0.9473684210526316,13,3,13,19,-6,0.2307692307692307,1.0,1.4615384615384617,0.4358974358974359,1.0789473684210527,-0.51417004048583,135,101
1986_22,1986,Matchday 2,Northern Ireland,Spain,1.0,2.0,team2_win,13,3,13,23,-10,0.2307692307692307,1.0,1.7692307692307692,67,31,108,75,33,0.4626865671641791,1.611940298507463,1.1194029850746268,-0.2319173363949484,-0.6119402985074629,0.6498277841561424,-43,-54
1986_23,1986,Matchday 3,Northern Ireland,Brazil,0.0,3.0,team2_win,13,3,13,23,-10,0.2307692307692307,1.0,1.7692307692307692,114,76,237,108,129,0.6666666666666666,2.0789473684210527,0.9473684210526316,-0.4358974358974359,-1.0789473684210527,0.8218623481781375,-139,-101
1986_24,1986,Matchday 3,Algeria,Spain,0.0,3.0,team2_win,13,3,13,19,-6,0.2307692307692307,1.0,1.4615384615384617,67,31,108,75,33,0.4626865671641791,1.611940298507463,1.1194029850746268,-0.2319173363949484,-0.6119402985074629,0.3421354764638349,-39,-54
1986_25,1986,Matchday 1,Uruguay,Germany,1.0,1.0,draw,59,25,89,76,13,0.423728813559322,1.5084745762711864,1.2881355932203389,112,68,232,130,102,0.6071428571428571,2.0714285714285716,1.1607142857142858,-0.18341404358353508,-0.5629539951573852,0.12742130750605307,-89,-53
1986_26,1986,Matchday 1,Scotland,Denmark,0.0,1.0,team2_win,23,4,25,41,-16,0.1739130434782608,1.0869565217391304,1.7826086956521738,23,9,31,29,2,0.391304347826087,1.3478260869565215,1.2608695652173914,-0.21739130434782616,-0.26086956521739113,0.5217391304347825,-18,0
1986_27,1986,Matchday 2,Germany,Scotland,2.0,1.0,team1_win,112,68,232,130,102,0.6071428571428571,2.0714285714285716,1.1607142857142858,23,4,25,41,-16,0.1739130434782608,1.0869565217391304,1.7826086956521738,0.4332298136645963,0.9844720496894412,-0.621894409937888,118,89
1986_28,1986,Matchday 2,Denmark,Uruguay,6.0,1.0,team1_win,23,9,31,29,2,0.391304347826087,1.3478260869565215,1.2608695652173914,59,25,89,76,13,0.423728813559322,1.5084745762711864,1.2881355932203389,-0.03242446573323504,-0.1606484893146649,-0.02726602800294753,-11,-36
1986_29,1986,Matchday 3,Denmark,Germany,2.0,0.0,team1_win,23,9,31,29,2,0.391304347826087,1.3478260869565215,1.2608695652173914,112,68,232,130,102,0.6071428571428571,2.0714285714285716,1.1607142857142858,-0.21583850931677012,-0.7236024844720501,0.10015527950310554,-100,-89
1986_30,1986,Matchday 3,Scotland,Uruguay,0.0,0.0,draw,23,4,25,41,-16,0.1739130434782608,1.0869565217391304,1.7826086956521738,59,25,89,76,13,0.423728813559322,1.5084745762711864,1.2881355932203389,-0.2498157700810612,-0.42151805453205604,0.49447310243183495,-29,-36
1986_31,1986,Matchday 1,Morocco,Poland,0.0,0.0,draw,23,5,20,27,-7,0.217391304347826,0.8695652173913043,1.173913043478261,38,17,49,50,-1,0.4473684210526316,1.2894736842105263,1.3157894736842106,-0.22997711670480558,-0.419908466819222,-0.14187643020594964,-6,-15
1986_32,1986,Matchday 1,Portugal,England,1.0,0.0,team1_win,35,17,61,41,20,0.4857142857142857,1.7428571428571429,1.1714285714285717,74,32,104,68,36,0.4324324324324324,1.4054054054054057,0.918918918918919,0.05328185328185331,0.3374517374517372,0.25250965250965274,-16,-39
1986_33,1986,Matchday 2,England,Morocco,0.0,0.0,draw,74,32,104,68,36,0.4324324324324324,1.4054054054054057,0.918918918918919,23,5,20,27,-7,0.217391304347826,0.8695652173913043,1.173913043478261,0.2150411280846064,0.5358401880141014,-0.254994124559342,43,51
1986_34,1986,Matchday 2,Poland,Portugal,1.0,0.0,team1_win,38,17,49,50,-1,0.4473684210526316,1.2894736842105263,1.3157894736842106,35,17,61,41,20,0.4857142857142857,1.7428571428571429,1.1714285714285717,-0.03834586466165413,-0.45338345864661656,0.1443609022556389,-21,3
1986_35,1986,Matchday 3,Portugal,Morocco,1.0,3.0,team2_win,35,17,61,41,20,0.4857142857142857,1.7428571428571429,1.1714285714285717,23,5,20,27,-7,0.217391304347826,0.8695652173913043,1.173913043478261,0.2683229813664597,0.8732919254658386,-0.002484472049689268,27,12
1986_36,1986,Matchday 3,England,Poland,3.0,0.0,team1_win,74,32,104,68,36,0.4324324324324324,1.4054054054054057,0.918918918918919,38,17,49,50,-1,0.4473684210526316,1.2894736842105263,1.3157894736842106,-0.014935988620199181,0.11593172119487938,-0.39687055476529165,37,36
1986_37,1986,Round of 16,Mexico,Bulgaria,2.0,0.0,team1_win,60,17,62,101,-39,0.2833333333333333,1.0333333333333334,1.6833333333333331,26,3,22,53,-31,0.1153846153846153,0.8461538461538461,2.0384615384615383,0.16794871794871802,0.1871794871794873,-0.3551282051282052,-8,34
1986_38,1986,Round of 16,Russia,Belgium,3.0,4.0,team2_win,45,19,77,54,23,0.4222222222222222,1.711111111111111,1.2,51,21,69,74,-5,0.4117647058823529,1.3529411764705883,1.4509803921568627,0.0104575163398693,0.3581699346405227,-0.25098039215686274,28,-6
1986_39,1986,Round of 16,Argentina,Uruguay,1.0,0.0,team1_win,88,47,152,101,51,0.5340909090909091,1.7272727272727273,1.1477272727272727,59,25,89,76,13,0.423728813559322,1.5084745762711864,1.2881355932203389,0.11036209553158705,0.21879815100154087,-0.14040832049306617,38,29
1986_40,1986,Round of 16,Brazil,Poland,4.0,0.0,team1_win,114,76,237,108,129,0.6666666666666666,2.0789473684210527,0.9473684210526316,38,17,49,50,-1,0.4473684210526316,1.2894736842105263,1.3157894736842106,0.21929824561403505,0.7894736842105263,-0.368421052631579,130,76
1986_41,1986,Round of 16,Italy,France,0.0,2.0,team2_win,83,45,128,77,51,0.5421686746987951,1.5421686746987953,0.927710843373494,73,39,136,85,51,0.5342465753424658,1.8630136986301369,1.1643835616438356,0.00792209935632937,-0.3208450239313416,-0.23667271827034164,0,10
1986_42,1986,Round of 16,Morocco,Germany,0.0,1.0,team2_win,23,5,20,27,-7,0.217391304347826,0.8695652173913043,1.173913043478261,112,68,232,130,102,0.6071428571428571,2.0714285714285716,1.1607142857142858,-0.3897515527950311,-1.2018633540372674,0.013198757763975166,-109,-89
1986_43,1986,Round of 16,England,Paraguay,3.0,0.0,team1_win,74,32,104,68,36,0.4324324324324324,1.4054054054054057,0.918918918918919,27,7,30,38,-8,0.2592592592592592,1.1111111111111112,1.4074074074074074,0.1731731731731732,0.29429429429429455,-0.48848848848848847,44,47
1986_44,1986,Round of 16,Denmark,Spain,1.0,5.0,team2_win,23,9,31,29,2,0.391304347826087,1.3478260869565215,1.2608695652173914,67,31,108,75,33,0.4626865671641791,1.611940298507463,1.1194029850746268,-0.07138221933809213,-0.2641142115509414,0.1414665801427646,-31,-44
1986_45,1986,Quarter-finals,Brazil,France,1.0,1.0,draw,114,76,237,108,129,0.6666666666666666,2.0789473684210527,0.9473684210526316,73,39,136,85,51,0.5342465753424658,1.8630136986301369,1.1643835616438356,0.13242009132420085,0.21593366979091577,-0.21701514059120397,78,41
1986_46,1986,Quarter-finals,Germany,Mexico,0.0,0.0,draw,112,68,232,130,102,0.6071428571428571,2.0714285714285716,1.1607142857142858,60,17,62,101,-39,0.2833333333333333,1.0333333333333334,1.6833333333333331,0.32380952380952377,1.0380952380952382,-0.5226190476190473,141,52
1986_47,1986,Quarter-finals,Spain,Belgium,1.0,1.0,draw,67,31,108,75,33,0.4626865671641791,1.611940298507463,1.1194029850746268,51,21,69,74,-5,0.4117647058823529,1.3529411764705883,1.4509803921568627,0.050921861281826186,0.2589991220368746,-0.33157740708223593,38,16
1986_48,1986,Quarter-finals,Argentina,England,2.0,1.0,team1_win,88,47,152,101,51,0.5340909090909091,1.7272727272727273,1.1477272727272727,74,32,104,68,36,0.4324324324324324,1.4054054054054057,0.918918918918919,0.10165847665847666,0.3218673218673216,0.22880835380835374,15,14
1986_49,1986,Semi-finals,Argentina,Belgium,2.0,0.0,team1_win,88,47,152,101,51,0.5340909090909091,1.7272727272727273,1.1477272727272727,51,21,69,74,-5,0.4117647058823529,1.3529411764705883,1.4509803921568627,0.12232620320855614,0.374331550802139,-0.30325311942959,56,37
1986_50,1986,Semi-finals,France,Germany,0.0,2.0,team2_win,73,39,136,85,51,0.5342465753424658,1.8630136986301369,1.1643835616438356,112,68,232,130,102,0.6071428571428571,2.0714285714285716,1.1607142857142858,-0.07289628180039132,-0.20841487279843474,0.003669275929549798,-51,-39
1986_51,1986,Third place match,France,Belgium,4.0,2.0,team1_win,73,39,136,85,51,0.5342465753424658,1.8630136986301369,1.1643835616438356,51,21,69,74,-5,0.4117647058823529,1.3529411764705883,1.4509803921568627,0.12248186946011286,0.5100725221595486,-0.2865968305130271,56,22
1986_52,1986,Final,Argentina,Germany,3.0,2.0,team1_win,88,47,152,101,51,0.5340909090909091,1.7272727272727273,1.1477272727272727,112,68,232,130,102,0.6071428571428571,2.0714285714285716,1.1607142857142858,-0.07305194805194803,-0.3441558441558443,-0.012987012987013102,-51,-24
1990_1,1990,Matchday 1,Italy,Austria,1.0,0.0,team1_win,83,45,128,77,51,0.5421686746987951,1.5421686746987953,0.927710843373494,29,12,43,47,-4,0.4137931034482758,1.4827586206896552,1.6206896551724137,0.12837557125051935,0.05941005400914001,-0.6929788117989197,55,54
1990_2,1990,Matchday 1,United States,Czech Republic,1.0,5.0,team2_win,10,3,14,29,-15,0.3,1.4,2.9,33,12,47,49,-2,0.3636363636363636,1.4242424242424243,1.4848484848484849,-0.0636363636363636,-0.0242424242424244,1.415151515151515,-13,-23
1990_3,1990,Matchday 2,Italy,United States,1.0,0.0,team1_win,83,45,128,77,51,0.5421686746987951,1.5421686746987953,0.927710843373494,10,3,14,29,-15,0.3,1.4,2.9,0.24216867469879516,0.14216867469879535,-1.972289156626506,66,73
1990_4,1990,Matchday 2,Austria,Czech Republic,0.0,1.0,team2_win,29,12,43,47,-4,0.4137931034482758,1.4827586206896552,1.6206896551724137,33,12,47,49,-2,0.3636363636363636,1.4242424242424243,1.4848484848484849,0.05015673981191221,0.05851619644723094,0.13584117032392884,-2,-4
1990_5,1990,Matchday 3,Italy,Czech Republic,2.0,0.0,team1_win,83,45,128,77,51,0.5421686746987951,1.5421686746987953,0.927710843373494,33,12,47,49,-2,0.3636363636363636,1.4242424242424243,1.4848484848484849,0.17853231106243156,0.11792625045637095,-0.5571376414749909,53,50
1990_6,1990,Matchday 3,Austria,United States,2.0,1.0,team1_win,29,12,43,47,-4,0.4137931034482758,1.4827586206896552,1.6206896551724137,10,3,14,29,-15,0.3,1.4,2.9,0.11379310344827581,0.08275862068965534,-1.2793103448275862,11,19
1990_7,1990,Matchday 1,Argentina,Cameroon,0.0,1.0,team2_win,88,47,152,101,51,0.5340909090909091,1.7272727272727273,1.1477272727272727,26,5,22,47,-25,0.1923076923076923,0.8461538461538461,1.8076923076923077,0.34178321678321677,0.8811188811188811,-0.659965034965035,76,62
1990_8,1990,Matchday 1,Russia,Romania,0.0,2.0,team2_win,45,19,77,54,23,0.4222222222222222,1.711111111111111,1.2,21,8,30,32,-2,0.3809523809523809,1.4285714285714286,1.5238095238095235,0.041269841269841345,0.2825396825396824,-0.32380952380952355,25,24
1990_9,1990,Matchday 1,Argentina,Russia,2.0,0.0,team1_win,88,47,152,101,51,0.5340909090909091,1.7272727272727273,1.1477272727272727,45,19,77,54,23,0.4222222222222222,1.711111111111111,1.2,0.11186868686868684,0.016161616161616266,-0.05227272727272725,28,43
1990_10,1990,Matchday 2,Cameroon,Romania,2.0,1.0,team1_win,26,5,22,47,-25,0.1923076923076923,0.8461538461538461,1.8076923076923077,21,8,30,32,-2,0.3809523809523809,1.4285714285714286,1.5238095238095235,-0.18864468864468859,-0.5824175824175825,0.2838827838827842,-23,5
1990_11,1990,Matchday 3,Argentina,Romania,1.0,1.0,draw,88,47,152,101,51,0.5340909090909091,1.7272727272727273,1.1477272727272727,21,8,30,32,-2,0.3809523809523809,1.4285714285714286,1.5238095238095235,0.15313852813852818,0.2987012987012987,-0.3760822510822508,53,67
1990_12,1990,Matchday 3,Cameroon,Russia,0.0,4.0,team2_win,26,5,22,47,-25,0.1923076923076923,0.8461538461538461,1.8076923076923077,45,19,77,54,23,0.4222222222222222,1.711111111111111,1.2,-0.22991452991452993,-0.8649572649572649,0.6076923076923078,-48,-19
1990_13,1990,Matchday 1,Brazil,Sweden,2.0,1.0,team1_win,114,76,237,108,129,0.6666666666666666,2.0789473684210527,0.9473684210526316,51,19,80,73,7,0.3725490196078431,1.568627450980392,1.431372549019608,0.29411764705882354,0.5103199174406607,-0.48400412796697645,122,63
1990_14,1990,Matchday 1,Costa Rica,Scotland,1.0,0.0,team1_win,21,6,22,39,-17,0.2857142857142857,1.0476190476190477,1.8571428571428572,23,4,25,41,-16,0.1739130434782608,1.0869565217391304,1.7826086956521738,0.11180124223602489,-0.039337474120082705,0.07453416149068337,-1,-2
1990_15,1990,Matchday 2,Brazil,Costa Rica,1.0,0.0,team1_win,114,76,237,108,129,0.6666666666666666,2.0789473684210527,0.9473684210526316,21,6,22,39,-17,0.2857142857142857,1.0476190476190477,1.8571428571428572,0.38095238095238093,1.031328320802005,-0.9097744360902256,146,93
1990_16,1990,Matchday 2,Sweden,Scotland,1.0,2.0,team2_win,51,19,80,73,7,0.3725490196078431,1.568627450980392,1.431372549019608,23,4,25,41,-16,0.1739130434782608,1.0869565217391304,1.7826086956521738,0.19863597612958228,0.48167092924126154,-0.35123614663256575,23,28
1990_17,1990,Matchday 3,Brazil,Scotland,1.0,0.0,team1_win,114,76,237,108,129,0.6666666666666666,2.0789473684210527,0.9473684210526316,23,4,25,41,-16,0.1739130434782608,1.0869565217391304,1.7826086956521738,0.4927536231884058,0.9919908466819223,-0.8352402745995422,145,91
1990_18,1990,Matchday 3,Sweden,Costa Rica,1.0,2.0,team2_win,51,19,80,73,7,0.3725490196078431,1.568627450980392,1.431372549019608,21,6,22,39,-17,0.2857142857142857,1.0476190476190477,1.8571428571428572,0.08683473389355739,0.5210084033613442,-0.4257703081232491,24,30
1990_19,1990,Matchday 1,United Arab Emirates,Colombia,0.0,2.0,team2_win,3,0,2,11,-9,0.0,0.6666666666666666,3.6666666666666665,22,9,32,30,2,0.4090909090909091,1.4545454545454546,1.3636363636363635,-0.4090909090909091,-0.787878787878788,2.3030303030303028,-11,-19
1990_20,1990,Matchday 1,Germany,Serbia,4.0,1.0,team1_win,112,68,232,130,102,0.6071428571428571,2.0714285714285716,1.1607142857142858,46,18,69,61,8,0.391304347826087,1.5,1.326086956521739,0.21583850931677012,0.5714285714285716,-0.16537267080745321,94,66
1990_21,1990,Matchday 2,Serbia,Colombia,1.0,0.0,team1_win,46,18,69,61,8,0.391304347826087,1.5,1.326086956521739,22,9,32,30,2,0.4090909090909091,1.4545454545454546,1.3636363636363635,-0.017786561264822143,0.045454545454545414,-0.03754940711462451,6,24
1990_22,1990,Matchday 2,Germany,United Arab Emirates,5.0,1.0,team1_win,112,68,232,130,102,0.6071428571428571,2.0714285714285716,1.1607142857142858,3,0,2,11,-9,0.0,0.6666666666666666,3.6666666666666665,0.6071428571428571,1.404761904761905,-2.5059523809523805,111,109
1990_23,1990,Matchday 3,Germany,Colombia,1.0,1.0,draw,112,68,232,130,102,0.6071428571428571,2.0714285714285716,1.1607142857142858,22,9,32,30,2,0.4090909090909091,1.4545454545454546,1.3636363636363635,0.19805194805194798,0.616883116883117,-0.20292207792207773,100,90
1990_24,1990,Matchday 3,Serbia,United Arab Emirates,4.0,1.0,team1_win,46,18,69,61,8,0.391304347826087,1.5,1.326086956521739,3,0,2,11,-9,0.0,0.6666666666666666,3.6666666666666665,0.391304347826087,0.8333333333333334,-2.3405797101449277,17,43
1990_25,1990,Matchday 1,Belgium,South Korea,2.0,0.0,team1_win,51,21,69,74,-5,0.4117647058823529,1.3529411764705883,1.4509803921568627,38,7,39,78,-39,0.1842105263157894,1.0263157894736843,2.0526315789473686,0.2275541795665635,0.326625386996904,-0.6016511867905059,34,13
1990_26,1990,Matchday 1,Uruguay,Spain,0.0,0.0,draw,59,25,89,76,13,0.423728813559322,1.5084745762711864,1.2881355932203389,67,31,108,75,33,0.4626865671641791,1.611940298507463,1.1194029850746268,-0.03895775360485709,-0.10346572223627648,0.16873260814571212,-20,-8
1990_27,1990,Matchday 2,Belgium,Uruguay,3.0,1.0,team1_win,51,21,69,74,-5,0.4117647058823529,1.3529411764705883,1.4509803921568627,59,25,89,76,13,0.423728813559322,1.5084745762711864,1.2881355932203389,-0.011964107676969093,-0.1555333998005981,0.16284479893652382,-18,-8
1990_28,1990,Matchday 2,South Korea,Spain,1.0,3.0,team2_win,38,7,39,78,-39,0.1842105263157894,1.0263157894736843,2.0526315789473686,67,31,108,75,33,0.4626865671641791,1.611940298507463,1.1194029850746268,-0.2784760408483897,-0.5856245090337786,0.9332285938727418,-72,-29
1990_29,1990,Matchday 3,Belgium,Spain,1.0,2.0,team2_win,51,21,69,74,-5,0.4117647058823529,1.3529411764705883,1.4509803921568627,67,31,108,75,33,0.4626865671641791,1.611940298507463,1.1194029850746268,-0.050921861281826186,-0.2589991220368746,0.33157740708223593,-38,-16
1990_30,1990,Matchday 3,South Korea,Uruguay,0.0,1.0,team2_win,38,7,39,78,-39,0.1842105263157894,1.0263157894736843,2.0526315789473686,59,25,89,76,13,0.423728813559322,1.5084745762711864,1.2881355932203389,-0.2395182872435326,-0.4821587867975021,0.7644959857270297,-52,-21
1990_31,1990,Matchday 1,England,Ireland,1.0,1.0,draw,74,32,104,68,36,0.4324324324324324,1.4054054054054057,0.918918918918919,13,2,10,10,0,0.1538461538461538,0.7692307692307693,0.7692307692307693,0.2785862785862786,0.6361746361746364,0.1496881496881497,36,61
1990_32,1990,Matchday 1,Netherlands,Egypt,1.0,1.0,draw,55,30,96,52,44,0.5454545454545454,1.7454545454545454,0.9454545454545454,7,0,5,12,-7,0.0,0.7142857142857143,1.7142857142857142,0.5454545454545454,1.0311688311688312,-0.7688311688311688,51,48
1990_33,1990,Matchday 2,England,Netherlands,0.0,0.0,draw,74,32,104,68,36,0.4324324324324324,1.4054054054054057,0.918918918918919,55,30,96,52,44,0.5454545454545454,1.7454545454545454,0.9454545454545454,-0.11302211302211301,-0.34004914004913966,-0.026535626535626466,-8,19
1990_34,1990,Matchday 2,Ireland,Egypt,0.0,0.0,draw,13,2,10,10,0,0.1538461538461538,0.7692307692307693,0.7692307692307693,7,0,5,12,-7,0.0,0.7142857142857143,1.7142857142857142,0.1538461538461538,0.05494505494505497,-0.9450549450549449,7,6
1990_35,1990,Matchday 3,England,Egypt,1.0,0.0,team1_win,74,32,104,68,36,0.4324324324324324,1.4054054054054057,0.918918918918919,7,0,5,12,-7,0.0,0.7142857142857143,1.7142857142857142,0.4324324324324324,0.6911196911196914,-0.7953667953667952,43,67
1990_36,1990,Matchday 3,Ireland,Netherlands,1.0,1.0,draw,13,2,10,10,0,0.1538461538461538,0.7692307692307693,0.7692307692307693,55,30,96,52,44,0.5454545454545454,1.7454545454545454,0.9454545454545454,-0.3916083916083916,-0.9762237762237761,-0.17622377622377616,-44,-42
1990_37,1990,Round of 16,Cameroon,Colombia,2.0,1.0,team1_win,26,5,22,47,-25,0.1923076923076923,0.8461538461538461,1.8076923076923077,22,9,32,30,2,0.4090909090909091,1.4545454545454546,1.3636363636363635,-0.21678321678321683,-0.6083916083916084,0.4440559440559442,-27,4
1990_38,1990,Round of 16,Czech Republic,Costa Rica,4.0,1.0,team1_win,33,12,47,49,-2,0.3636363636363636,1.4242424242424243,1.4848484848484849,21,6,22,39,-17,0.2857142857142857,1.0476190476190477,1.8571428571428572,0.07792207792207789,0.37662337662337664,-0.37229437229437234,15,12
1990_39,1990,Round of 16,Brazil,Argentina,0.0,1.0,team2_win,114,76,237,108,129,0.6666666666666666,2.0789473684210527,0.9473684210526316,88,47,152,101,51,0.5340909090909091,1.7272727272727273,1.1477272727272727,0.13257575757575757,0.35167464114832536,-0.20035885167464107,78,26
1990_40,1990,Round of 16,Germany,Netherlands,2.0,1.0,team1_win,112,68,232,130,102,0.6071428571428571,2.0714285714285716,1.1607142857142858,55,30,96,52,44,0.5454545454545454,1.7454545454545454,0.9454545454545454,0.06168831168831168,0.32597402597402625,0.21525974025974037,58,57
1990_41,1990,Round of 16,Ireland,Romania,0.0,0.0,draw,13,2,10,10,0,0.1538461538461538,0.7692307692307693,0.7692307692307693,21,8,30,32,-2,0.3809523809523809,1.4285714285714286,1.5238095238095235,-0.22710622710622708,-0.6593406593406593,-0.7545787545787542,2,-8
1990_42,1990,Round of 16,Italy,Uruguay,2.0,0.0,team1_win,83,45,128,77,51,0.5421686746987951,1.5421686746987953,0.927710843373494,59,25,89,76,13,0.423728813559322,1.5084745762711864,1.2881355932203389,0.11843986113947313,0.03369409842760884,-0.3604247498468449,38,24
1990_43,1990,Round of 16,Spain,Serbia,1.0,2.0,team2_win,67,31,108,75,33,0.4626865671641791,1.611940298507463,1.1194029850746268,46,18,69,61,8,0.391304347826087,1.5,1.326086956521739,0.07138221933809213,0.1119402985074629,-0.20668397144711226,25,21
1990_44,1990,Round of 16,England,Belgium,1.0,0.0,team1_win,74,32,104,68,36,0.4324324324324324,1.4054054054054057,0.918918918918919,51,21,69,74,-5,0.4117647058823529,1.3529411764705883,1.4509803921568627,0.02066772655007948,0.05246422893481739,-0.5320614732379437,41,23
1990_45,1990,Quarter-finals,Serbia,Argentina,0.0,0.0,draw,46,18,69,61,8,0.391304347826087,1.5,1.326086956521739,88,47,152,101,51,0.5340909090909091,1.7272727272727273,1.1477272727272727,-0.1427865612648221,-0.2272727272727273,0.17835968379446632,-43,-42
1990_46,1990,Quarter-finals,Italy,Ireland,1.0,0.0,team1_win,83,45,128,77,51,0.5421686746987951,1.5421686746987953,0.927710843373494,13,2,10,10,0,0.1538461538461538,0.7692307692307693,0.7692307692307693,0.38832252085264135,0.772937905468026,0.1584800741427247,51,70
1990_47,1990,Quarter-finals,Germany,Czech Republic,1.0,0.0,team1_win,112,68,232,130,102,0.6071428571428571,2.0714285714285716,1.1607142857142858,33,12,47,49,-2,0.3636363636363636,1.4242424242424243,1.4848484848484849,0.2435064935064935,0.6471861471861473,-0.32413419913419905,104,79
1990_48,1990,Quarter-finals,England,Cameroon,3.0,2.0,team1_win,74,32,104,68,36,0.4324324324324324,1.4054054054054057,0.918918918918919,26,5,22,47,-25,0.1923076923076923,0.8461538461538461,1.8076923076923077,0.2401247401247401,0.5592515592515596,-0.8887733887733887,61,48
1990_49,1990,Semi-finals,Italy,Argentina,1.0,1.0,draw,83,45,128,77,51,0.5421686746987951,1.5421686746987953,0.927710843373494,88,47,152,101,51,0.5340909090909091,1.7272727272727273,1.1477272727272727,0.00807776560788609,-0.18510405257393203,-0.22001642935377874,0,-5
1990_50,1990,Semi-finals,Germany,England,1.0,1.0,draw,112,68,232,130,102,0.6071428571428571,2.0714285714285716,1.1607142857142858,74,32,104,68,36,0.4324324324324324,1.4054054054054057,0.918918918918919,0.1747104247104247,0.6660231660231659,0.24179536679536684,66,38
1990_51,1990,Third place match,Italy,England,2.0,1.0,team1_win,83,45,128,77,51,0.5421686746987951,1.5421686746987953,0.927710843373494,74,32,104,68,36,0.4324324324324324,1.4054054054054057,0.918918918918919,0.10973624226636275,0.13676326929338956,0.008791924454574995,15,9
1990_52,1990,Final,Germany,Argentina,1.0,0.0,team1_win,112,68,232,130,102,0.6071428571428571,2.0714285714285716,1.1607142857142858,88,47,152,101,51,0.5340909090909091,1.7272727272727273,1.1477272727272727,0.07305194805194803,0.3441558441558443,0.012987012987013102,51,24
1994_1,1994,Matchday 1,USA,Switzerland,1.0,1.0,draw,27,6,26,37,-11,0.2222222222222222,0.9629629629629628,1.3703703703703705,41,14,55,73,-18,0.3414634146341463,1.3414634146341464,1.7804878048780488,-0.1192411924119241,-0.3785004516711836,-0.41011743450767835,7,-14
1994_2,1994,Matchday 1,Colombia,Romania,1.0,3.0,team2_win,22,9,32,30,2,0.4090909090909091,1.4545454545454546,1.3636363636363635,21,8,30,32,-2,0.3809523809523809,1.4285714285714286,1.5238095238095235,0.02813852813852824,0.025974025974025983,-0.16017316017315997,4,1
1994_3,1994,Matchday 2,Romania,Switzerland,1.0,4.0,team2_win,21,8,30,32,-2,0.3809523809523809,1.4285714285714286,1.5238095238095235,41,14,55,73,-18,0.3414634146341463,1.3414634146341464,1.7804878048780488,0.039488966318234564,0.08710801393728218,-0.2566782810685253,16,-20
1994_4,1994,Matchday 2,USA,Colombia,2.0,1.0,team1_win,27,6,26,37,-11,0.2222222222222222,0.9629629629629628,1.3703703703703705,22,9,32,30,2,0.4090909090909091,1.4545454545454546,1.3636363636363635,-0.1868686868686869,-0.4915824915824918,0.006734006734006925,-13,5
1994_5,1994,Matchday 2,USA,Romania,0.0,1.0,team2_win,27,6,26,37,-11,0.2222222222222222,0.9629629629629628,1.3703703703703705,21,8,30,32,-2,0.3809523809523809,1.4285714285714286,1.5238095238095235,-0.15873015873015867,-0.4656084656084658,-0.15343915343915304,-9,6
1994_6,1994,Matchday 2,Switzerland,Colombia,0.0,2.0,team2_win,41,14,55,73,-18,0.3414634146341463,1.3414634146341464,1.7804878048780488,22,9,32,30,2,0.4090909090909091,1.4545454545454546,1.3636363636363635,-0.0676274944567628,-0.11308203991130816,0.41685144124168527,-20,19
1994_7,1994,Matchday 1,Cameroon,Sweden,2.0,2.0,draw,26,5,22,47,-25,0.1923076923076923,0.8461538461538461,1.8076923076923077,51,19,80,73,7,0.3725490196078431,1.568627450980392,1.431372549019608,-0.1802413273001508,-0.7224736048265458,0.3763197586726996,-32,-25
1994_8,1994,Matchday 1,Brazil,Russia,2.0,0.0,team1_win,114,76,237,108,129,0.6666666666666666,2.0789473684210527,0.9473684210526316,45,19,77,54,23,0.4222222222222222,1.711111111111111,1.2,0.2444444444444444,0.3678362573099416,-0.2526315789473683,106,69
1994_9,1994,Matchday 2,Brazil,Cameroon,3.0,0.0,team1_win,114,76,237,108,129,0.6666666666666666,2.0789473684210527,0.9473684210526316,26,5,22,47,-25,0.1923076923076923,0.8461538461538461,1.8076923076923077,0.47435897435897434,1.2327935222672064,-0.8603238866396761,154,88
1994_10,1994,Matchday 2,Sweden,Russia,3.0,1.0,team1_win,51,19,80,73,7,0.3725490196078431,1.568627450980392,1.431372549019608,45,19,77,54,23,0.4222222222222222,1.711111111111111,1.2,-0.04967320261437913,-0.14248366013071911,0.23137254901960813,-16,6
1994_11,1994,Matchday 3,Russia,Cameroon,6.0,1.0,team1_win,45,19,77,54,23,0.4222222222222222,1.711111111111111,1.2,26,5,22,47,-25,0.1923076923076923,0.8461538461538461,1.8076923076923077,0.22991452991452993,0.8649572649572649,-0.6076923076923078,48,19
1994_12,1994,Matchday 3,Brazil,Sweden,1.0,1.0,draw,114,76,237,108,129,0.6666666666666666,2.0789473684210527,0.9473684210526316,51,19,80,73,7,0.3725490196078431,1.568627450980392,1.431372549019608,0.29411764705882354,0.5103199174406607,-0.48400412796697645,122,63
1994_13,1994,Matchday 1,Germany,Bolivia,1.0,0.0,team1_win,112,68,232,130,102,0.6071428571428571,2.0714285714285716,1.1607142857142858,6,0,1,20,-19,0.0,0.1666666666666666,3.3333333333333335,0.6071428571428571,1.904761904761905,-2.1726190476190474,121,106
1994_14,1994,Matchday 1,Spain,South Korea,2.0,2.0,draw,67,31,108,75,33,0.4626865671641791,1.611940298507463,1.1194029850746268,38,7,39,78,-39,0.1842105263157894,1.0263157894736843,2.0526315789473686,0.2784760408483897,0.5856245090337786,-0.9332285938727418,72,29
1994_15,1994,Matchday 1,Germany,Spain,1.0,1.0,draw,112,68,232,130,102,0.6071428571428571,2.0714285714285716,1.1607142857142858,67,31,108,75,33,0.4626865671641791,1.611940298507463,1.1194029850746268,0.144456289978678,0.4594882729211087,0.04131130063965904,69,45
1994_16,1994,Matchday 2,South Korea,Bolivia,0.0,0.0,draw,38,7,39,78,-39,0.1842105263157894,1.0263157894736843,2.0526315789473686,6,0,1,20,-19,0.0,0.1666666666666666,3.3333333333333335,0.1842105263157894,0.8596491228070177,-1.280701754385965,-20,32
1994_17,1994,Matchday 3,Bolivia,Spain,1.0,3.0,team2_win,6,0,1,20,-19,0.0,0.1666666666666666,3.3333333333333335,67,31,108,75,33,0.4626865671641791,1.611940298507463,1.1194029850746268,-0.4626865671641791,-1.4452736318407964,2.2139303482587067,-52,-61
1994_18,1994,Matchday 3,Germany,South Korea,3.0,2.0,team1_win,112,68,232,130,102,0.6071428571428571,2.0714285714285716,1.1607142857142858,38,7,39,78,-39,0.1842105263157894,1.0263157894736843,2.0526315789473686,0.4229323308270677,1.0451127819548873,-0.8919172932330828,141,74
1994_19,1994,Matchday 1,Argentina,Greece,4.0,0.0,team1_win,88,47,152,101,51,0.5340909090909091,1.7272727272727273,1.1477272727272727,10,2,5,20,-15,0.2,0.5,2.0,0.33409090909090905,1.2272727272727273,-0.8522727272727273,66,78
1994_20,1994,Matchday 1,Nigeria,Bulgaria,3.0,0.0,team1_win,21,6,23,30,-7,0.2857142857142857,1.0952380952380951,1.4285714285714286,26,3,22,53,-31,0.1153846153846153,0.8461538461538461,2.0384615384615383,0.1703296703296704,0.24908424908424898,-0.6098901098901097,24,-5
1994_21,1994,Matchday 2,Argentina,Nigeria,2.0,1.0,team1_win,88,47,152,101,51,0.5340909090909091,1.7272727272727273,1.1477272727272727,21,6,23,30,-7,0.2857142857142857,1.0952380952380951,1.4285714285714286,0.24837662337662336,0.6320346320346322,-0.2808441558441559,58,67
1994_22,1994,Matchday 2,Greece,Bulgaria,0.0,4.0,team2_win,10,2,5,20,-15,0.2,0.5,2.0,26,3,22,53,-31,0.1153846153846153,0.8461538461538461,2.0384615384615383,0.08461538461538472,-0.34615384615384615,-0.038461538461538325,16,-16
1994_23,1994,Matchday 3,Greece,Nigeria,0.0,2.0,team2_win,10,2,5,20,-15,0.2,0.5,2.0,21,6,23,30,-7,0.2857142857142857,1.0952380952380951,1.4285714285714286,-0.08571428571428569,-0.5952380952380951,0.5714285714285714,-8,-11
1994_24,1994,Matchday 3,Argentina,Bulgaria,0.0,2.0,team2_win,88,47,152,101,51,0.5340909090909091,1.7272727272727273,1.1477272727272727,26,3,22,53,-31,0.1153846153846153,0.8461538461538461,2.0384615384615383,0.41870629370629375,0.8811188811188811,-0.8907342657342656,82,62
1994_25,1994,Matchday 1,Italy,Ireland,0.0,1.0,team2_win,83,45,128,77,51,0.5421686746987951,1.5421686746987953,0.927710843373494,13,2,10,10,0,0.1538461538461538,0.7692307692307693,0.7692307692307693,0.38832252085264135,0.772937905468026,0.1584800741427247,51,70
1994_26,1994,Matchday 1,Norway,Mexico,1.0,0.0,team1_win,8,2,7,8,-1,0.25,0.875,1.0,60,17,62,101,-39,0.2833333333333333,1.0333333333333334,1.6833333333333331,-0.033333333333333326,-0.15833333333333344,-0.6833333333333331,38,-52
1994_27,1994,Matchday 2,Italy,Norway,1.0,0.0,team1_win,83,45,128,77,51,0.5421686746987951,1.5421686746987953,0.927710843373494,8,2,7,8,-1,0.25,0.875,1.0,0.29216867469879515,0.6671686746987953,-0.07228915662650603,52,75
1994_28,1994,Matchday 2,Mexico,Ireland,2.0,1.0,team1_win,60,17,62,101,-39,0.2833333333333333,1.0333333333333334,1.6833333333333331,13,2,10,10,0,0.1538461538461538,0.7692307692307693,0.7692307692307693,0.12948717948717953,0.26410256410256416,0.9141025641025639,-39,47
1994_29,1994,Matchday 3,Ireland,Norway,0.0,0.0,draw,13,2,10,10,0,0.1538461538461538,0.7692307692307693,0.7692307692307693,8,2,7,8,-1,0.25,0.875,1.0,-0.0961538461538462,-0.10576923076923073,-0.23076923076923073,1,5
1994_30,1994,Matchday 3,Italy,Mexico,1.0,1.0,draw,83,45,128,77,51,0.5421686746987951,1.5421686746987953,0.927710843373494,60,17,62,101,-39,0.2833333333333333,1.0333333333333334,1.6833333333333331,0.2588353413654618,0.5088353413654618,-0.7556224899598392,90,23
1994_31,1994,Matchday 1,Belgium,Morocco,1.0,0.0,team1_win,51,21,69,74,-5,0.4117647058823529,1.3529411764705883,1.4509803921568627,23,5,20,27,-7,0.217391304347826,0.8695652173913043,1.173913043478261,0.19437340153452692,0.483375959079284,0.2770673486786017,2,28
1994_32,1994,Matchday 1,Netherlands,Saudi Arabia,2.0,1.0,team1_win,55,30,96,52,44,0.5454545454545454,1.7454545454545454,0.9454545454545454,19,4,14,44,-30,0.2105263157894736,0.7368421052631579,2.3157894736842106,0.33492822966507185,1.0086124401913876,-1.3703349282296653,74,36
1994_33,1994,Matchday 2,Belgium,Netherlands,1.0,0.0,team1_win,51,21,69,74,-5,0.4117647058823529,1.3529411764705883,1.4509803921568627,55,30,96,52,44,0.5454545454545454,1.7454545454545454,0.9454545454545454,-0.1336898395721925,-0.39251336898395706,0.5055258467023173,-49,-4
1994_34,1994,Matchday 2,Saudi Arabia,Morocco,2.0,1.0,team1_win,19,4,14,44,-30,0.2105263157894736,0.7368421052631579,2.3157894736842106,23,5,20,27,-7,0.217391304347826,0.8695652173913043,1.173913043478261,-0.006864988558352408,-0.13272311212814647,1.1418764302059496,-23,-4
1994_35,1994,Matchday 3,Morocco,Netherlands,1.0,2.0,team2_win,23,5,20,27,-7,0.217391304347826,0.8695652173913043,1.173913043478261,55,30,96,52,44,0.5454545454545454,1.7454545454545454,0.9454545454545454,-0.3280632411067194,-0.875889328063241,0.22845849802371554,-51,-32
1994_36,1994,Matchday 3,Belgium,Saudi Arabia,0.0,1.0,team2_win,51,21,69,74,-5,0.4117647058823529,1.3529411764705883,1.4509803921568627,19,4,14,44,-30,0.2105263157894736,0.7368421052631579,2.3157894736842106,0.20123839009287933,0.6160990712074305,-0.8648090815273479,25,32
1994_37,1994,Round of 16,Germany,Belgium,3.0,2.0,team1_win,112,68,232,130,102,0.6071428571428571,2.0714285714285716,1.1607142857142858,51,21,69,74,-5,0.4117647058823529,1.3529411764705883,1.4509803921568627,0.19537815126050417,0.7184873949579833,-0.2902661064425769,107,61
1994_38,1994,Round of 16,Spain,Switzerland,3.0,0.0,team1_win,67,31,108,75,33,0.4626865671641791,1.611940298507463,1.1194029850746268,41,14,55,73,-18,0.3414634146341463,1.3414634146341464,1.7804878048780488,0.1212231525300328,0.2704768838733165,-0.661084819803422,51,26
1994_39,1994,Round of 16,Saudi Arabia,Sweden,1.0,3.0,team2_win,19,4,14,44,-30,0.2105263157894736,0.7368421052631579,2.3157894736842106,51,19,80,73,7,0.3725490196078431,1.568627450980392,1.431372549019608,-0.1620227038183695,-0.8317853457172341,0.8844169246646025,-37,-32
1994_40,1994,Round of 16,Romania,Argentina,3.0,2.0,team1_win,21,8,30,32,-2,0.3809523809523809,1.4285714285714286,1.5238095238095235,88,47,152,101,51,0.5340909090909091,1.7272727272727273,1.1477272727272727,-0.15313852813852818,-0.2987012987012987,0.3760822510822508,-53,-67
1994_41,1994,Round of 16,Netherlands,Ireland,2.0,0.0,team1_win,55,30,96,52,44,0.5454545454545454,1.7454545454545454,0.9454545454545454,13,2,10,10,0,0.1538461538461538,0.7692307692307693,0.7692307692307693,0.3916083916083916,0.9762237762237761,0.17622377622377616,44,42
1994_42,1994,Round of 16,Brazil,USA,1.0,0.0,team1_win,114,76,237,108,129,0.6666666666666666,2.0789473684210527,0.9473684210526316,27,6,26,37,-11,0.2222222222222222,0.9629629629629628,1.3703703703703705,0.4444444444444444,1.1159844054580899,-0.4230019493177388,140,87
1994_43,1994,Round of 16,Nigeria,Italy,1.0,2.0,team2_win,21,6,23,30,-7,0.2857142857142857,1.0952380952380951,1.4285714285714286,83,45,128,77,51,0.5421686746987951,1.5421686746987953,0.927710843373494,-0.25645438898450945,-0.44693057946070014,0.5008605851979346,-58,-62
1994_44,1994,Round of 16,Mexico,Bulgaria,1.0,1.0,draw,60,17,62,101,-39,0.2833333333333333,1.0333333333333334,1.6833333333333331,26,3,22,53,-31,0.1153846153846153,0.8461538461538461,2.0384615384615383,0.16794871794871802,0.1871794871794873,-0.3551282051282052,-8,34
1994_45,1994,Quarter-finals,Italy,Spain,2.0,1.0,team1_win,83,45,128,77,51,0.5421686746987951,1.5421686746987953,0.927710843373494,67,31,108,75,33,0.4626865671641791,1.611940298507463,1.1194029850746268,0.07948210753461604,-0.06977162380866764,-0.1916921417011328,18,16
1994_46,1994,Quarter-finals,Netherlands,Brazil,2.0,3.0,team2_win,55,30,96,52,44,0.5454545454545454,1.7454545454545454,0.9454545454545454,114,76,237,108,129,0.6666666666666666,2.0789473684210527,0.9473684210526316,-0.12121212121212122,-0.3334928229665073,-0.001913875598086201,-85,-59
1994_47,1994,Quarter-finals,Bulgaria,Germany,2.0,1.0,team1_win,26,3,22,53,-31,0.1153846153846153,0.8461538461538461,2.0384615384615383,112,68,232,130,102,0.6071428571428571,2.0714285714285716,1.1607142857142858,-0.4917582417582418,-1.2252747252747254,0.8777472527472525,-133,-86
1994_48,1994,Quarter-finals,Romania,Sweden,2.0,2.0,draw,21,8,30,32,-2,0.3809523809523809,1.4285714285714286,1.5238095238095235,51,19,80,73,7,0.3725490196078431,1.568627450980392,1.431372549019608,0.008403361344537785,-0.1400560224089633,0.09243697478991542,-9,-30
1994_49,1994,Semi-finals,Bulgaria,Italy,1.0,2.0,team2_win,26,3,22,53,-31,0.1153846153846153,0.8461538461538461,2.0384615384615383,83,45,128,77,51,0.5421686746987951,1.5421686746987953,0.927710843373494,-0.42678405931417984,-0.6960148285449491,1.1107506950880444,-82,-57
1994_50,1994,Semi-finals,Sweden,Brazil,0.0,1.0,team2_win,51,19,80,73,7,0.3725490196078431,1.568627450980392,1.431372549019608,114,76,237,108,129,0.6666666666666666,2.0789473684210527,0.9473684210526316,-0.29411764705882354,-0.5103199174406607,0.48400412796697645,-122,-63
1994_51,1994,Third-place match,Sweden,Bulgaria,4.0,0.0,team1_win,51,19,80,73,7,0.3725490196078431,1.568627450980392,1.431372549019608,26,3,22,53,-31,0.1153846153846153,0.8461538461538461,2.0384615384615383,0.2571644042232278,0.7224736048265458,-0.6070889894419302,38,25
1994_52,1994,Final,Brazil,Italy,0.0,0.0,draw,114,76,237,108,129,0.6666666666666666,2.0789473684210527,0.9473684210526316,83,45,128,77,51,0.5421686746987951,1.5421686746987953,0.927710843373494,0.12449799196787148,0.5367786937222574,0.019657577679137672,78,31
1998_1,1998,Matchday 1,Brazil,Scotland,2.0,1.0,team1_win,114,76,237,108,129,0.6666666666666666,2.0789473684210527,0.9473684210526316,23,4,25,41,-16,0.1739130434782608,1.0869565217391304,1.7826086956521738,0.4927536231884058,0.9919908466819223,-0.8352402745995422,145,91
1998_2,1998,Matchday 1,Morocco,Norway,2.0,2.0,draw,23,5,20,27,-7,0.217391304347826,0.8695652173913043,1.173913043478261,8,2,7,8,-1,0.25,0.875,1.0,-0.032608695652174,-0.005434782608695676,0.17391304347826098,-6,15
1998_3,1998,Matchday 2,Scotland,Norway,1.0,1.0,draw,23,4,25,41,-16,0.1739130434782608,1.0869565217391304,1.7826086956521738,8,2,7,8,-1,0.25,0.875,1.0,-0.07608695652173919,0.21195652173913038,0.7826086956521738,-15,15
1998_4,1998,Matchday 2,Brazil,Morocco,3.0,0.0,team1_win,114,76,237,108,129,0.6666666666666666,2.0789473684210527,0.9473684210526316,23,5,20,27,-7,0.217391304347826,0.8695652173913043,1.173913043478261,0.44927536231884063,1.2093821510297484,-0.22654462242562934,136,91
1998_5,1998,Matchday 3,Scotland,Morocco,0.0,3.0,team2_win,23,4,25,41,-16,0.1739130434782608,1.0869565217391304,1.7826086956521738,23,5,20,27,-7,0.217391304347826,0.8695652173913043,1.173913043478261,-0.04347826086956519,0.21739130434782605,0.6086956521739129,-9,0
1998_6,1998,Matchday 3,Brazil,Norway,1.0,2.0,team2_win,114,76,237,108,129,0.6666666666666666,2.0789473684210527,0.9473684210526316,8,2,7,8,-1,0.25,0.875,1.0,0.41666666666666663,1.2039473684210527,-0.05263157894736836,130,106
1998_7,1998,Matchday 1,Cameroon,Austria,1.0,1.0,draw,26,5,22,47,-25,0.1923076923076923,0.8461538461538461,1.8076923076923077,29,12,43,47,-4,0.4137931034482758,1.4827586206896552,1.6206896551724137,-0.2214854111405835,-0.6366047745358091,0.187002652519894,-21,-3
1998_8,1998,Matchday 1,Italy,Chile,2.0,2.0,draw,83,45,128,77,51,0.5421686746987951,1.5421686746987953,0.927710843373494,33,11,40,49,-9,0.3333333333333333,1.2121212121212122,1.4848484848484849,0.20883534136546184,0.3300474625775831,-0.5571376414749909,60,50
1998_9,1998,Matchday 2,Chile,Austria,1.0,1.0,draw,33,11,40,49,-9,0.3333333333333333,1.2121212121212122,1.4848484848484849,29,12,43,47,-4,0.4137931034482758,1.4827586206896552,1.6206896551724137,-0.08045977011494249,-0.2706374085684431,-0.13584117032392884,-5,4
1998_10,1998,Matchday 2,Italy,Cameroon,3.0,0.0,team1_win,83,45,128,77,51,0.5421686746987951,1.5421686746987953,0.927710843373494,26,5,22,47,-25,0.1923076923076923,0.8461538461538461,1.8076923076923077,0.34986098239110286,0.6960148285449491,-0.8799814643188137,76,57
1998_11,1998,Matchday 3,Italy,Austria,2.0,1.0,team1_win,83,45,128,77,51,0.5421686746987951,1.5421686746987953,0.927710843373494,29,12,43,47,-4,0.4137931034482758,1.4827586206896552,1.6206896551724137,0.12837557125051935,0.05941005400914001,-0.6929788117989197,55,54
1998_12,1998,Matchday 3,Chile,Cameroon,1.0,1.0,draw,33,11,40,49,-9,0.3333333333333333,1.2121212121212122,1.4848484848484849,26,5,22,47,-25,0.1923076923076923,0.8461538461538461,1.8076923076923077,0.14102564102564102,0.365967365967366,-0.32284382284382285,16,7
1998_13,1998,Matchday 1,Saudi Arabia,Denmark,0.0,1.0,team2_win,19,4,14,44,-30,0.2105263157894736,0.7368421052631579,2.3157894736842106,23,9,31,29,2,0.391304347826087,1.3478260869565215,1.2608695652173914,-0.18077803203661338,-0.6109839816933637,1.0549199084668193,-32,-4
1998_14,1998,Matchday 1,France,South Africa,3.0,0.0,team1_win,73,39,136,85,51,0.5342465753424658,1.8630136986301369,1.1643835616438356,9,2,11,16,-5,0.2222222222222222,1.2222222222222223,1.7777777777777777,0.31202435312024357,0.6407914764079146,-0.6133942161339421,56,64
1998_15,1998,Matchday 2,France,Saudi Arabia,4.0,0.0,team1_win,73,39,136,85,51,0.5342465753424658,1.8630136986301369,1.1643835616438356,19,4,14,44,-30,0.2105263157894736,0.7368421052631579,2.3157894736842106,0.3237202595529922,1.126171593366979,-1.151405912040375,81,54
1998_16,1998,Matchday 2,South Africa,Denmark,1.0,1.0,draw,9,2,11,16,-5,0.2222222222222222,1.2222222222222223,1.7777777777777777,23,9,31,29,2,0.391304347826087,1.3478260869565215,1.2608695652173914,-0.16908212560386476,-0.1256038647342992,0.5169082125603863,-7,-14
1998_17,1998,Matchday 3,France,Denmark,2.0,1.0,team1_win,73,39,136,85,51,0.5342465753424658,1.8630136986301369,1.1643835616438356,23,9,31,29,2,0.391304347826087,1.3478260869565215,1.2608695652173914,0.1429422275163788,0.5151876116736154,-0.09648600357355575,49,50
1998_18,1998,Matchday 3,South Africa,Saudi Arabia,2.0,2.0,draw,9,2,11,16,-5,0.2222222222222222,1.2222222222222223,1.7777777777777777,19,4,14,44,-30,0.2105263157894736,0.7368421052631579,2.3157894736842106,0.01169590643274862,0.48538011695906447,-0.5380116959064329,25,-10
1998_19,1998,Matchday 1,Paraguay,Bulgaria,0.0,0.0,draw,27,7,30,38,-8,0.2592592592592592,1.1111111111111112,1.4074074074074074,26,3,22,53,-31,0.1153846153846153,0.8461538461538461,2.0384615384615383,0.14387464387464388,0.264957264957265,-0.6310541310541309,23,1
1998_20,1998,Matchday 1,Spain,Nigeria,2.0,3.0,team2_win,67,31,108,75,33,0.4626865671641791,1.611940298507463,1.1194029850746268,21,6,23,30,-7,0.2857142857142857,1.0952380952380951,1.4285714285714286,0.1769722814498934,0.5167022032693678,-0.30916844349680184,40,46
1998_21,1998,Matchday 2,Nigeria,Bulgaria,1.0,0.0,team1_win,21,6,23,30,-7,0.2857142857142857,1.0952380952380951,1.4285714285714286,26,3,22,53,-31,0.1153846153846153,0.8461538461538461,2.0384615384615383,0.1703296703296704,0.24908424908424898,-0.6098901098901097,24,-5
1998_22,1998,Matchday 2,Spain,Paraguay,0.0,0.0,draw,67,31,108,75,33,0.4626865671641791,1.611940298507463,1.1194029850746268,27,7,30,38,-8,0.2592592592592592,1.1111111111111112,1.4074074074074074,0.20342730790491992,0.5008291873963517,-0.2880044223327807,41,40
1998_23,1998,Matchday 3,Spain,Bulgaria,6.0,1.0,team1_win,67,31,108,75,33,0.4626865671641791,1.611940298507463,1.1194029850746268,26,3,22,53,-31,0.1153846153846153,0.8461538461538461,2.0384615384615383,0.3473019517795638,0.7657864523536168,-0.9190585533869116,64,41
1998_24,1998,Matchday 3,Nigeria,Paraguay,1.0,3.0,team2_win,21,6,23,30,-7,0.2857142857142857,1.0952380952380951,1.4285714285714286,27,7,30,38,-8,0.2592592592592592,1.1111111111111112,1.4074074074074074,0.02645502645502651,-0.01587301587301604,0.021164021164021163,1,-6
1998_25,1998,Matchday 1,Netherlands,Belgium,0.0,0.0,draw,55,30,96,52,44,0.5454545454545454,1.7454545454545454,0.9454545454545454,51,21,69,74,-5,0.4117647058823529,1.3529411764705883,1.4509803921568627,0.1336898395721925,0.39251336898395706,-0.5055258467023173,49,4
1998_26,1998,Matchday 1,South Korea,Mexico,1.0,3.0,team2_win,38,7,39,78,-39,0.1842105263157894,1.0263157894736843,2.0526315789473686,60,17,62,101,-39,0.2833333333333333,1.0333333333333334,1.6833333333333331,-0.09912280701754392,-0.007017543859649145,0.36929824561403546,0,-22
1998_27,1998,Matchday 2,Netherlands,South Korea,5.0,0.0,team1_win,55,30,96,52,44,0.5454545454545454,1.7454545454545454,0.9454545454545454,38,7,39,78,-39,0.1842105263157894,1.0263157894736843,2.0526315789473686,0.36124401913875603,0.7191387559808611,-1.1071770334928233,83,17
1998_28,1998,Matchday 2,Belgium,Mexico,2.0,2.0,draw,51,21,69,74,-5,0.4117647058823529,1.3529411764705883,1.4509803921568627,60,17,62,101,-39,0.2833333333333333,1.0333333333333334,1.6833333333333331,0.1284313725490196,0.3196078431372549,-0.23235294117647043,34,-9
1998_29,1998,Matchday 3,Belgium,South Korea,1.0,1.0,draw,51,21,69,74,-5,0.4117647058823529,1.3529411764705883,1.4509803921568627,38,7,39,78,-39,0.1842105263157894,1.0263157894736843,2.0526315789473686,0.2275541795665635,0.326625386996904,-0.6016511867905059,34,13
1998_30,1998,Matchday 3,Netherlands,Mexico,2.0,2.0,draw,55,30,96,52,44,0.5454545454545454,1.7454545454545454,0.9454545454545454,60,17,62,101,-39,0.2833333333333333,1.0333333333333334,1.6833333333333331,0.2621212121212121,0.7121212121212119,-0.7378787878787877,83,-5
1998_31,1998,Matchday 1,Serbia,Iran,1.0,0.0,team1_win,46,18,69,61,8,0.391304347826087,1.5,1.326086956521739,18,3,13,31,-18,0.1666666666666666,0.7222222222222222,1.7222222222222223,0.22463768115942037,0.7777777777777778,-0.3961352657004833,26,28
1998_32,1998,Matchday 1,Germany,USA,2.0,0.0,team1_win,112,68,232,130,102,0.6071428571428571,2.0714285714285716,1.1607142857142858,27,6,26,37,-11,0.2222222222222222,0.9629629629629628,1.3703703703703705,0.3849206349206349,1.1084656084656088,-0.20965608465608465,113,85
1998_33,1998,Matchday 2,Germany,Serbia,2.0,2.0,draw,112,68,232,130,102,0.6071428571428571,2.0714285714285716,1.1607142857142858,46,18,69,61,8,0.391304347826087,1.5,1.326086956521739,0.21583850931677012,0.5714285714285716,-0.16537267080745321,94,66
1998_34,1998,Matchday 2,USA,Iran,1.0,2.0,team2_win,27,6,26,37,-11,0.2222222222222222,0.9629629629629628,1.3703703703703705,18,3,13,31,-18,0.1666666666666666,0.7222222222222222,1.7222222222222223,0.05555555555555561,0.2407407407407406,-0.35185185185185186,7,9
1998_35,1998,Matchday 3,Germany,Iran,2.0,0.0,team1_win,112,68,232,130,102,0.6071428571428571,2.0714285714285716,1.1607142857142858,18,3,13,31,-18,0.1666666666666666,0.7222222222222222,1.7222222222222223,0.44047619047619047,1.3492063492063493,-0.5615079365079365,120,94
1998_36,1998,Matchday 3,USA,Serbia,0.0,1.0,team2_win,27,6,26,37,-11,0.2222222222222222,0.9629629629629628,1.3703703703703705,46,18,69,61,8,0.391304347826087,1.5,1.326086956521739,-0.16908212560386476,-0.5370370370370372,0.04428341384863144,-19,-19
1998_37,1998,Matchday 1,Romania,Colombia,1.0,0.0,team1_win,21,8,30,32,-2,0.3809523809523809,1.4285714285714286,1.5238095238095235,22,9,32,30,2,0.4090909090909091,1.4545454545454546,1.3636363636363635,-0.02813852813852824,-0.025974025974025983,0.16017316017315997,-4,-1
1998_38,1998,Matchday 1,England,Tunisia,2.0,0.0,team1_win,74,32,104,68,36,0.4324324324324324,1.4054054054054057,0.918918918918919,18,3,14,26,-12,0.1666666666666666,0.7777777777777778,1.4444444444444444,0.2657657657657658,0.6276276276276279,-0.5255255255255254,48,56
1998_39,1998,Matchday 2,Colombia,Tunisia,1.0,0.0,team1_win,22,9,32,30,2,0.4090909090909091,1.4545454545454546,1.3636363636363635,18,3,14,26,-12,0.1666666666666666,0.7777777777777778,1.4444444444444444,0.24242424242424251,0.6767676767676768,-0.08080808080808088,14,4
1998_40,1998,Matchday 2,Romania,England,2.0,1.0,team1_win,21,8,30,32,-2,0.3809523809523809,1.4285714285714286,1.5238095238095235,74,32,104,68,36,0.4324324324324324,1.4054054054054057,0.918918918918919,-0.051480051480051525,0.023166023166022898,0.6048906048906045,-38,-53
1998_41,1998,Matchday 3,Romania,Tunisia,1.0,1.0,draw,21,8,30,32,-2,0.3809523809523809,1.4285714285714286,1.5238095238095235,18,3,14,26,-12,0.1666666666666666,0.7777777777777778,1.4444444444444444,0.21428571428571427,0.6507936507936508,0.07936507936507908,10,3
1998_42,1998,Matchday 3,Colombia,England,0.0,2.0,team2_win,22,9,32,30,2,0.4090909090909091,1.4545454545454546,1.3636363636363635,74,32,104,68,36,0.4324324324324324,1.4054054054054057,0.918918918918919,-0.023341523341523285,0.04914004914004888,0.44471744471744457,-34,-52
1998_43,1998,Matchday 1,Jamaica,Croatia,1.0,3.0,team2_win,3,1,3,9,-6,0.3333333333333333,1.0,3.0,30,13,43,33,10,0.4333333333333333,1.4333333333333331,1.1,-0.09999999999999998,-0.4333333333333331,1.9,-16,-27
1998_44,1998,Matchday 1,Argentina,Japan,1.0,0.0,team1_win,88,47,152,101,51,0.5340909090909091,1.7272727272727273,1.1477272727272727,25,7,25,33,-8,0.28,1.0,1.32,0.25409090909090903,0.7272727272727273,-0.17227272727272736,59,63
1998_45,1998,Matchday 2,Japan,Croatia,0.0,1.0,team2_win,25,7,25,33,-8,0.28,1.0,1.32,30,13,43,33,10,0.4333333333333333,1.4333333333333331,1.1,-0.15333333333333327,-0.4333333333333331,0.21999999999999997,-18,-5
1998_46,1998,Matchday 2,Argentina,Jamaica,5.0,0.0,team1_win,88,47,152,101,51,0.5340909090909091,1.7272727272727273,1.1477272727272727,3,1,3,9,-6,0.3333333333333333,1.0,3.0,0.20075757575757575,0.7272727272727273,-1.8522727272727273,57,85
1998_47,1998,Matchday 3,Japan,Jamaica,1.0,2.0,team2_win,25,7,25,33,-8,0.28,1.0,1.32,3,1,3,9,-6,0.3333333333333333,1.0,3.0,-0.05333333333333329,0.0,-1.68,-2,22
1998_48,1998,Matchday 3,Argentina,Croatia,1.0,0.0,team1_win,88,47,152,101,51,0.5340909090909091,1.7272727272727273,1.1477272727272727,30,13,43,33,10,0.4333333333333333,1.4333333333333331,1.1,0.10075757575757577,0.29393939393939417,0.04772727272727262,41,58
1998_49,1998,Round of 16,Brazil,Chile,4.0,1.0,team1_win,114,76,237,108,129,0.6666666666666666,2.0789473684210527,0.9473684210526316,33,11,40,49,-9,0.3333333333333333,1.2121212121212122,1.4848484848484849,0.3333333333333333,0.8668261562998405,-0.5374800637958532,138,81
1998_50,1998,Round of 16,Italy,Norway,1.0,0.0,team1_win,83,45,128,77,51,0.5421686746987951,1.5421686746987953,0.927710843373494,8,2,7,8,-1,0.25,0.875,1.0,0.29216867469879515,0.6671686746987953,-0.07228915662650603,52,75
1998_51,1998,Round of 16,Nigeria,Denmark,1.0,4.0,team2_win,21,6,23,30,-7,0.2857142857142857,1.0952380952380951,1.4285714285714286,23,9,31,29,2,0.391304347826087,1.3478260869565215,1.2608695652173914,-0.10559006211180127,-0.2525879917184264,0.16770186335403725,-9,-2
1998_52,1998,Round of 16,France,Paraguay,1.0,0.0,team1_win,73,39,136,85,51,0.5342465753424658,1.8630136986301369,1.1643835616438356,27,7,30,38,-8,0.2592592592592592,1.1111111111111112,1.4074074074074074,0.2749873160832066,0.7519025875190257,-0.24302384576357183,59,46
1998_53,1998,Round of 16,Germany,Mexico,2.0,1.0,team1_win,112,68,232,130,102,0.6071428571428571,2.0714285714285716,1.1607142857142858,60,17,62,101,-39,0.2833333333333333,1.0333333333333334,1.6833333333333331,0.32380952380952377,1.0380952380952382,-0.5226190476190473,141,52
1998_54,1998,Round of 16,Netherlands,Serbia,2.0,1.0,team1_win,55,30,96,52,44,0.5454545454545454,1.7454545454545454,0.9454545454545454,46,18,69,61,8,0.391304347826087,1.5,1.326086956521739,0.15415019762845844,0.24545454545454537,-0.3806324110671936,36,9
1998_55,1998,Round of 16,Argentina,England,2.0,2.0,draw,88,47,152,101,51,0.5340909090909091,1.7272727272727273,1.1477272727272727,74,32,104,68,36,0.4324324324324324,1.4054054054054057,0.918918918918919,0.10165847665847666,0.3218673218673216,0.22880835380835374,15,14
1998_56,1998,Round of 16,Romania,Croatia,0.0,1.0,team2_win,21,8,30,32,-2,0.3809523809523809,1.4285714285714286,1.5238095238095235,30,13,43,33,10,0.4333333333333333,1.4333333333333331,1.1,-0.05238095238095242,-0.004761904761904523,0.4238095238095234,-12,-9
1998_57,1998,Quarter-finals,Italy,France,0.0,0.0,draw,83,45,128,77,51,0.5421686746987951,1.5421686746987953,0.927710843373494,73,39,136,85,51,0.5342465753424658,1.8630136986301369,1.1643835616438356,0.00792209935632937,-0.3208450239313416,-0.23667271827034164,0,10
1998_58,1998,Quarter-finals,Brazil,Denmark,3.0,2.0,team1_win,114,76,237,108,129,0.6666666666666666,2.0789473684210527,0.9473684210526316,23,9,31,29,2,0.391304347826087,1.3478260869565215,1.2608695652173914,0.27536231884057966,0.7311212814645311,-0.3135011441647597,127,91
1998_59,1998,Quarter-finals,Germany,Croatia,0.0,3.0,team2_win,112,68,232,130,102,0.6071428571428571,2.0714285714285716,1.1607142857142858,30,13,43,33,10,0.4333333333333333,1.4333333333333331,1.1,0.1738095238095238,0.6380952380952385,0.06071428571428572,92,82
1998_60,1998,Quarter-finals,Netherlands,Argentina,2.0,1.0,team1_win,55,30,96,52,44,0.5454545454545454,1.7454545454545454,0.9454545454545454,88,47,152,101,51,0.5340909090909091,1.7272727272727273,1.1477272727272727,0.011363636363636354,0.018181818181818077,-0.20227272727272727,-7,-33
1998_61,1998,Semi-finals,Brazil,Netherlands,1.0,1.0,draw,114,76,237,108,129,0.6666666666666666,2.0789473684210527,0.9473684210526316,55,30,96,52,44,0.5454545454545454,1.7454545454545454,0.9454545454545454,0.12121212121212122,0.3334928229665073,0.001913875598086201,85,59
1998_62,1998,Semi-finals,France,Croatia,2.0,1.0,team1_win,73,39,136,85,51,0.5342465753424658,1.8630136986301369,1.1643835616438356,30,13,43,33,10,0.4333333333333333,1.4333333333333331,1.1,0.10091324200913249,0.42968036529680376,0.06438356164383552,41,43
1998_63,1998,Third place match,Netherlands,Croatia,1.0,2.0,team2_win,55,30,96,52,44,0.5454545454545454,1.7454545454545454,0.9454545454545454,30,13,43,33,10,0.4333333333333333,1.4333333333333331,1.1,0.11212121212121212,0.31212121212121224,-0.15454545454545465,34,25
1998_64,1998,Final,Brazil,France,0.0,3.0,team2_win,114,76,237,108,129,0.6666666666666666,2.0789473684210527,0.9473684210526316,73,39,136,85,51,0.5342465753424658,1.8630136986301369,1.1643835616438356,0.13242009132420085,0.21593366979091577,-0.21701514059120397,78,41
2002_1,2002,Matchday 1,France,Senegal,0.0,1.0,team2_win,73,39,136,85,51,0.5342465753424658,1.8630136986301369,1.1643835616438356,12,5,16,17,-1,0.4166666666666667,1.3333333333333333,1.4166666666666667,0.1175799086757991,0.5296803652968036,-0.25228310502283113,52,61
2002_2,2002,Matchday 1,Uruguay,Denmark,1.0,2.0,team2_win,59,25,89,76,13,0.423728813559322,1.5084745762711864,1.2881355932203389,23,9,31,29,2,0.391304347826087,1.3478260869565215,1.2608695652173914,0.03242446573323504,0.1606484893146649,0.02726602800294753,11,36
2002_3,2002,Matchday 2,France,Uruguay,0.0,0.0,draw,73,39,136,85,51,0.5342465753424658,1.8630136986301369,1.1643835616438356,59,25,89,76,13,0.423728813559322,1.5084745762711864,1.2881355932203389,0.11051776178314376,0.35453912235895046,-0.12375203157650327,38,14
2002_4,2002,Matchday 2,Denmark,Senegal,1.0,1.0,draw,23,9,31,29,2,0.391304347826087,1.3478260869565215,1.2608695652173914,12,5,16,17,-1,0.4166666666666667,1.3333333333333333,1.4166666666666667,-0.025362318840579712,0.014492753623188248,-0.1557971014492754,3,11
2002_5,2002,Matchday 3,Denmark,France,2.0,0.0,team1_win,23,9,31,29,2,0.391304347826087,1.3478260869565215,1.2608695652173914,73,39,136,85,51,0.5342465753424658,1.8630136986301369,1.1643835616438356,-0.1429422275163788,-0.5151876116736154,0.09648600357355575,-49,-50
2002_6,2002,Matchday 3,Senegal,Uruguay,3.0,3.0,draw,12,5,16,17,-1,0.4166666666666667,1.3333333333333333,1.4166666666666667,59,25,89,76,13,0.423728813559322,1.5084745762711864,1.2881355932203389,-0.00706214689265533,-0.17514124293785316,0.12853107344632786,-14,-47
2002_7,2002,Matchday 1,Paraguay,South Africa,2.0,2.0,draw,27,7,30,38,-8,0.2592592592592592,1.1111111111111112,1.4074074074074074,9,2,11,16,-5,0.2222222222222222,1.2222222222222223,1.7777777777777777,0.03703703703703698,-0.11111111111111116,-0.37037037037037024,-3,18
2002_8,2002,Matchday 1,Spain,Slovenia,3.0,1.0,team1_win,67,31,108,75,33,0.4626865671641791,1.611940298507463,1.1194029850746268,6,1,5,10,-5,0.1666666666666666,0.8333333333333334,1.6666666666666667,0.2960199004975125,0.7786069651741295,-0.54726368159204,38,61
2002_9,2002,Matchday 2,Spain,Paraguay,3.0,1.0,team1_win,67,31,108,75,33,0.4626865671641791,1.611940298507463,1.1194029850746268,27,7,30,38,-8,0.2592592592592592,1.1111111111111112,1.4074074074074074,0.20342730790491992,0.5008291873963517,-0.2880044223327807,41,40
2002_10,2002,Matchday 2,South Africa,Slovenia,1.0,0.0,team1_win,9,2,11,16,-5,0.2222222222222222,1.2222222222222223,1.7777777777777777,6,1,5,10,-5,0.1666666666666666,0.8333333333333334,1.6666666666666667,0.05555555555555561,0.38888888888888895,0.11111111111111094,0,3
2002_11,2002,Matchday 3,South Africa,Spain,2.0,3.0,team2_win,9,2,11,16,-5,0.2222222222222222,1.2222222222222223,1.7777777777777777,67,31,108,75,33,0.4626865671641791,1.611940298507463,1.1194029850746268,-0.2404643449419569,-0.3897180762852406,0.6583747927031509,-38,-58
2002_12,2002,Matchday 3,Slovenia,Paraguay,1.0,3.0,team2_win,6,1,5,10,-5,0.1666666666666666,0.8333333333333334,1.6666666666666667,27,7,30,38,-8,0.2592592592592592,1.1111111111111112,1.4074074074074074,-0.09259259259259259,-0.2777777777777778,0.2592592592592593,3,-21
2002_13,2002,Matchday 1,Brazil,Turkey,2.0,1.0,team1_win,114,76,237,108,129,0.6666666666666666,2.0789473684210527,0.9473684210526316,10,5,20,17,3,0.5,2.0,1.7,0.16666666666666663,0.07894736842105265,-0.7526315789473683,126,104
2002_14,2002,Matchday 1,China,Costa Rica,0.0,2.0,team2_win,3,0,0,9,-9,0.0,0.0,3.0,21,6,22,39,-17,0.2857142857142857,1.0476190476190477,1.8571428571428572,-0.2857142857142857,-1.0476190476190477,1.1428571428571428,8,-18
2002_15,2002,Matchday 2,Brazil,China,4.0,0.0,team1_win,114,76,237,108,129,0.6666666666666666,2.0789473684210527,0.9473684210526316,3,0,0,9,-9,0.0,0.0,3.0,0.6666666666666666,2.0789473684210527,-2.052631578947368,138,111
2002_16,2002,Matchday 2,Costa Rica,Turkey,1.0,1.0,draw,21,6,22,39,-17,0.2857142857142857,1.0476190476190477,1.8571428571428572,10,5,20,17,3,0.5,2.0,1.7,-0.2142857142857143,-0.9523809523809523,0.15714285714285725,-20,11
2002_17,2002,Matchday 3,Costa Rica,Brazil,2.0,5.0,team2_win,21,6,22,39,-17,0.2857142857142857,1.0476190476190477,1.8571428571428572,114,76,237,108,129,0.6666666666666666,2.0789473684210527,0.9473684210526316,-0.38095238095238093,-1.031328320802005,0.9097744360902256,-146,-93
2002_18,2002,Matchday 3,Turkey,China,3.0,0.0,team1_win,10,5,20,17,3,0.5,2.0,1.7,3,0,0,9,-9,0.0,0.0,3.0,0.5,2.0,-1.3,12,7
2002_19,2002,Matchday 1,South Korea,Poland,2.0,0.0,team1_win,38,7,39,78,-39,0.1842105263157894,1.0263157894736843,2.0526315789473686,38,17,49,50,-1,0.4473684210526316,1.2894736842105263,1.3157894736842106,-0.26315789473684215,-0.26315789473684204,0.736842105263158,-38,0
2002_20,2002,Matchday 1,USA,Portugal,3.0,2.0,team1_win,27,6,26,37,-11,0.2222222222222222,0.9629629629629628,1.3703703703703705,35,17,61,41,20,0.4857142857142857,1.7428571428571429,1.1714285714285717,-0.2634920634920635,-0.7798941798941801,0.19894179894179875,-31,-8
2002_21,2002,Matchday 2,South Korea,USA,1.0,1.0,draw,38,7,39,78,-39,0.1842105263157894,1.0263157894736843,2.0526315789473686,27,6,26,37,-11,0.2222222222222222,0.9629629629629628,1.3703703703703705,-0.0380116959064328,0.0633528265107215,0.6822612085769981,-28,11
2002_22,2002,Matchday 2,Portugal,Poland,4.0,0.0,team1_win,35,17,61,41,20,0.4857142857142857,1.7428571428571429,1.1714285714285717,38,17,49,50,-1,0.4473684210526316,1.2894736842105263,1.3157894736842106,0.03834586466165413,0.45338345864661656,-0.1443609022556389,21,-3
2002_23,2002,Matchday 3,Portugal,South Korea,0.0,1.0,team2_win,35,17,61,41,20,0.4857142857142857,1.7428571428571429,1.1714285714285717,38,7,39,78,-39,0.1842105263157894,1.0263157894736843,2.0526315789473686,0.3015037593984963,0.7165413533834586,-0.8812030075187969,59,-3
2002_24,2002,Matchday 3,Poland,USA,3.0,1.0,team1_win,38,17,49,50,-1,0.4473684210526316,1.2894736842105263,1.3157894736842106,27,6,26,37,-11,0.2222222222222222,0.9629629629629628,1.3703703703703705,0.22514619883040937,0.32651072124756353,-0.05458089668615984,10,11
2002_25,2002,Matchday 1,Ireland,Cameroon,1.0,1.0,draw,13,2,10,10,0,0.1538461538461538,0.7692307692307693,0.7692307692307693,26,5,22,47,-25,0.1923076923076923,0.8461538461538461,1.8076923076923077,-0.03846153846153849,-0.07692307692307687,-1.0384615384615383,25,-13
2002_26,2002,Matchday 1,Germany,Saudi Arabia,8.0,0.0,team1_win,112,68,232,130,102,0.6071428571428571,2.0714285714285716,1.1607142857142858,19,4,14,44,-30,0.2105263157894736,0.7368421052631579,2.3157894736842106,0.39661654135338353,1.3345864661654137,-1.1550751879699248,132,93
2002_27,2002,Matchday 1,Germany,Ireland,1.0,1.0,draw,112,68,232,130,102,0.6071428571428571,2.0714285714285716,1.1607142857142858,13,2,10,10,0,0.1538461538461538,0.7692307692307693,0.7692307692307693,0.4532967032967033,1.3021978021978025,0.39148351648351654,102,99
2002_28,2002,Matchday 2,Cameroon,Saudi Arabia,1.0,0.0,team1_win,26,5,22,47,-25,0.1923076923076923,0.8461538461538461,1.8076923076923077,19,4,14,44,-30,0.2105263157894736,0.7368421052631579,2.3157894736842106,-0.0182186234817813,0.10931174089068829,-0.5080971659919029,5,7
2002_29,2002,Matchday 3,Cameroon,Germany,0.0,2.0,team2_win,26,5,22,47,-25,0.1923076923076923,0.8461538461538461,1.8076923076923077,112,68,232,130,102,0.6071428571428571,2.0714285714285716,1.1607142857142858,-0.4148351648351648,-1.2252747252747254,0.6469780219780219,-127,-86
2002_30,2002,Matchday 3,Saudi Arabia,Ireland,0.0,3.0,team2_win,19,4,14,44,-30,0.2105263157894736,0.7368421052631579,2.3157894736842106,13,2,10,10,0,0.1538461538461538,0.7692307692307693,0.7692307692307693,0.05668016194331979,-0.03238866396761142,1.5465587044534415,-30,6
2002_31,2002,Matchday 1,England,Sweden,1.0,1.0,draw,74,32,104,68,36,0.4324324324324324,1.4054054054054057,0.918918918918919,51,19,80,73,7,0.3725490196078431,1.568627450980392,1.431372549019608,0.05988341282458931,-0.1632220455749862,-0.5124536301006891,29,23
2002_32,2002,Matchday 1,Argentina,Nigeria,1.0,0.0,team1_win,88,47,152,101,51,0.5340909090909091,1.7272727272727273,1.1477272727272727,21,6,23,30,-7,0.2857142857142857,1.0952380952380951,1.4285714285714286,0.24837662337662336,0.6320346320346322,-0.2808441558441559,58,67
2002_33,2002,Matchday 2,Sweden,Nigeria,2.0,1.0,team1_win,51,19,80,73,7,0.3725490196078431,1.568627450980392,1.431372549019608,21,6,23,30,-7,0.2857142857142857,1.0952380952380951,1.4285714285714286,0.08683473389355739,0.4733893557422968,0.002801120448179484,14,30
2002_34,2002,Matchday 2,Argentina,England,0.0,1.0,team2_win,88,47,152,101,51,0.5340909090909091,1.7272727272727273,1.1477272727272727,74,32,104,68,36,0.4324324324324324,1.4054054054054057,0.918918918918919,0.10165847665847666,0.3218673218673216,0.22880835380835374,15,14
2002_35,2002,Matchday 3,Sweden,Argentina,1.0,1.0,draw,51,19,80,73,7,0.3725490196078431,1.568627450980392,1.431372549019608,88,47,152,101,51,0.5340909090909091,1.7272727272727273,1.1477272727272727,-0.16154188948306597,-0.15864527629233538,0.2836452762923354,-44,-37
2002_36,2002,Matchday 3,Nigeria,England,0.0,0.0,draw,21,6,23,30,-7,0.2857142857142857,1.0952380952380951,1.4285714285714286,74,32,104,68,36,0.4324324324324324,1.4054054054054057,0.918918918918919,-0.1467181467181467,-0.3101673101673106,0.5096525096525096,-43,-53
2002_37,2002,Matchday 1,Croatia,Mexico,0.0,1.0,team2_win,30,13,43,33,10,0.4333333333333333,1.4333333333333331,1.1,60,17,62,101,-39,0.2833333333333333,1.0333333333333334,1.6833333333333331,0.14999999999999997,0.3999999999999997,-0.583333333333333,49,-30
2002_38,2002,Matchday 1,Italy,Ecuador,2.0,0.0,team1_win,83,45,128,77,51,0.5421686746987951,1.5421686746987953,0.927710843373494,13,5,14,14,0,0.3846153846153846,1.0769230769230769,1.0769230769230769,0.15755329008341057,0.4652455977757184,-0.1492122335495829,51,70
2002_39,2002,Matchday 2,Italy,Croatia,1.0,2.0,team2_win,83,45,128,77,51,0.5421686746987951,1.5421686746987953,0.927710843373494,30,13,43,33,10,0.4333333333333333,1.4333333333333331,1.1,0.10883534136546186,0.10883534136546213,-0.17228915662650612,41,53
2002_40,2002,Matchday 2,Mexico,Ecuador,2.0,1.0,team1_win,60,17,62,101,-39,0.2833333333333333,1.0333333333333334,1.6833333333333331,13,5,14,14,0,0.3846153846153846,1.0769230769230769,1.0769230769230769,-0.10128205128205126,-0.043589743589743435,0.6064102564102563,-39,47
2002_41,2002,Matchday 3,Mexico,Italy,1.0,1.0,draw,60,17,62,101,-39,0.2833333333333333,1.0333333333333334,1.6833333333333331,83,45,128,77,51,0.5421686746987951,1.5421686746987953,0.927710843373494,-0.2588353413654618,-0.5088353413654618,0.7556224899598392,-90,-23
2002_42,2002,Matchday 3,Ecuador,Croatia,1.0,0.0,team1_win,13,5,14,14,0,0.3846153846153846,1.0769230769230769,1.0769230769230769,30,13,43,33,10,0.4333333333333333,1.4333333333333331,1.1,-0.04871794871794871,-0.35641025641025625,-0.023076923076923217,-10,-17
2002_43,2002,Matchday 1,Japan,Belgium,2.0,2.0,draw,25,7,25,33,-8,0.28,1.0,1.32,51,21,69,74,-5,0.4117647058823529,1.3529411764705883,1.4509803921568627,-0.1317647058823529,-0.3529411764705883,-0.13098039215686264,-3,-26
2002_44,2002,Matchday 1,Russia,Tunisia,2.0,0.0,team1_win,45,19,77,54,23,0.4222222222222222,1.711111111111111,1.2,18,3,14,26,-12,0.1666666666666666,0.7777777777777778,1.4444444444444444,0.25555555555555565,0.9333333333333332,-0.24444444444444446,35,27
2002_45,2002,Matchday 2,Japan,Russia,1.0,0.0,team1_win,25,7,25,33,-8,0.28,1.0,1.32,45,19,77,54,23,0.4222222222222222,1.711111111111111,1.2,-0.1422222222222222,-0.711111111111111,0.1200000000000001,-31,-20
2002_46,2002,Matchday 2,Tunisia,Belgium,1.0,1.0,draw,18,3,14,26,-12,0.1666666666666666,0.7777777777777778,1.4444444444444444,51,21,69,74,-5,0.4117647058823529,1.3529411764705883,1.4509803921568627,-0.24509803921568632,-0.5751633986928105,-0.006535947712418277,-7,-33
2002_47,2002,Matchday 3,Tunisia,Japan,0.0,2.0,team2_win,18,3,14,26,-12,0.1666666666666666,0.7777777777777778,1.4444444444444444,25,7,25,33,-8,0.28,1.0,1.32,-0.11333333333333342,-0.2222222222222222,0.12444444444444436,-4,-7
2002_48,2002,Matchday 3,Belgium,Russia,3.0,2.0,team1_win,51,21,69,74,-5,0.4117647058823529,1.3529411764705883,1.4509803921568627,45,19,77,54,23,0.4222222222222222,1.711111111111111,1.2,-0.0104575163398693,-0.3581699346405227,0.25098039215686274,-28,6
2002_49,2002,Round of 16,Germany,Paraguay,1.0,0.0,team1_win,112,68,232,130,102,0.6071428571428571,2.0714285714285716,1.1607142857142858,27,7,30,38,-8,0.2592592592592592,1.1111111111111112,1.4074074074074074,0.3478835978835979,0.9603174603174605,-0.24669312169312163,110,85
2002_50,2002,Round of 16,Denmark,England,0.0,3.0,team2_win,23,9,31,29,2,0.391304347826087,1.3478260869565215,1.2608695652173914,74,32,104,68,36,0.4324324324324324,1.4054054054054057,0.918918918918919,-0.04112808460634543,-0.0575793184488842,0.3419506462984724,-34,-51
2002_51,2002,Round of 16,Sweden,Senegal,1.0,2.0,team2_win,51,19,80,73,7,0.3725490196078431,1.568627450980392,1.431372549019608,12,5,16,17,-1,0.4166666666666667,1.3333333333333333,1.4166666666666667,-0.044117647058823595,0.23529411764705865,0.014705882352941346,8,39
2002_52,2002,Round of 16,Spain,Ireland,1.0,1.0,draw,67,31,108,75,33,0.4626865671641791,1.611940298507463,1.1194029850746268,13,2,10,10,0,0.1538461538461538,0.7692307692307693,0.7692307692307693,0.3088404133180253,0.8427095292766936,0.3501722158438575,33,54
2002_53,2002,Round of 16,Mexico,USA,0.0,2.0,team2_win,60,17,62,101,-39,0.2833333333333333,1.0333333333333334,1.6833333333333331,27,6,26,37,-11,0.2222222222222222,0.9629629629629628,1.3703703703703705,0.061111111111111116,0.07037037037037064,0.31296296296296267,-28,33
2002_54,2002,Round of 16,Brazil,Belgium,2.0,0.0,team1_win,114,76,237,108,129,0.6666666666666666,2.0789473684210527,0.9473684210526316,51,21,69,74,-5,0.4117647058823529,1.3529411764705883,1.4509803921568627,0.2549019607843137,0.7260061919504643,-0.5036119711042311,134,63
2002_55,2002,Round of 16,Japan,Turkey,0.0,1.0,team2_win,25,7,25,33,-8,0.28,1.0,1.32,10,5,20,17,3,0.5,2.0,1.7,-0.21999999999999997,-1.0,-0.3799999999999999,-11,15
2002_56,2002,Round of 16,South Korea,Italy,2.0,1.0,team1_win,38,7,39,78,-39,0.1842105263157894,1.0263157894736843,2.0526315789473686,83,45,128,77,51,0.5421686746987951,1.5421686746987953,0.927710843373494,-0.35795814838300577,-0.515852885225111,1.1249207355738746,-90,-45
2002_57,2002,Quarter-finals,England,Brazil,1.0,2.0,team2_win,74,32,104,68,36,0.4324324324324324,1.4054054054054057,0.918918918918919,114,76,237,108,129,0.6666666666666666,2.0789473684210527,0.9473684210526316,-0.23423423423423423,-0.673541963015647,-0.028449502133712667,-93,-40
2002_58,2002,Quarter-finals,Germany,USA,1.0,0.0,team1_win,112,68,232,130,102,0.6071428571428571,2.0714285714285716,1.1607142857142858,27,6,26,37,-11,0.2222222222222222,0.9629629629629628,1.3703703703703705,0.3849206349206349,1.1084656084656088,-0.20965608465608465,113,85
2002_59,2002,Quarter-finals,Spain,South Korea,0.0,0.0,draw,67,31,108,75,33,0.4626865671641791,1.611940298507463,1.1194029850746268,38,7,39,78,-39,0.1842105263157894,1.0263157894736843,2.0526315789473686,0.2784760408483897,0.5856245090337786,-0.9332285938727418,72,29
2002_60,2002,Quarter-finals,Senegal,Turkey,0.0,1.0,team2_win,12,5,16,17,-1,0.4166666666666667,1.3333333333333333,1.4166666666666667,10,5,20,17,3,0.5,2.0,1.7,-0.08333333333333331,-0.6666666666666667,-0.2833333333333332,-4,2
2002_61,2002,Semi-finals,Germany,South Korea,1.0,0.0,team1_win,112,68,232,130,102,0.6071428571428571,2.0714285714285716,1.1607142857142858,38,7,39,78,-39,0.1842105263157894,1.0263157894736843,2.0526315789473686,0.4229323308270677,1.0451127819548873,-0.8919172932330828,141,74
2002_62,2002,Semi-finals,Brazil,Turkey,1.0,0.0,team1_win,114,76,237,108,129,0.6666666666666666,2.0789473684210527,0.9473684210526316,10,5,20,17,3,0.5,2.0,1.7,0.16666666666666663,0.07894736842105265,-0.7526315789473683,126,104
2002_63,2002,Third place play-off,South Korea,Turkey,2.0,3.0,team2_win,38,7,39,78,-39,0.1842105263157894,1.0263157894736843,2.0526315789473686,10,5,20,17,3,0.5,2.0,1.7,-0.3157894736842106,-0.9736842105263157,0.35263157894736863,-42,28
2002_64,2002,Final,Germany,Brazil,0.0,2.0,team2_win,112,68,232,130,102,0.6071428571428571,2.0714285714285716,1.1607142857142858,114,76,237,108,129,0.6666666666666666,2.0789473684210527,0.9473684210526316,-0.059523809523809534,-0.007518796992481036,0.21334586466165417,-27,-2
2006_1,2006,Matchday 1,Germany,Costa Rica,4.0,2.0,team1_win,112,68,232,130,102,0.6071428571428571,2.0714285714285716,1.1607142857142858,21,6,22,39,-17,0.2857142857142857,1.0476190476190477,1.8571428571428572,0.3214285714285714,1.023809523809524,-0.6964285714285714,119,91
2006_2,2006,Matchday 1,Poland,Ecuador,0.0,2.0,team2_win,38,17,49,50,-1,0.4473684210526316,1.2894736842105263,1.3157894736842106,13,5,14,14,0,0.3846153846153846,1.0769230769230769,1.0769230769230769,0.062753036437247,0.21255060728744946,0.23886639676113375,-1,25
2006_3,2006,Matchday 6,Germany,Poland,1.0,0.0,team1_win,112,68,232,130,102,0.6071428571428571,2.0714285714285716,1.1607142857142858,38,17,49,50,-1,0.4473684210526316,1.2894736842105263,1.3157894736842106,0.1597744360902255,0.7819548872180453,-0.1550751879699248,103,74
2006_4,2006,Matchday 7,Ecuador,Costa Rica,3.0,0.0,team1_win,13,5,14,14,0,0.3846153846153846,1.0769230769230769,1.0769230769230769,21,6,22,39,-17,0.2857142857142857,1.0476190476190477,1.8571428571428572,0.09890109890109888,0.0293040293040292,-0.7802197802197803,17,-8
2006_5,2006,Matchday 12,Ecuador,Germany,0.0,3.0,team2_win,13,5,14,14,0,0.3846153846153846,1.0769230769230769,1.0769230769230769,112,68,232,130,102,0.6071428571428571,2.0714285714285716,1.1607142857142858,-0.22252747252747251,-0.9945054945054947,-0.08379120879120894,-102,-99
2006_6,2006,Matchday 12,Costa Rica,Poland,1.0,2.0,team2_win,21,6,22,39,-17,0.2857142857142857,1.0476190476190477,1.8571428571428572,38,17,49,50,-1,0.4473684210526316,1.2894736842105263,1.3157894736842106,-0.16165413533834588,-0.24185463659147866,0.5413533834586466,-16,-17
2006_7,2006,Matchday 2,England,Paraguay,1.0,0.0,team1_win,74,32,104,68,36,0.4324324324324324,1.4054054054054057,0.918918918918919,27,7,30,38,-8,0.2592592592592592,1.1111111111111112,1.4074074074074074,0.1731731731731732,0.29429429429429455,-0.48848848848848847,44,47
2006_8,2006,Matchday 2,Trinidad and Tobago,Sweden,0.0,0.0,draw,3,0,0,4,-4,0.0,0.0,1.3333333333333333,51,19,80,73,7,0.3725490196078431,1.568627450980392,1.431372549019608,-0.3725490196078431,-1.568627450980392,-0.09803921568627483,-11,-48
2006_9,2006,Matchday 7,England,Trinidad and Tobago,2.0,0.0,team1_win,74,32,104,68,36,0.4324324324324324,1.4054054054054057,0.918918918918919,3,0,0,4,-4,0.0,0.0,1.3333333333333333,0.4324324324324324,1.4054054054054057,-0.4144144144144143,40,71
2006_10,2006,Matchday 7,Sweden,Paraguay,1.0,0.0,team1_win,51,19,80,73,7,0.3725490196078431,1.568627450980392,1.431372549019608,27,7,30,38,-8,0.2592592592592592,1.1111111111111112,1.4074074074074074,0.1132897603485839,0.45751633986928075,0.023965141612200647,15,24
2006_11,2006,Matchday 12,Sweden,England,2.0,2.0,draw,51,19,80,73,7,0.3725490196078431,1.568627450980392,1.431372549019608,74,32,104,68,36,0.4324324324324324,1.4054054054054057,0.918918918918919,-0.05988341282458931,0.1632220455749862,0.5124536301006891,-29,-23
2006_12,2006,Matchday 12,Paraguay,Trinidad and Tobago,2.0,0.0,team1_win,27,7,30,38,-8,0.2592592592592592,1.1111111111111112,1.4074074074074074,3,0,0,4,-4,0.0,0.0,1.3333333333333333,0.2592592592592592,1.1111111111111112,0.07407407407407418,-4,24
2006_13,2006,Matchday 2,Argentina,Côte d'Ivoire,2.0,1.0,team1_win,88,47,152,101,51,0.5340909090909091,1.7272727272727273,1.1477272727272727,9,3,13,14,-1,0.3333333333333333,1.4444444444444444,1.5555555555555556,0.20075757575757575,0.2828282828282829,-0.4078282828282829,52,79
2006_14,2006,Matchday 3,Serbia and Montenegro,Netherlands,0.0,1.0,team2_win,3,0,2,10,-8,0.0,0.6666666666666666,3.3333333333333335,55,30,96,52,44,0.5454545454545454,1.7454545454545454,0.9454545454545454,-0.5454545454545454,-1.0787878787878786,2.387878787878788,-52,-52
2006_15,2006,Matchday 8,Argentina,Serbia and Montenegro,6.0,0.0,team1_win,88,47,152,101,51,0.5340909090909091,1.7272727272727273,1.1477272727272727,3,0,2,10,-8,0.0,0.6666666666666666,3.3333333333333335,0.5340909090909091,1.0606060606060606,-2.1856060606060606,59,85
2006_16,2006,Matchday 8,Netherlands,Côte d'Ivoire,2.0,1.0,team1_win,55,30,96,52,44,0.5454545454545454,1.7454545454545454,0.9454545454545454,9,3,13,14,-1,0.3333333333333333,1.4444444444444444,1.5555555555555556,0.2121212121212121,0.30101010101010095,-0.6101010101010101,45,46
2006_17,2006,Matchday 13,Netherlands,Argentina,0.0,0.0,draw,55,30,96,52,44,0.5454545454545454,1.7454545454545454,0.9454545454545454,88,47,152,101,51,0.5340909090909091,1.7272727272727273,1.1477272727272727,0.011363636363636354,0.018181818181818077,-0.20227272727272727,-7,-33
2006_18,2006,Matchday 13,Côte d'Ivoire,Serbia and Montenegro,3.0,2.0,team1_win,9,3,13,14,-1,0.3333333333333333,1.4444444444444444,1.5555555555555556,3,0,2,10,-8,0.0,0.6666666666666666,3.3333333333333335,0.3333333333333333,0.7777777777777778,-1.777777777777778,7,6
2006_19,2006,Matchday 3,Mexico,Iran,3.0,1.0,team1_win,60,17,62,101,-39,0.2833333333333333,1.0333333333333334,1.6833333333333331,18,3,13,31,-18,0.1666666666666666,0.7222222222222222,1.7222222222222223,0.11666666666666672,0.3111111111111112,-0.038888888888889195,-21,42
2006_20,2006,Matchday 3,Angola,Portugal,0.0,1.0,team2_win,3,0,1,2,-1,0.0,0.3333333333333333,0.6666666666666666,35,17,61,41,20,0.4857142857142857,1.7428571428571429,1.1714285714285717,-0.4857142857142857,-1.4095238095238096,-0.5047619047619051,-21,-32
2006_21,2006,Matchday 8,Mexico,Angola,0.0,0.0,draw,60,17,62,101,-39,0.2833333333333333,1.0333333333333334,1.6833333333333331,3,0,1,2,-1,0.0,0.3333333333333333,0.6666666666666666,0.2833333333333333,0.7000000000000002,1.0166666666666666,-38,57
2006_22,2006,Matchday 9,Portugal,Iran,2.0,0.0,team1_win,35,17,61,41,20,0.4857142857142857,1.7428571428571429,1.1714285714285717,18,3,13,31,-18,0.1666666666666666,0.7222222222222222,1.7222222222222223,0.31904761904761914,1.0206349206349206,-0.5507936507936506,38,17
2006_23,2006,Matchday 13,Portugal,Mexico,2.0,1.0,team1_win,35,17,61,41,20,0.4857142857142857,1.7428571428571429,1.1714285714285717,60,17,62,101,-39,0.2833333333333333,1.0333333333333334,1.6833333333333331,0.20238095238095238,0.7095238095238094,-0.5119047619047614,59,-25
2006_24,2006,Matchday 13,Iran,Angola,1.0,1.0,draw,18,3,13,31,-18,0.1666666666666666,0.7222222222222222,1.7222222222222223,3,0,1,2,-1,0.0,0.3333333333333333,0.6666666666666666,0.1666666666666666,0.3888888888888889,1.0555555555555558,-17,15
2006_25,2006,Matchday 4,Italy,Ghana,2.0,0.0,team1_win,83,45,128,77,51,0.5421686746987951,1.5421686746987953,0.927710843373494,15,5,18,23,-5,0.3333333333333333,1.2,1.5333333333333334,0.20883534136546184,0.3421686746987953,-0.6056224899598395,56,68
2006_26,2006,Matchday 4,USA,Czech Republic,0.0,3.0,team2_win,27,6,26,37,-11,0.2222222222222222,0.9629629629629628,1.3703703703703705,33,12,47,49,-2,0.3636363636363636,1.4242424242424243,1.4848484848484849,-0.14141414141414138,-0.4612794612794615,-0.1144781144781144,-9,-6
2006_27,2006,Matchday 9,Italy,USA,1.0,1.0,draw,83,45,128,77,51,0.5421686746987951,1.5421686746987953,0.927710843373494,27,6,26,37,-11,0.2222222222222222,0.9629629629629628,1.3703703703703705,0.31994645247657294,0.5792057117358325,-0.4426595269968765,62,56
2006_28,2006,Matchday 9,Czech Republic,Ghana,0.0,2.0,team2_win,33,12,47,49,-2,0.3636363636363636,1.4242424242424243,1.4848484848484849,15,5,18,23,-5,0.3333333333333333,1.2,1.5333333333333334,0.030303030303030276,0.22424242424242435,-0.048484848484848575,3,18
2006_29,2006,Matchday 14,Czech Republic,Italy,0.0,2.0,team2_win,33,12,47,49,-2,0.3636363636363636,1.4242424242424243,1.4848484848484849,83,45,128,77,51,0.5421686746987951,1.5421686746987953,0.927710843373494,-0.17853231106243156,-0.11792625045637095,0.5571376414749909,-53,-50
2006_30,2006,Matchday 14,Ghana,USA,2.0,1.0,team1_win,15,5,18,23,-5,0.3333333333333333,1.2,1.5333333333333334,27,6,26,37,-11,0.2222222222222222,0.9629629629629628,1.3703703703703705,0.1111111111111111,0.23703703703703716,0.16296296296296298,6,-12
2006_31,2006,Matchday 5,Brazil,Croatia,1.0,0.0,team1_win,114,76,237,108,129,0.6666666666666666,2.0789473684210527,0.9473684210526316,30,13,43,33,10,0.4333333333333333,1.4333333333333331,1.1,0.23333333333333334,0.6456140350877195,-0.15263157894736845,119,84
2006_32,2006,Matchday 4,Australia,Japan,3.0,1.0,team1_win,20,4,17,37,-20,0.2,0.85,1.85,25,7,25,33,-8,0.28,1.0,1.32,-0.08000000000000002,-0.15000000000000002,0.53,-12,-5
2006_33,2006,Matchday 10,Brazil,Australia,2.0,0.0,team1_win,114,76,237,108,129,0.6666666666666666,2.0789473684210527,0.9473684210526316,20,4,17,37,-20,0.2,0.85,1.85,0.4666666666666666,1.2289473684210526,-0.9026315789473685,149,94
2006_34,2006,Matchday 10,Japan,Croatia,0.0,0.0,draw,25,7,25,33,-8,0.28,1.0,1.32,30,13,43,33,10,0.4333333333333333,1.4333333333333331,1.1,-0.15333333333333327,-0.4333333333333331,0.21999999999999997,-18,-5
2006_35,2006,Matchday 14,Japan,Brazil,1.0,4.0,team2_win,25,7,25,33,-8,0.28,1.0,1.32,114,76,237,108,129,0.6666666666666666,2.0789473684210527,0.9473684210526316,-0.3866666666666666,-1.0789473684210527,0.3726315789473684,-137,-89
2006_36,2006,Matchday 14,Croatia,Australia,2.0,2.0,draw,30,13,43,33,10,0.4333333333333333,1.4333333333333331,1.1,20,4,17,37,-20,0.2,0.85,1.85,0.23333333333333328,0.5833333333333331,-0.75,30,10
2006_37,2006,Matchday 5,France,Switzerland,0.0,0.0,draw,73,39,136,85,51,0.5342465753424658,1.8630136986301369,1.1643835616438356,41,14,55,73,-18,0.3414634146341463,1.3414634146341464,1.7804878048780488,0.19278316070831947,0.5215502839959905,-0.6161042432342132,69,32
2006_38,2006,Matchday 5,South Korea,Togo,2.0,1.0,team1_win,38,7,39,78,-39,0.1842105263157894,1.0263157894736843,2.0526315789473686,3,0,1,6,-5,0.0,0.3333333333333333,2.0,0.1842105263157894,0.692982456140351,0.052631578947368585,-34,35
2006_39,2006,Matchday 10,France,South Korea,1.0,1.0,draw,73,39,136,85,51,0.5342465753424658,1.8630136986301369,1.1643835616438356,38,7,39,78,-39,0.1842105263157894,1.0263157894736843,2.0526315789473686,0.3500360490266764,0.8366979091564526,-0.888248017303533,90,35
2006_40,2006,Matchday 11,Togo,Switzerland,0.0,2.0,team2_win,3,0,1,6,-5,0.0,0.3333333333333333,2.0,41,14,55,73,-18,0.3414634146341463,1.3414634146341464,1.7804878048780488,-0.3414634146341463,-1.0081300813008132,0.2195121951219512,13,-38
2006_41,2006,Matchday 15,Togo,France,0.0,2.0,team2_win,3,0,1,6,-5,0.0,0.3333333333333333,2.0,73,39,136,85,51,0.5342465753424658,1.8630136986301369,1.1643835616438356,-0.5342465753424658,-1.5296803652968036,0.8356164383561644,-56,-70
2006_42,2006,Matchday 15,Switzerland,South Korea,2.0,0.0,team1_win,41,14,55,73,-18,0.3414634146341463,1.3414634146341464,1.7804878048780488,38,7,39,78,-39,0.1842105263157894,1.0263157894736843,2.0526315789473686,0.1572528883183569,0.31514762516046213,-0.2721437740693198,21,3
2006_43,2006,Matchday 6,Spain,Ukraine,4.0,0.0,team1_win,67,31,108,75,33,0.4626865671641791,1.611940298507463,1.1194029850746268,5,2,5,7,-2,0.4,1.0,1.4,0.06268656716417909,0.6119402985074629,-0.28059701492537314,35,62
2006_44,2006,Matchday 6,Tunisia,Saudi Arabia,2.0,2.0,draw,18,3,14,26,-12,0.1666666666666666,0.7777777777777778,1.4444444444444444,19,4,14,44,-30,0.2105263157894736,0.7368421052631579,2.3157894736842106,-0.04385964912280699,0.040935672514619936,-0.8713450292397662,18,-1
2006_45,2006,Matchday 11,Spain,Tunisia,3.0,1.0,team1_win,67,31,108,75,33,0.4626865671641791,1.611940298507463,1.1194029850746268,18,3,14,26,-12,0.1666666666666666,0.7777777777777778,1.4444444444444444,0.2960199004975125,0.8341625207296851,-0.32504145936981765,45,49
2006_46,2006,Matchday 11,Saudi Arabia,Ukraine,0.0,4.0,team2_win,19,4,14,44,-30,0.2105263157894736,0.7368421052631579,2.3157894736842106,5,2,5,7,-2,0.4,1.0,1.4,-0.18947368421052643,-0.26315789473684215,0.9157894736842107,-28,14
2006_47,2006,Matchday 15,Saudi Arabia,Spain,0.0,1.0,team2_win,19,4,14,44,-30,0.2105263157894736,0.7368421052631579,2.3157894736842106,67,31,108,75,33,0.4626865671641791,1.611940298507463,1.1194029850746268,-0.25216025137470555,-0.875098193244305,1.1963864886095839,-63,-48
2006_48,2006,Matchday 15,Ukraine,Tunisia,1.0,0.0,team1_win,5,2,5,7,-2,0.4,1.0,1.4,18,3,14,26,-12,0.1666666666666666,0.7777777777777778,1.4444444444444444,0.23333333333333342,0.2222222222222222,-0.04444444444444451,10,-13
2006_49,2006,Round of 16,Germany,Sweden,2.0,0.0,team1_win,112,68,232,130,102,0.6071428571428571,2.0714285714285716,1.1607142857142858,51,19,80,73,7,0.3725490196078431,1.568627450980392,1.431372549019608,0.234593837535014,0.5028011204481797,-0.2706582633053223,95,61
2006_50,2006,Round of 16,Argentina,Mexico,2.0,1.0,team1_win,88,47,152,101,51,0.5340909090909091,1.7272727272727273,1.1477272727272727,60,17,62,101,-39,0.2833333333333333,1.0333333333333334,1.6833333333333331,0.25075757575757573,0.6939393939393939,-0.5356060606060604,90,28
2006_51,2006,Round of 16,England,Ecuador,1.0,0.0,team1_win,74,32,104,68,36,0.4324324324324324,1.4054054054054057,0.918918918918919,13,5,14,14,0,0.3846153846153846,1.0769230769230769,1.0769230769230769,0.04781704781704782,0.32848232848232883,-0.1580041580041579,36,61
2006_52,2006,Round of 16,Portugal,Netherlands,1.0,0.0,team1_win,35,17,61,41,20,0.4857142857142857,1.7428571428571429,1.1714285714285717,55,30,96,52,44,0.5454545454545454,1.7454545454545454,0.9454545454545454,-0.059740259740259705,-0.0025974025974024872,0.22597402597402627,-24,-20
2006_53,2006,Round of 16,Italy,Australia,1.0,0.0,team1_win,83,45,128,77,51,0.5421686746987951,1.5421686746987953,0.927710843373494,20,4,17,37,-20,0.2,0.85,1.85,0.34216867469879514,0.6921686746987953,-0.9222891566265061,71,63
2006_54,2006,Round of 16,Switzerland,Ukraine,0.0,0.0,draw,41,14,55,73,-18,0.3414634146341463,1.3414634146341464,1.7804878048780488,5,2,5,7,-2,0.4,1.0,1.4,-0.05853658536585371,0.3414634146341464,0.3804878048780489,-16,36
2006_55,2006,Round of 16,Brazil,Ghana,3.0,0.0,team1_win,114,76,237,108,129,0.6666666666666666,2.0789473684210527,0.9473684210526316,15,5,18,23,-5,0.3333333333333333,1.2,1.5333333333333334,0.3333333333333333,0.8789473684210527,-0.5859649122807018,134,99
2006_56,2006,Round of 16,Spain,France,1.0,3.0,team2_win,67,31,108,75,33,0.4626865671641791,1.611940298507463,1.1194029850746268,73,39,136,85,51,0.5342465753424658,1.8630136986301369,1.1643835616438356,-0.07156000817828667,-0.251073400122674,-0.04498057656920884,-18,-6
2006_57,2006,Quarterfinals,Germany,Argentina,1.0,1.0,draw,112,68,232,130,102,0.6071428571428571,2.0714285714285716,1.1607142857142858,88,47,152,101,51,0.5340909090909091,1.7272727272727273,1.1477272727272727,0.07305194805194803,0.3441558441558443,0.012987012987013102,51,24
2006_58,2006,Quarterfinals,Italy,Ukraine,3.0,0.0,team1_win,83,45,128,77,51,0.5421686746987951,1.5421686746987953,0.927710843373494,5,2,5,7,-2,0.4,1.0,1.4,0.14216867469879513,0.5421686746987953,-0.47228915662650595,53,78
2006_59,2006,Quarterfinals,England,Portugal,0.0,0.0,draw,74,32,104,68,36,0.4324324324324324,1.4054054054054057,0.918918918918919,35,17,61,41,20,0.4857142857142857,1.7428571428571429,1.1714285714285717,-0.05328185328185331,-0.3374517374517372,-0.25250965250965274,16,39
2006_60,2006,Quarterfinals,Brazil,France,0.0,1.0,team2_win,114,76,237,108,129,0.6666666666666666,2.0789473684210527,0.9473684210526316,73,39,136,85,51,0.5342465753424658,1.8630136986301369,1.1643835616438356,0.13242009132420085,0.21593366979091577,-0.21701514059120397,78,41
2006_61,2006,Semifinals,Germany,Italy,0.0,2.0,team2_win,112,68,232,130,102,0.6071428571428571,2.0714285714285716,1.1607142857142858,83,45,128,77,51,0.5421686746987951,1.5421686746987953,0.927710843373494,0.06497418244406195,0.5292598967297764,0.23300344234079184,51,29
2006_62,2006,Semifinals,Portugal,France,0.0,1.0,team2_win,35,17,61,41,20,0.4857142857142857,1.7428571428571429,1.1714285714285717,73,39,136,85,51,0.5342465753424658,1.8630136986301369,1.1643835616438356,-0.04853228962818007,-0.120156555772994,0.0070450097847361,-31,-38
2006_63,2006,Third-place play-off,Germany,Portugal,3.0,1.0,team1_win,112,68,232,130,102,0.6071428571428571,2.0714285714285716,1.1607142857142858,35,17,61,41,20,0.4857142857142857,1.7428571428571429,1.1714285714285717,0.12142857142857139,0.32857142857142874,-0.010714285714285898,82,77
2006_64,2006,Final,Italy,France,1.0,1.0,draw,83,45,128,77,51,0.5421686746987951,1.5421686746987953,0.927710843373494,73,39,136,85,51,0.5342465753424658,1.8630136986301369,1.1643835616438356,0.00792209935632937,-0.3208450239313416,-0.23667271827034164,0,10
2010_1,2010,Matchday 1,South Africa,Mexico,1.0,1.0,draw,9,2,11,16,-5,0.2222222222222222,1.2222222222222223,1.7777777777777777,60,17,62,101,-39,0.2833333333333333,1.0333333333333334,1.6833333333333331,-0.061111111111111116,0.18888888888888888,0.09444444444444455,34,-51
2010_2,2010,Matchday 1,Uruguay,France,0.0,0.0,draw,59,25,89,76,13,0.423728813559322,1.5084745762711864,1.2881355932203389,73,39,136,85,51,0.5342465753424658,1.8630136986301369,1.1643835616438356,-0.11051776178314376,-0.35453912235895046,0.12375203157650327,-38,-14
2010_3,2010,Matchday 6,South Africa,Uruguay,0.0,3.0,team2_win,9,2,11,16,-5,0.2222222222222222,1.2222222222222223,1.7777777777777777,59,25,89,76,13,0.423728813559322,1.5084745762711864,1.2881355932203389,-0.2015065913370998,-0.2862523540489641,0.4896421845574388,-18,-50
2010_4,2010,Matchday 7,France,Mexico,0.0,2.0,team2_win,73,39,136,85,51,0.5342465753424658,1.8630136986301369,1.1643835616438356,60,17,62,101,-39,0.2833333333333333,1.0333333333333334,1.6833333333333331,0.25091324200913245,0.8296803652968034,-0.5189497716894975,90,13
2010_5,2010,Matchday 12,Mexico,Uruguay,0.0,1.0,team2_win,60,17,62,101,-39,0.2833333333333333,1.0333333333333334,1.6833333333333331,59,25,89,76,13,0.423728813559322,1.5084745762711864,1.2881355932203389,-0.1403954802259887,-0.475141242937853,0.39519774011299424,-52,1
2010_6,2010,Matchday 12,France,South Africa,1.0,2.0,team2_win,73,39,136,85,51,0.5342465753424658,1.8630136986301369,1.1643835616438356,9,2,11,16,-5,0.2222222222222222,1.2222222222222223,1.7777777777777777,0.31202435312024357,0.6407914764079146,-0.6133942161339421,56,64
2010_7,2010,Matchday 2,South Korea,Greece,2.0,0.0,team1_win,38,7,39,78,-39,0.1842105263157894,1.0263157894736843,2.0526315789473686,10,2,5,20,-15,0.2,0.5,2.0,-0.015789473684210603,0.5263157894736843,0.052631578947368585,-24,28
2010_8,2010,Matchday 2,Argentina,Nigeria,1.0,0.0,team1_win,88,47,152,101,51,0.5340909090909091,1.7272727272727273,1.1477272727272727,21,6,23,30,-7,0.2857142857142857,1.0952380952380951,1.4285714285714286,0.24837662337662336,0.6320346320346322,-0.2808441558441559,58,67
2010_9,2010,Matchday 7,Argentina,South Korea,4.0,1.0,team1_win,88,47,152,101,51,0.5340909090909091,1.7272727272727273,1.1477272727272727,38,7,39,78,-39,0.1842105263157894,1.0263157894736843,2.0526315789473686,0.3498803827751197,0.700956937799043,-0.9049043062200959,90,50
2010_10,2010,Matchday 7,Greece,Nigeria,2.0,1.0,team1_win,10,2,5,20,-15,0.2,0.5,2.0,21,6,23,30,-7,0.2857142857142857,1.0952380952380951,1.4285714285714286,-0.08571428571428569,-0.5952380952380951,0.5714285714285714,-8,-11
2010_11,2010,Matchday 12,Nigeria,South Korea,2.0,2.0,draw,21,6,23,30,-7,0.2857142857142857,1.0952380952380951,1.4285714285714286,38,7,39,78,-39,0.1842105263157894,1.0263157894736843,2.0526315789473686,0.10150375939849629,0.06892230576441083,-0.62406015037594,32,-17
2010_12,2010,Matchday 12,Greece,Argentina,0.0,2.0,team2_win,10,2,5,20,-15,0.2,0.5,2.0,88,47,152,101,51,0.5340909090909091,1.7272727272727273,1.1477272727272727,-0.33409090909090905,-1.2272727272727273,0.8522727272727273,-66,-78
2010_13,2010,Matchday 2,England,USA,1.0,1.0,draw,74,32,104,68,36,0.4324324324324324,1.4054054054054057,0.918918918918919,27,6,26,37,-11,0.2222222222222222,0.9629629629629628,1.3703703703703705,0.2102102102102102,0.4424424424424429,-0.4514514514514515,47,47
2010_14,2010,Matchday 3,Algeria,Slovenia,0.0,1.0,team2_win,13,3,13,19,-6,0.2307692307692307,1.0,1.4615384615384617,6,1,5,10,-5,0.1666666666666666,0.8333333333333334,1.6666666666666667,0.0641025641025641,0.16666666666666663,-0.20512820512820507,-1,7
2010_15,2010,Matchday 8,Slovenia,USA,2.0,2.0,draw,6,1,5,10,-5,0.1666666666666666,0.8333333333333334,1.6666666666666667,27,6,26,37,-11,0.2222222222222222,0.9629629629629628,1.3703703703703705,-0.05555555555555561,-0.12962962962962943,0.2962962962962963,6,-21
2010_16,2010,Matchday 8,England,Algeria,0.0,0.0,draw,74,32,104,68,36,0.4324324324324324,1.4054054054054057,0.918918918918919,13,3,13,19,-6,0.2307692307692307,1.0,1.4615384615384617,0.2016632016632017,0.4054054054054057,-0.5426195426195427,42,61
2010_17,2010,Matchday 13,USA,Algeria,1.0,0.0,team1_win,27,6,26,37,-11,0.2222222222222222,0.9629629629629628,1.3703703703703705,13,3,13,19,-6,0.2307692307692307,1.0,1.4615384615384617,-0.008547008547008489,-0.0370370370370372,-0.09116809116809121,-5,14
2010_18,2010,Matchday 13,Slovenia,England,0.0,1.0,team2_win,6,1,5,10,-5,0.1666666666666666,0.8333333333333334,1.6666666666666667,74,32,104,68,36,0.4324324324324324,1.4054054054054057,0.918918918918919,-0.2657657657657658,-0.5720720720720723,0.7477477477477478,-41,-68
2010_19,2010,Matchday 3,Serbia,Ghana,0.0,1.0,team2_win,46,18,69,61,8,0.391304347826087,1.5,1.326086956521739,15,5,18,23,-5,0.3333333333333333,1.2,1.5333333333333334,0.05797101449275366,0.30000000000000004,-0.2072463768115944,13,31
2010_20,2010,Matchday 3,Germany,Australia,4.0,0.0,team1_win,112,68,232,130,102,0.6071428571428571,2.0714285714285716,1.1607142857142858,20,4,17,37,-20,0.2,0.85,1.85,0.4071428571428571,1.2214285714285715,-0.6892857142857143,122,92
2010_21,2010,Matchday 8,Germany,Serbia,0.0,1.0,team2_win,112,68,232,130,102,0.6071428571428571,2.0714285714285716,1.1607142857142858,46,18,69,61,8,0.391304347826087,1.5,1.326086956521739,0.21583850931677012,0.5714285714285716,-0.16537267080745321,94,66
2010_22,2010,Matchday 9,Ghana,Australia,1.0,1.0,draw,15,5,18,23,-5,0.3333333333333333,1.2,1.5333333333333334,20,4,17,37,-20,0.2,0.85,1.85,0.1333333333333333,0.35,-0.31666666666666665,15,-5
2010_23,2010,Matchday 13,Australia,Serbia,2.0,1.0,team1_win,20,4,17,37,-20,0.2,0.85,1.85,46,18,69,61,8,0.391304347826087,1.5,1.326086956521739,-0.19130434782608696,-0.65,0.5239130434782611,-28,-26
2010_24,2010,Matchday 13,Ghana,Germany,0.0,1.0,team2_win,15,5,18,23,-5,0.3333333333333333,1.2,1.5333333333333334,112,68,232,130,102,0.6071428571428571,2.0714285714285716,1.1607142857142858,-0.2738095238095238,-0.8714285714285717,0.3726190476190476,-107,-97
2010_25,2010,Matchday 4,Netherlands,Denmark,2.0,0.0,team1_win,55,30,96,52,44,0.5454545454545454,1.7454545454545454,0.9454545454545454,23,9,31,29,2,0.391304347826087,1.3478260869565215,1.2608695652173914,0.15415019762845844,0.39762845849802386,-0.3154150197628459,42,32
2010_26,2010,Matchday 4,Japan,Cameroon,1.0,0.0,team1_win,25,7,25,33,-8,0.28,1.0,1.32,26,5,22,47,-25,0.1923076923076923,0.8461538461538461,1.8076923076923077,0.08769230769230774,0.15384615384615385,-0.48769230769230765,17,-1
2010_27,2010,Matchday 9,Netherlands,Japan,1.0,0.0,team1_win,55,30,96,52,44,0.5454545454545454,1.7454545454545454,0.9454545454545454,25,7,25,33,-8,0.28,1.0,1.32,0.2654545454545454,0.7454545454545454,-0.3745454545454546,52,30
2010_28,2010,Matchday 9,Cameroon,Denmark,1.0,2.0,team2_win,26,5,22,47,-25,0.1923076923076923,0.8461538461538461,1.8076923076923077,23,9,31,29,2,0.391304347826087,1.3478260869565215,1.2608695652173914,-0.19899665551839468,-0.5016722408026754,0.5468227424749164,-27,3
2010_29,2010,Matchday 14,Denmark,Japan,1.0,3.0,team2_win,23,9,31,29,2,0.391304347826087,1.3478260869565215,1.2608695652173914,25,7,25,33,-8,0.28,1.0,1.32,0.11130434782608695,0.3478260869565215,-0.05913043478260871,10,-2
2010_30,2010,Matchday 14,Cameroon,Netherlands,1.0,2.0,team2_win,26,5,22,47,-25,0.1923076923076923,0.8461538461538461,1.8076923076923077,55,30,96,52,44,0.5454545454545454,1.7454545454545454,0.9454545454545454,-0.3531468531468531,-0.8993006993006992,0.8622377622377623,-69,-29
2010_31,2010,Matchday 4,Italy,Paraguay,1.0,1.0,draw,83,45,128,77,51,0.5421686746987951,1.5421686746987953,0.927710843373494,27,7,30,38,-8,0.2592592592592592,1.1111111111111112,1.4074074074074074,0.28290941543953596,0.4310575635876841,-0.4796965640339135,59,56
2010_32,2010,Matchday 5,New Zealand,Slovakia,1.0,1.0,draw,6,0,4,14,-10,0.0,0.6666666666666666,2.3333333333333335,4,1,5,7,-2,0.25,1.25,1.75,-0.25,-0.5833333333333334,0.5833333333333335,-8,2
2010_33,2010,Matchday 10,Slovakia,Paraguay,0.0,2.0,team2_win,4,1,5,7,-2,0.25,1.25,1.75,27,7,30,38,-8,0.2592592592592592,1.1111111111111112,1.4074074074074074,-0.00925925925925919,0.13888888888888884,0.34259259259259256,6,-23
2010_34,2010,Matchday 10,Italy,New Zealand,1.0,1.0,draw,83,45,128,77,51,0.5421686746987951,1.5421686746987953,0.927710843373494,6,0,4,14,-10,0.0,0.6666666666666666,2.3333333333333335,0.5421686746987951,0.8755020080321286,-1.4056224899598395,61,77
2010_35,2010,Matchday 14,Slovakia,Italy,3.0,2.0,team1_win,4,1,5,7,-2,0.25,1.25,1.75,83,45,128,77,51,0.5421686746987951,1.5421686746987953,0.927710843373494,-0.29216867469879515,-0.29216867469879526,0.822289156626506,-53,-79
2010_36,2010,Matchday 14,Paraguay,New Zealand,0.0,0.0,draw,27,7,30,38,-8,0.2592592592592592,1.1111111111111112,1.4074074074074074,6,0,4,14,-10,0.0,0.6666666666666666,2.3333333333333335,0.2592592592592592,0.44444444444444453,-0.925925925925926,2,21
2010_37,2010,Matchday 5,Côte d'Ivoire,Portugal,0.0,0.0,draw,9,3,13,14,-1,0.3333333333333333,1.4444444444444444,1.5555555555555556,35,17,61,41,20,0.4857142857142857,1.7428571428571429,1.1714285714285717,-0.1523809523809524,-0.29841269841269846,0.3841269841269839,-21,-26
2010_38,2010,Matchday 5,Brazil,North Korea,2.0,1.0,team1_win,114,76,237,108,129,0.6666666666666666,2.0789473684210527,0.9473684210526316,7,1,6,21,-15,0.1428571428571428,0.8571428571428571,3.0,0.5238095238095238,1.2218045112781954,-2.052631578947368,144,107
2010_39,2010,Matchday 10,Brazil,Côte d'Ivoire,3.0,1.0,team1_win,114,76,237,108,129,0.6666666666666666,2.0789473684210527,0.9473684210526316,9,3,13,14,-1,0.3333333333333333,1.4444444444444444,1.5555555555555556,0.3333333333333333,0.6345029239766082,-0.6081871345029239,130,105
2010_40,2010,Matchday 11,Portugal,North Korea,7.0,0.0,team1_win,35,17,61,41,20,0.4857142857142857,1.7428571428571429,1.1714285714285717,7,1,6,21,-15,0.1428571428571428,0.8571428571428571,3.0,0.3428571428571429,0.8857142857142858,-1.8285714285714283,35,28
2010_41,2010,Matchday 15,Portugal,Brazil,0.0,0.0,draw,35,17,61,41,20,0.4857142857142857,1.7428571428571429,1.1714285714285717,114,76,237,108,129,0.6666666666666666,2.0789473684210527,0.9473684210526316,-0.18095238095238092,-0.3360902255639098,0.22406015037594007,-109,-79
2010_42,2010,Matchday 15,North Korea,Côte d'Ivoire,0.0,3.0,team2_win,7,1,6,21,-15,0.1428571428571428,0.8571428571428571,3.0,9,3,13,14,-1,0.3333333333333333,1.4444444444444444,1.5555555555555556,-0.19047619047619052,-0.5873015873015873,1.4444444444444444,-14,-2
2010_43,2010,Matchday 6,Honduras,Chile,0.0,1.0,team2_win,9,0,3,14,-11,0.0,0.3333333333333333,1.5555555555555556,33,11,40,49,-9,0.3333333333333333,1.2121212121212122,1.4848484848484849,-0.3333333333333333,-0.8787878787878789,0.07070707070707072,-2,-24
2010_44,2010,Matchday 6,Spain,Switzerland,0.0,1.0,team2_win,67,31,108,75,33,0.4626865671641791,1.611940298507463,1.1194029850746268,41,14,55,73,-18,0.3414634146341463,1.3414634146341464,1.7804878048780488,0.1212231525300328,0.2704768838733165,-0.661084819803422,51,26
2010_45,2010,Matchday 11,Chile,Switzerland,1.0,0.0,team1_win,33,11,40,49,-9,0.3333333333333333,1.2121212121212122,1.4848484848484849,41,14,55,73,-18,0.3414634146341463,1.3414634146341464,1.7804878048780488,-0.008130081300812997,-0.12934220251293427,-0.29563932002956395,9,-8
2010_46,2010,Matchday 11,Spain,Honduras,2.0,0.0,team1_win,67,31,108,75,33,0.4626865671641791,1.611940298507463,1.1194029850746268,9,0,3,14,-11,0.0,0.3333333333333333,1.5555555555555556,0.4626865671641791,1.2786069651741296,-0.4361525704809288,44,58
2010_47,2010,Matchday 15,Chile,Spain,1.0,2.0,team2_win,33,11,40,49,-9,0.3333333333333333,1.2121212121212122,1.4848484848484849,67,31,108,75,33,0.4626865671641791,1.611940298507463,1.1194029850746268,-0.1293532338308458,-0.39981908638625074,0.3654454997738581,-42,-34
2010_48,2010,Matchday 15,Switzerland,Honduras,0.0,0.0,draw,41,14,55,73,-18,0.3414634146341463,1.3414634146341464,1.7804878048780488,9,0,3,14,-11,0.0,0.3333333333333333,1.5555555555555556,0.3414634146341463,1.0081300813008132,0.22493224932249323,-7,32
2010_49,2010,Round of 16,Uruguay,South Korea,2.0,1.0,team1_win,59,25,89,76,13,0.423728813559322,1.5084745762711864,1.2881355932203389,38,7,39,78,-39,0.1842105263157894,1.0263157894736843,2.0526315789473686,0.2395182872435326,0.4821587867975021,-0.7644959857270297,52,21
2010_50,2010,Round of 16,USA,Ghana,1.0,2.0,team2_win,27,6,26,37,-11,0.2222222222222222,0.9629629629629628,1.3703703703703705,15,5,18,23,-5,0.3333333333333333,1.2,1.5333333333333334,-0.1111111111111111,-0.23703703703703716,-0.16296296296296298,-6,12
2010_51,2010,Round of 16,Germany,England,4.0,1.0,team1_win,112,68,232,130,102,0.6071428571428571,2.0714285714285716,1.1607142857142858,74,32,104,68,36,0.4324324324324324,1.4054054054054057,0.918918918918919,0.1747104247104247,0.6660231660231659,0.24179536679536684,66,38
2010_52,2010,Round of 16,Argentina,Mexico,3.0,1.0,team1_win,88,47,152,101,51,0.5340909090909091,1.7272727272727273,1.1477272727272727,60,17,62,101,-39,0.2833333333333333,1.0333333333333334,1.6833333333333331,0.25075757575757573,0.6939393939393939,-0.5356060606060604,90,28
2010_53,2010,Round of 16,Netherlands,Slovakia,2.0,1.0,team1_win,55,30,96,52,44,0.5454545454545454,1.7454545454545454,0.9454545454545454,4,1,5,7,-2,0.25,1.25,1.75,0.2954545454545454,0.49545454545454537,-0.8045454545454546,46,51
2010_54,2010,Round of 16,Brazil,Chile,3.0,0.0,team1_win,114,76,237,108,129,0.6666666666666666,2.0789473684210527,0.9473684210526316,33,11,40,49,-9,0.3333333333333333,1.2121212121212122,1.4848484848484849,0.3333333333333333,0.8668261562998405,-0.5374800637958532,138,81
2010_55,2010,Round of 16,Paraguay,Japan,0.0,0.0,draw,27,7,30,38,-8,0.2592592592592592,1.1111111111111112,1.4074074074074074,25,7,25,33,-8,0.28,1.0,1.32,-0.020740740740740837,0.11111111111111116,0.08740740740740738,0,2
2010_56,2010,Round of 16,Spain,Portugal,1.0,0.0,team1_win,67,31,108,75,33,0.4626865671641791,1.611940298507463,1.1194029850746268,35,17,61,41,20,0.4857142857142857,1.7428571428571429,1.1714285714285717,-0.023027718550106602,-0.13091684434967998,-0.05202558635394494,13,32
2010_57,2010,Quarterfinals,Netherlands,Brazil,2.0,1.0,team1_win,55,30,96,52,44,0.5454545454545454,1.7454545454545454,0.9454545454545454,114,76,237,108,129,0.6666666666666666,2.0789473684210527,0.9473684210526316,-0.12121212121212122,-0.3334928229665073,-0.001913875598086201,-85,-59
2010_58,2010,Quarterfinals,Uruguay,Ghana,1.0,1.0,draw,59,25,89,76,13,0.423728813559322,1.5084745762711864,1.2881355932203389,15,5,18,23,-5,0.3333333333333333,1.2,1.5333333333333334,0.0903954802259887,0.30847457627118646,-0.24519774011299456,18,44
2010_59,2010,Quarterfinals,Argentina,Germany,0.0,4.0,team2_win,88,47,152,101,51,0.5340909090909091,1.7272727272727273,1.1477272727272727,112,68,232,130,102,0.6071428571428571,2.0714285714285716,1.1607142857142858,-0.07305194805194803,-0.3441558441558443,-0.012987012987013102,-51,-24
2010_60,2010,Quarterfinals,Paraguay,Spain,0.0,1.0,team2_win,27,7,30,38,-8,0.2592592592592592,1.1111111111111112,1.4074074074074074,67,31,108,75,33,0.4626865671641791,1.611940298507463,1.1194029850746268,-0.20342730790491992,-0.5008291873963517,0.2880044223327807,-41,-40
2010_61,2010,Semifinals,Uruguay,Netherlands,2.0,3.0,team2_win,59,25,89,76,13,0.423728813559322,1.5084745762711864,1.2881355932203389,55,30,96,52,44,0.5454545454545454,1.7454545454545454,0.9454545454545454,-0.1217257318952234,-0.23697996918335895,0.34268104776579345,-31,4
2010_62,2010,Semifinals,Germany,Spain,0.0,1.0,team2_win,112,68,232,130,102,0.6071428571428571,2.0714285714285716,1.1607142857142858,67,31,108,75,33,0.4626865671641791,1.611940298507463,1.1194029850746268,0.144456289978678,0.4594882729211087,0.04131130063965904,69,45
2010_63,2010,Third-place play-off,Uruguay,Germany,2.0,3.0,team2_win,59,25,89,76,13,0.423728813559322,1.5084745762711864,1.2881355932203389,112,68,232,130,102,0.6071428571428571,2.0714285714285716,1.1607142857142858,-0.18341404358353508,-0.5629539951573852,0.12742130750605307,-89,-53
2010_64,2010,Final,Netherlands,Spain,0.0,1.0,team2_win,55,30,96,52,44,0.5454545454545454,1.7454545454545454,0.9454545454545454,67,31,108,75,33,0.4626865671641791,1.611940298507463,1.1194029850746268,0.0827679782903663,0.13351424694708247,-0.17394843962008133,11,-12
2014_1,2014,Matchday 1,Brazil,Croatia,3.0,1.0,team1_win,114,76,237,108,129,0.6666666666666666,2.0789473684210527,0.9473684210526316,30,13,43,33,10,0.4333333333333333,1.4333333333333331,1.1,0.23333333333333334,0.6456140350877195,-0.15263157894736845,119,84
2014_2,2014,Matchday 2,Mexico,Cameroon,1.0,0.0,team1_win,60,17,62,101,-39,0.2833333333333333,1.0333333333333334,1.6833333333333331,26,5,22,47,-25,0.1923076923076923,0.8461538461538461,1.8076923076923077,0.09102564102564104,0.1871794871794873,-0.12435897435897458,-14,34
2014_3,2014,Matchday 6,Brazil,Mexico,0.0,0.0,draw,114,76,237,108,129,0.6666666666666666,2.0789473684210527,0.9473684210526316,60,17,62,101,-39,0.2833333333333333,1.0333333333333334,1.6833333333333331,0.3833333333333333,1.0456140350877192,-0.7359649122807015,168,54
2014_4,2014,Matchday 7,Cameroon,Croatia,0.0,4.0,team2_win,26,5,22,47,-25,0.1923076923076923,0.8461538461538461,1.8076923076923077,30,13,43,33,10,0.4333333333333333,1.4333333333333331,1.1,-0.241025641025641,-0.587179487179487,0.7076923076923076,-35,-4
2014_5,2014,Matchday 12,Cameroon,Brazil,1.0,4.0,team2_win,26,5,22,47,-25,0.1923076923076923,0.8461538461538461,1.8076923076923077,114,76,237,108,129,0.6666666666666666,2.0789473684210527,0.9473684210526316,-0.47435897435897434,-1.2327935222672064,0.8603238866396761,-154,-88
2014_6,2014,Matchday 12,Croatia,Mexico,1.0,3.0,team2_win,30,13,43,33,10,0.4333333333333333,1.4333333333333331,1.1,60,17,62,101,-39,0.2833333333333333,1.0333333333333334,1.6833333333333331,0.14999999999999997,0.3999999999999997,-0.583333333333333,49,-30
2014_7,2014,Matchday 2,Spain,Netherlands,1.0,5.0,team2_win,67,31,108,75,33,0.4626865671641791,1.611940298507463,1.1194029850746268,55,30,96,52,44,0.5454545454545454,1.7454545454545454,0.9454545454545454,-0.0827679782903663,-0.13351424694708247,0.17394843962008133,-11,12
2014_8,2014,Matchday 2,Chile,Australia,3.0,1.0,team1_win,33,11,40,49,-9,0.3333333333333333,1.2121212121212122,1.4848484848484849,20,4,17,37,-20,0.2,0.85,1.85,0.1333333333333333,0.3621212121212122,-0.3651515151515152,11,13
2014_9,2014,Matchday 7,Australia,Netherlands,2.0,3.0,team2_win,20,4,17,37,-20,0.2,0.85,1.85,55,30,96,52,44,0.5454545454545454,1.7454545454545454,0.9454545454545454,-0.3454545454545454,-0.8954545454545454,0.9045454545454547,-64,-35
2014_10,2014,Matchday 7,Spain,Chile,0.0,2.0,team2_win,67,31,108,75,33,0.4626865671641791,1.611940298507463,1.1194029850746268,33,11,40,49,-9,0.3333333333333333,1.2121212121212122,1.4848484848484849,0.1293532338308458,0.39981908638625074,-0.3654454997738581,42,34
2014_11,2014,Matchday 12,Australia,Spain,0.0,3.0,team2_win,20,4,17,37,-20,0.2,0.85,1.85,67,31,108,75,33,0.4626865671641791,1.611940298507463,1.1194029850746268,-0.2626865671641791,-0.7619402985074629,0.7305970149253733,-53,-47
2014_12,2014,Matchday 12,Netherlands,Chile,2.0,0.0,team1_win,55,30,96,52,44,0.5454545454545454,1.7454545454545454,0.9454545454545454,33,11,40,49,-9,0.3333333333333333,1.2121212121212122,1.4848484848484849,0.2121212121212121,0.5333333333333332,-0.5393939393939394,53,22
2014_13,2014,Matchday 3,Colombia,Greece,3.0,0.0,team1_win,22,9,32,30,2,0.4090909090909091,1.4545454545454546,1.3636363636363635,10,2,5,20,-15,0.2,0.5,2.0,0.2090909090909091,0.9545454545454546,-0.6363636363636365,17,12
2014_14,2014,Matchday 3,Côte d'Ivoire,Japan,2.0,1.0,team1_win,9,3,13,14,-1,0.3333333333333333,1.4444444444444444,1.5555555555555556,25,7,25,33,-8,0.28,1.0,1.32,0.05333333333333329,0.4444444444444444,0.23555555555555552,7,-16
2014_15,2014,Matchday 8,Colombia,Côte d'Ivoire,2.0,1.0,team1_win,22,9,32,30,2,0.4090909090909091,1.4545454545454546,1.3636363636363635,9,3,13,14,-1,0.3333333333333333,1.4444444444444444,1.5555555555555556,0.0757575757575758,0.010101010101010166,-0.19191919191919204,3,13
2014_16,2014,Matchday 8,Japan,Greece,0.0,0.0,draw,25,7,25,33,-8,0.28,1.0,1.32,10,2,5,20,-15,0.2,0.5,2.0,0.08000000000000002,0.5,-0.6799999999999999,7,15
2014_17,2014,Matchday 13,Japan,Colombia,1.0,4.0,team2_win,25,7,25,33,-8,0.28,1.0,1.32,22,9,32,30,2,0.4090909090909091,1.4545454545454546,1.3636363636363635,-0.1290909090909091,-0.4545454545454546,-0.04363636363636347,-10,3
2014_18,2014,Matchday 13,Greece,Côte d'Ivoire,2.0,1.0,team1_win,10,2,5,20,-15,0.2,0.5,2.0,9,3,13,14,-1,0.3333333333333333,1.4444444444444444,1.5555555555555556,-0.1333333333333333,-0.9444444444444444,0.4444444444444444,-14,1
2014_19,2014,Matchday 3,Uruguay,Costa Rica,1.0,3.0,team2_win,59,25,89,76,13,0.423728813559322,1.5084745762711864,1.2881355932203389,21,6,22,39,-17,0.2857142857142857,1.0476190476190477,1.8571428571428572,0.13801452784503632,0.46085552865213875,-0.5690072639225183,30,38
2014_20,2014,Matchday 3,England,Italy,1.0,2.0,team2_win,74,32,104,68,36,0.4324324324324324,1.4054054054054057,0.918918918918919,83,45,128,77,51,0.5421686746987951,1.5421686746987953,0.927710843373494,-0.10973624226636275,-0.13676326929338956,-0.008791924454574995,-15,-9
2014_21,2014,Matchday 8,Uruguay,England,2.0,1.0,team1_win,59,25,89,76,13,0.423728813559322,1.5084745762711864,1.2881355932203389,74,32,104,68,36,0.4324324324324324,1.4054054054054057,0.918918918918919,-0.008703618873110386,0.10306917086578071,0.3692166743014199,-23,-15
2014_22,2014,Matchday 9,Italy,Costa Rica,0.0,1.0,team2_win,83,45,128,77,51,0.5421686746987951,1.5421686746987953,0.927710843373494,21,6,22,39,-17,0.2857142857142857,1.0476190476190477,1.8571428571428572,0.25645438898450945,0.4945496270797476,-0.9294320137693632,68,62
2014_23,2014,Matchday 13,Italy,Uruguay,0.0,1.0,team2_win,83,45,128,77,51,0.5421686746987951,1.5421686746987953,0.927710843373494,59,25,89,76,13,0.423728813559322,1.5084745762711864,1.2881355932203389,0.11843986113947313,0.03369409842760884,-0.3604247498468449,38,24
2014_24,2014,Matchday 13,Costa Rica,England,0.0,0.0,draw,21,6,22,39,-17,0.2857142857142857,1.0476190476190477,1.8571428571428572,74,32,104,68,36,0.4324324324324324,1.4054054054054057,0.918918918918919,-0.1467181467181467,-0.35778635778635803,0.9382239382239382,-53,-53
2014_25,2014,Matchday 4,Switzerland,Ecuador,2.0,1.0,team1_win,41,14,55,73,-18,0.3414634146341463,1.3414634146341464,1.7804878048780488,13,5,14,14,0,0.3846153846153846,1.0769230769230769,1.0769230769230769,-0.04315196998123827,0.26454033771106955,0.7035647279549719,-18,28
2014_26,2014,Matchday 4,France,Honduras,3.0,0.0,team1_win,73,39,136,85,51,0.5342465753424658,1.8630136986301369,1.1643835616438356,9,0,3,14,-11,0.0,0.3333333333333333,1.5555555555555556,0.5342465753424658,1.5296803652968036,-0.39117199391172,62,64
2014_27,2014,Matchday 9,Switzerland,France,2.0,5.0,team2_win,41,14,55,73,-18,0.3414634146341463,1.3414634146341464,1.7804878048780488,73,39,136,85,51,0.5342465753424658,1.8630136986301369,1.1643835616438356,-0.19278316070831947,-0.5215502839959905,0.6161042432342132,-69,-32
2014_28,2014,Matchday 9,Honduras,Ecuador,1.0,2.0,team2_win,9,0,3,14,-11,0.0,0.3333333333333333,1.5555555555555556,13,5,14,14,0,0.3846153846153846,1.0769230769230769,1.0769230769230769,-0.3846153846153846,-0.7435897435897436,0.4786324786324787,-11,-4
2014_29,2014,Matchday 14,Honduras,Switzerland,0.0,3.0,team2_win,9,0,3,14,-11,0.0,0.3333333333333333,1.5555555555555556,41,14,55,73,-18,0.3414634146341463,1.3414634146341464,1.7804878048780488,-0.3414634146341463,-1.0081300813008132,-0.22493224932249323,7,-32
2014_30,2014,Matchday 14,Ecuador,France,0.0,0.0,draw,13,5,14,14,0,0.3846153846153846,1.0769230769230769,1.0769230769230769,73,39,136,85,51,0.5342465753424658,1.8630136986301369,1.1643835616438356,-0.1496311907270812,-0.78609062170706,-0.08746048472075874,-51,-60
2014_31,2014,Matchday 4,Argentina,Bosnia-Herzegovina,2.0,1.0,team1_win,88,47,152,101,51,0.5340909090909091,1.7272727272727273,1.1477272727272727,3,1,4,4,0,0.3333333333333333,1.3333333333333333,1.3333333333333333,0.20075757575757575,0.39393939393939403,-0.18560606060606055,51,85
2014_32,2014,Matchday 5,Iran,Nigeria,0.0,0.0,draw,18,3,13,31,-18,0.1666666666666666,0.7222222222222222,1.7222222222222223,21,6,23,30,-7,0.2857142857142857,1.0952380952380951,1.4285714285714286,-0.1190476190476191,-0.3730158730158729,0.2936507936507937,-11,-3
2014_33,2014,Matchday 10,Argentina,Iran,1.0,0.0,team1_win,88,47,152,101,51,0.5340909090909091,1.7272727272727273,1.1477272727272727,18,3,13,31,-18,0.1666666666666666,0.7222222222222222,1.7222222222222223,0.36742424242424243,1.0050505050505052,-0.5744949494949496,69,70
2014_34,2014,Matchday 10,Nigeria,Bosnia-Herzegovina,1.0,0.0,team1_win,21,6,23,30,-7,0.2857142857142857,1.0952380952380951,1.4285714285714286,3,1,4,4,0,0.3333333333333333,1.3333333333333333,1.3333333333333333,-0.047619047619047616,-0.23809523809523814,0.09523809523809534,-7,18
2014_35,2014,Matchday 14,Nigeria,Argentina,2.0,3.0,team2_win,21,6,23,30,-7,0.2857142857142857,1.0952380952380951,1.4285714285714286,88,47,152,101,51,0.5340909090909091,1.7272727272727273,1.1477272727272727,-0.24837662337662336,-0.6320346320346322,0.2808441558441559,-58,-67
2014_36,2014,Matchday 14,Bosnia-Herzegovina,Iran,3.0,1.0,team1_win,3,1,4,4,0,0.3333333333333333,1.3333333333333333,1.3333333333333333,18,3,13,31,-18,0.1666666666666666,0.7222222222222222,1.7222222222222223,0.1666666666666667,0.611111111111111,-0.38888888888888906,18,-15
2014_37,2014,Matchday 5,Germany,Portugal,4.0,0.0,team1_win,112,68,232,130,102,0.6071428571428571,2.0714285714285716,1.1607142857142858,35,17,61,41,20,0.4857142857142857,1.7428571428571429,1.1714285714285717,0.12142857142857139,0.32857142857142874,-0.010714285714285898,82,77
2014_38,2014,Matchday 5,Ghana,USA,1.0,2.0,team2_win,15,5,18,23,-5,0.3333333333333333,1.2,1.5333333333333334,27,6,26,37,-11,0.2222222222222222,0.9629629629629628,1.3703703703703705,0.1111111111111111,0.23703703703703716,0.16296296296296298,6,-12
2014_39,2014,Matchday 10,Germany,Ghana,2.0,2.0,draw,112,68,232,130,102,0.6071428571428571,2.0714285714285716,1.1607142857142858,15,5,18,23,-5,0.3333333333333333,1.2,1.5333333333333334,0.2738095238095238,0.8714285714285717,-0.3726190476190476,107,97
2014_40,2014,Matchday 11,USA,Portugal,2.0,2.0,draw,27,6,26,37,-11,0.2222222222222222,0.9629629629629628,1.3703703703703705,35,17,61,41,20,0.4857142857142857,1.7428571428571429,1.1714285714285717,-0.2634920634920635,-0.7798941798941801,0.19894179894179875,-31,-8
2014_41,2014,Matchday 15,USA,Germany,0.0,1.0,team2_win,27,6,26,37,-11,0.2222222222222222,0.9629629629629628,1.3703703703703705,112,68,232,130,102,0.6071428571428571,2.0714285714285716,1.1607142857142858,-0.3849206349206349,-1.1084656084656088,0.20965608465608465,-113,-85
2014_42,2014,Matchday 15,Portugal,Ghana,2.0,1.0,team1_win,35,17,61,41,20,0.4857142857142857,1.7428571428571429,1.1714285714285717,15,5,18,23,-5,0.3333333333333333,1.2,1.5333333333333334,0.1523809523809524,0.5428571428571429,-0.36190476190476173,25,20
2014_43,2014,Matchday 6,Belgium,Algeria,2.0,1.0,team1_win,51,21,69,74,-5,0.4117647058823529,1.3529411764705883,1.4509803921568627,13,3,13,19,-6,0.2307692307692307,1.0,1.4615384615384617,0.18099547511312222,0.3529411764705883,-0.010558069381598978,1,38
2014_44,2014,Matchday 6,Russia,South Korea,1.0,1.0,draw,45,19,77,54,23,0.4222222222222222,1.711111111111111,1.2,38,7,39,78,-39,0.1842105263157894,1.0263157894736843,2.0526315789473686,0.2380116959064328,0.6847953216374267,-0.8526315789473686,62,7
2014_45,2014,Matchday 11,Belgium,Russia,1.0,0.0,team1_win,51,21,69,74,-5,0.4117647058823529,1.3529411764705883,1.4509803921568627,45,19,77,54,23,0.4222222222222222,1.711111111111111,1.2,-0.0104575163398693,-0.3581699346405227,0.25098039215686274,-28,6
2014_46,2014,Matchday 11,South Korea,Algeria,2.0,4.0,team2_win,38,7,39,78,-39,0.1842105263157894,1.0263157894736843,2.0526315789473686,13,3,13,19,-6,0.2307692307692307,1.0,1.4615384615384617,-0.04655870445344129,0.026315789473684292,0.5910931174089069,-33,25
2014_47,2014,Matchday 15,South Korea,Belgium,0.0,1.0,team2_win,38,7,39,78,-39,0.1842105263157894,1.0263157894736843,2.0526315789473686,51,21,69,74,-5,0.4117647058823529,1.3529411764705883,1.4509803921568627,-0.2275541795665635,-0.326625386996904,0.6016511867905059,-34,-13
2014_48,2014,Matchday 15,Algeria,Russia,1.0,1.0,draw,13,3,13,19,-6,0.2307692307692307,1.0,1.4615384615384617,45,19,77,54,23,0.4222222222222222,1.711111111111111,1.2,-0.19145299145299152,-0.711111111111111,0.2615384615384617,-29,-32
2014_49,2014,Round of 16,Brazil,Chile,1.0,1.0,draw,114,76,237,108,129,0.6666666666666666,2.0789473684210527,0.9473684210526316,33,11,40,49,-9,0.3333333333333333,1.2121212121212122,1.4848484848484849,0.3333333333333333,0.8668261562998405,-0.5374800637958532,138,81
2014_50,2014,Round of 16,Colombia,Uruguay,2.0,0.0,team1_win,22,9,32,30,2,0.4090909090909091,1.4545454545454546,1.3636363636363635,59,25,89,76,13,0.423728813559322,1.5084745762711864,1.2881355932203389,-0.014637904468412899,-0.05392912172573183,0.07550077041602465,-11,-37
2014_51,2014,Round of 16,Netherlands,Mexico,2.0,1.0,team1_win,55,30,96,52,44,0.5454545454545454,1.7454545454545454,0.9454545454545454,60,17,62,101,-39,0.2833333333333333,1.0333333333333334,1.6833333333333331,0.2621212121212121,0.7121212121212119,-0.7378787878787877,83,-5
2014_52,2014,Round of 16,Costa Rica,Greece,1.0,1.0,draw,21,6,22,39,-17,0.2857142857142857,1.0476190476190477,1.8571428571428572,10,2,5,20,-15,0.2,0.5,2.0,0.08571428571428569,0.5476190476190477,-0.1428571428571428,-2,11
2014_53,2014,Round of 16,France,Nigeria,2.0,0.0,team1_win,73,39,136,85,51,0.5342465753424658,1.8630136986301369,1.1643835616438356,21,6,23,30,-7,0.2857142857142857,1.0952380952380951,1.4285714285714286,0.24853228962818008,0.7677756033920418,-0.264187866927593,58,52
2014_54,2014,Round of 16,Germany,Algeria,2.0,1.0,team1_win,112,68,232,130,102,0.6071428571428571,2.0714285714285716,1.1607142857142858,13,3,13,19,-6,0.2307692307692307,1.0,1.4615384615384617,0.37637362637362637,1.0714285714285716,-0.30082417582417587,108,99
2014_55,2014,Round of 16,Argentina,Switzerland,1.0,0.0,team1_win,88,47,152,101,51,0.5340909090909091,1.7272727272727273,1.1477272727272727,41,14,55,73,-18,0.3414634146341463,1.3414634146341464,1.7804878048780488,0.19262749445676275,0.38580931263858087,-0.6327605321507761,69,47
2014_56,2014,Round of 16,Belgium,USA,2.0,1.0,team1_win,51,21,69,74,-5,0.4117647058823529,1.3529411764705883,1.4509803921568627,27,6,26,37,-11,0.2222222222222222,0.9629629629629628,1.3703703703703705,0.1895424836601307,0.3899782135076255,0.08061002178649224,6,24
2014_57,2014,Quarter-finals,France,Germany,0.0,1.0,team2_win,73,39,136,85,51,0.5342465753424658,1.8630136986301369,1.1643835616438356,112,68,232,130,102,0.6071428571428571,2.0714285714285716,1.1607142857142858,-0.07289628180039132,-0.20841487279843474,0.003669275929549798,-51,-39
2014_58,2014,Quarter-finals,Brazil,Colombia,2.0,1.0,team1_win,114,76,237,108,129,0.6666666666666666,2.0789473684210527,0.9473684210526316,22,9,32,30,2,0.4090909090909091,1.4545454545454546,1.3636363636363635,0.2575757575757575,0.6244019138755981,-0.4162679425837319,127,92
2014_59,2014,Quarter-finals,Argentina,Belgium,1.0,0.0,team1_win,88,47,152,101,51,0.5340909090909091,1.7272727272727273,1.1477272727272727,51,21,69,74,-5,0.4117647058823529,1.3529411764705883,1.4509803921568627,0.12232620320855614,0.374331550802139,-0.30325311942959,56,37
2014_60,2014,Quarter-finals,Netherlands,Costa Rica,0.0,0.0,draw,55,30,96,52,44,0.5454545454545454,1.7454545454545454,0.9454545454545454,21,6,22,39,-17,0.2857142857142857,1.0476190476190477,1.8571428571428572,0.2597402597402597,0.6978354978354977,-0.9116883116883118,61,34
2014_61,2014,Semi-finals,Brazil,Germany,1.0,7.0,team2_win,114,76,237,108,129,0.6666666666666666,2.0789473684210527,0.9473684210526316,112,68,232,130,102,0.6071428571428571,2.0714285714285716,1.1607142857142858,0.059523809523809534,0.007518796992481036,-0.21334586466165417,27,2
2014_62,2014,Semi-finals,Netherlands,Argentina,0.0,0.0,draw,55,30,96,52,44,0.5454545454545454,1.7454545454545454,0.9454545454545454,88,47,152,101,51,0.5340909090909091,1.7272727272727273,1.1477272727272727,0.011363636363636354,0.018181818181818077,-0.20227272727272727,-7,-33
2014_63,2014,Match for third place,Brazil,Netherlands,0.0,3.0,team2_win,114,76,237,108,129,0.6666666666666666,2.0789473684210527,0.9473684210526316,55,30,96,52,44,0.5454545454545454,1.7454545454545454,0.9454545454545454,0.12121212121212122,0.3334928229665073,0.001913875598086201,85,59
2014_64,2014,Final,Germany,Argentina,1.0,0.0,team1_win,112,68,232,130,102,0.6071428571428571,2.0714285714285716,1.1607142857142858,88,47,152,101,51,0.5340909090909091,1.7272727272727273,1.1477272727272727,0.07305194805194803,0.3441558441558443,0.012987012987013102,51,24
2018_1,2018,Matchday 1,Russia,Saudi Arabia,5.0,0.0,team1_win,45,19,77,54,23,0.4222222222222222,1.711111111111111,1.2,19,4,14,44,-30,0.2105263157894736,0.7368421052631579,2.3157894736842106,0.21169590643274863,0.9742690058479532,-1.1157894736842107,53,26
2018_2,2018,Matchday 2,Egypt,Uruguay,0.0,1.0,team2_win,7,0,5,12,-7,0.0,0.7142857142857143,1.7142857142857142,59,25,89,76,13,0.423728813559322,1.5084745762711864,1.2881355932203389,-0.423728813559322,-0.7941888619854721,0.4261501210653753,-20,-52
2018_3,2018,Matchday 6,Russia,Egypt,3.0,1.0,team1_win,45,19,77,54,23,0.4222222222222222,1.711111111111111,1.2,7,0,5,12,-7,0.0,0.7142857142857143,1.7142857142857142,0.4222222222222222,0.9968253968253967,-0.5142857142857142,30,38
2018_4,2018,Matchday 7,Uruguay,Saudi Arabia,1.0,0.0,team1_win,59,25,89,76,13,0.423728813559322,1.5084745762711864,1.2881355932203389,19,4,14,44,-30,0.2105263157894736,0.7368421052631579,2.3157894736842106,0.21320249776984843,0.7716324710080286,-1.0276538804638717,43,40
2018_5,2018,Matchday 12,Uruguay,Russia,3.0,0.0,team1_win,59,25,89,76,13,0.423728813559322,1.5084745762711864,1.2881355932203389,45,19,77,54,23,0.4222222222222222,1.711111111111111,1.2,0.001506591337099794,-0.2026365348399246,0.08813559322033893,-10,14
2018_6,2018,Matchday 12,Saudi Arabia,Egypt,2.0,1.0,team1_win,19,4,14,44,-30,0.2105263157894736,0.7368421052631579,2.3157894736842106,7,0,5,12,-7,0.0,0.7142857142857143,1.7142857142857142,0.2105263157894736,0.022556390977443552,0.6015037593984964,-23,12
2018_7,2018,Matchday 2,Morocco,Iran,0.0,1.0,team2_win,23,5,20,27,-7,0.217391304347826,0.8695652173913043,1.173913043478261,18,3,13,31,-18,0.1666666666666666,0.7222222222222222,1.7222222222222223,0.050724637681159396,0.1473429951690821,-0.5483091787439613,11,5
2018_8,2018,Matchday 2,Portugal,Spain,3.0,3.0,draw,35,17,61,41,20,0.4857142857142857,1.7428571428571429,1.1714285714285717,67,31,108,75,33,0.4626865671641791,1.611940298507463,1.1194029850746268,0.023027718550106602,0.13091684434967998,0.05202558635394494,-13,-32
2018_9,2018,Matchday 7,Portugal,Morocco,1.0,0.0,team1_win,35,17,61,41,20,0.4857142857142857,1.7428571428571429,1.1714285714285717,23,5,20,27,-7,0.217391304347826,0.8695652173913043,1.173913043478261,0.2683229813664597,0.8732919254658386,-0.002484472049689268,27,12
2018_10,2018,Matchday 7,Iran,Spain,0.0,1.0,team2_win,18,3,13,31,-18,0.1666666666666666,0.7222222222222222,1.7222222222222223,67,31,108,75,33,0.4626865671641791,1.611940298507463,1.1194029850746268,-0.2960199004975125,-0.8897180762852407,0.6028192371475956,-51,-49
2018_11,2018,Matchday 12,Iran,Portugal,1.0,1.0,draw,18,3,13,31,-18,0.1666666666666666,0.7222222222222222,1.7222222222222223,35,17,61,41,20,0.4857142857142857,1.7428571428571429,1.1714285714285717,-0.31904761904761914,-1.0206349206349206,0.5507936507936506,-38,-17
2018_12,2018,Matchday 12,Spain,Morocco,2.0,2.0,draw,67,31,108,75,33,0.4626865671641791,1.611940298507463,1.1194029850746268,23,5,20,27,-7,0.217391304347826,0.8695652173913043,1.173913043478261,0.2452952628163531,0.7423750811161586,-0.05451005840363421,40,44
2018_13,2018,Matchday 3,France,Australia,2.0,1.0,team1_win,73,39,136,85,51,0.5342465753424658,1.8630136986301369,1.1643835616438356,20,4,17,37,-20,0.2,0.85,1.85,0.33424657534246577,1.0130136986301368,-0.6856164383561645,71,53
2018_14,2018,Matchday 3,Peru,Denmark,0.0,1.0,team2_win,18,5,21,33,-12,0.2777777777777778,1.1666666666666667,1.8333333333333333,23,9,31,29,2,0.391304347826087,1.3478260869565215,1.2608695652173914,-0.11352657004830918,-0.18115942028985477,0.5724637681159419,-14,-5
2018_15,2018,Matchday 8,Denmark,Australia,1.0,1.0,draw,23,9,31,29,2,0.391304347826087,1.3478260869565215,1.2608695652173914,20,4,17,37,-20,0.2,0.85,1.85,0.19130434782608696,0.49782608695652153,-0.5891304347826087,22,3
2018_16,2018,Matchday 8,France,Peru,1.0,0.0,team1_win,73,39,136,85,51,0.5342465753424658,1.8630136986301369,1.1643835616438356,18,5,21,33,-12,0.2777777777777778,1.1666666666666667,1.8333333333333333,0.256468797564688,0.6963470319634701,-0.6689497716894977,63,55
2018_17,2018,Matchday 13,Denmark,France,0.0,0.0,draw,23,9,31,29,2,0.391304347826087,1.3478260869565215,1.2608695652173914,73,39,136,85,51,0.5342465753424658,1.8630136986301369,1.1643835616438356,-0.1429422275163788,-0.5151876116736154,0.09648600357355575,-49,-50
2018_18,2018,Matchday 13,Australia,Peru,0.0,2.0,team2_win,20,4,17,37,-20,0.2,0.85,1.85,18,5,21,33,-12,0.2777777777777778,1.1666666666666667,1.8333333333333333,-0.07777777777777778,-0.31666666666666676,0.01666666666666683,-8,2
2018_19,2018,Matchday 3,Argentina,Iceland,1.0,1.0,draw,88,47,152,101,51,0.5340909090909091,1.7272727272727273,1.1477272727272727,3,0,2,5,-3,0.0,0.6666666666666666,1.6666666666666667,0.5340909090909091,1.0606060606060606,-0.518939393939394,54,85
2018_20,2018,Matchday 3,Croatia,Nigeria,2.0,0.0,team1_win,30,13,43,33,10,0.4333333333333333,1.4333333333333331,1.1,21,6,23,30,-7,0.2857142857142857,1.0952380952380951,1.4285714285714286,0.1476190476190476,0.338095238095238,-0.3285714285714285,17,9
2018_21,2018,Matchday 8,Argentina,Croatia,0.0,3.0,team2_win,88,47,152,101,51,0.5340909090909091,1.7272727272727273,1.1477272727272727,30,13,43,33,10,0.4333333333333333,1.4333333333333331,1.1,0.10075757575757577,0.29393939393939417,0.04772727272727262,41,58
2018_22,2018,Matchday 9,Nigeria,Iceland,2.0,0.0,team1_win,21,6,23,30,-7,0.2857142857142857,1.0952380952380951,1.4285714285714286,3,0,2,5,-3,0.0,0.6666666666666666,1.6666666666666667,0.2857142857142857,0.4285714285714285,-0.23809523809523814,-4,18
2018_23,2018,Matchday 13,Nigeria,Argentina,1.0,2.0,team2_win,21,6,23,30,-7,0.2857142857142857,1.0952380952380951,1.4285714285714286,88,47,152,101,51,0.5340909090909091,1.7272727272727273,1.1477272727272727,-0.24837662337662336,-0.6320346320346322,0.2808441558441559,-58,-67
2018_24,2018,Matchday 13,Iceland,Croatia,1.0,2.0,team2_win,3,0,2,5,-3,0.0,0.6666666666666666,1.6666666666666667,30,13,43,33,10,0.4333333333333333,1.4333333333333331,1.1,-0.4333333333333333,-0.7666666666666665,0.5666666666666667,-13,-27
2018_25,2018,Matchday 4,Costa Rica,Serbia,0.0,1.0,team2_win,21,6,22,39,-17,0.2857142857142857,1.0476190476190477,1.8571428571428572,46,18,69,61,8,0.391304347826087,1.5,1.326086956521739,-0.10559006211180127,-0.45238095238095233,0.5310559006211182,-25,-25
2018_26,2018,Matchday 4,Brazil,Switzerland,1.0,1.0,draw,114,76,237,108,129,0.6666666666666666,2.0789473684210527,0.9473684210526316,41,14,55,73,-18,0.3414634146341463,1.3414634146341464,1.7804878048780488,0.3252032520325203,0.7374839537869062,-0.8331193838254172,147,73
2018_27,2018,Matchday 9,Brazil,Costa Rica,2.0,0.0,team1_win,114,76,237,108,129,0.6666666666666666,2.0789473684210527,0.9473684210526316,21,6,22,39,-17,0.2857142857142857,1.0476190476190477,1.8571428571428572,0.38095238095238093,1.031328320802005,-0.9097744360902256,146,93
2018_28,2018,Matchday 9,Serbia,Switzerland,1.0,2.0,team2_win,46,18,69,61,8,0.391304347826087,1.5,1.326086956521739,41,14,55,73,-18,0.3414634146341463,1.3414634146341464,1.7804878048780488,0.04984093319194066,0.15853658536585358,-0.4544008483563098,26,5
2018_29,2018,Matchday 14,Serbia,Brazil,0.0,2.0,team2_win,46,18,69,61,8,0.391304347826087,1.5,1.326086956521739,114,76,237,108,129,0.6666666666666666,2.0789473684210527,0.9473684210526316,-0.27536231884057966,-0.5789473684210527,0.3787185354691074,-121,-68
2018_30,2018,Matchday 14,Switzerland,Costa Rica,2.0,2.0,draw,41,14,55,73,-18,0.3414634146341463,1.3414634146341464,1.7804878048780488,21,6,22,39,-17,0.2857142857142857,1.0476190476190477,1.8571428571428572,0.05574912891986061,0.29384436701509875,-0.0766550522648084,-1,20
2018_31,2018,Matchday 4,Germany,Mexico,0.0,1.0,team2_win,112,68,232,130,102,0.6071428571428571,2.0714285714285716,1.1607142857142858,60,17,62,101,-39,0.2833333333333333,1.0333333333333334,1.6833333333333331,0.32380952380952377,1.0380952380952382,-0.5226190476190473,141,52
2018_32,2018,Matchday 5,Sweden,South Korea,1.0,0.0,team1_win,51,19,80,73,7,0.3725490196078431,1.568627450980392,1.431372549019608,38,7,39,78,-39,0.1842105263157894,1.0263157894736843,2.0526315789473686,0.18833849329205368,0.5423116615067076,-0.6212590299277605,46,13
2018_33,2018,Matchday 10,South Korea,Mexico,1.0,2.0,team2_win,38,7,39,78,-39,0.1842105263157894,1.0263157894736843,2.0526315789473686,60,17,62,101,-39,0.2833333333333333,1.0333333333333334,1.6833333333333331,-0.09912280701754392,-0.007017543859649145,0.36929824561403546,0,-22
2018_34,2018,Matchday 10,Germany,Sweden,2.0,1.0,team1_win,112,68,232,130,102,0.6071428571428571,2.0714285714285716,1.1607142857142858,51,19,80,73,7,0.3725490196078431,1.568627450980392,1.431372549019608,0.234593837535014,0.5028011204481797,-0.2706582633053223,95,61
2018_35,2018,Matchday 14,South Korea,Germany,2.0,0.0,team1_win,38,7,39,78,-39,0.1842105263157894,1.0263157894736843,2.0526315789473686,112,68,232,130,102,0.6071428571428571,2.0714285714285716,1.1607142857142858,-0.4229323308270677,-1.0451127819548873,0.8919172932330828,-141,-74
2018_36,2018,Matchday 14,Mexico,Sweden,0.0,3.0,team2_win,60,17,62,101,-39,0.2833333333333333,1.0333333333333334,1.6833333333333331,51,19,80,73,7,0.3725490196078431,1.568627450980392,1.431372549019608,-0.08921568627450976,-0.5352941176470585,0.25196078431372504,-46,9
2018_37,2018,Matchday 5,Belgium,Panama,3.0,0.0,team1_win,51,21,69,74,-5,0.4117647058823529,1.3529411764705883,1.4509803921568627,3,0,2,11,-9,0.0,0.6666666666666666,3.6666666666666665,0.4117647058823529,0.6862745098039217,-2.215686274509804,4,48
2018_38,2018,Matchday 5,Tunisia,England,1.0,2.0,team2_win,18,3,14,26,-12,0.1666666666666666,0.7777777777777778,1.4444444444444444,74,32,104,68,36,0.4324324324324324,1.4054054054054057,0.918918918918919,-0.2657657657657658,-0.6276276276276279,0.5255255255255254,-48,-56
2018_39,2018,Matchday 10,Belgium,Tunisia,5.0,2.0,team1_win,51,21,69,74,-5,0.4117647058823529,1.3529411764705883,1.4509803921568627,18,3,14,26,-12,0.1666666666666666,0.7777777777777778,1.4444444444444444,0.24509803921568632,0.5751633986928105,0.006535947712418277,7,33
2018_40,2018,Matchday 11,England,Panama,6.0,1.0,team1_win,74,32,104,68,36,0.4324324324324324,1.4054054054054057,0.918918918918919,3,0,2,11,-9,0.0,0.6666666666666666,3.6666666666666665,0.4324324324324324,0.7387387387387391,-2.7477477477477477,45,71
2018_41,2018,Matchday 15,England,Belgium,0.0,1.0,team2_win,74,32,104,68,36,0.4324324324324324,1.4054054054054057,0.918918918918919,51,21,69,74,-5,0.4117647058823529,1.3529411764705883,1.4509803921568627,0.02066772655007948,0.05246422893481739,-0.5320614732379437,41,23
2018_42,2018,Matchday 15,Panama,Tunisia,1.0,2.0,team2_win,3,0,2,11,-9,0.0,0.6666666666666666,3.6666666666666665,18,3,14,26,-12,0.1666666666666666,0.7777777777777778,1.4444444444444444,-0.1666666666666666,-0.11111111111111116,2.2222222222222223,3,-15
2018_43,2018,Matchday 6,Colombia,Japan,1.0,2.0,team2_win,22,9,32,30,2,0.4090909090909091,1.4545454545454546,1.3636363636363635,25,7,25,33,-8,0.28,1.0,1.32,0.1290909090909091,0.4545454545454546,0.04363636363636347,10,-3
2018_44,2018,Matchday 6,Poland,Senegal,1.0,2.0,team2_win,38,17,49,50,-1,0.4473684210526316,1.2894736842105263,1.3157894736842106,12,5,16,17,-1,0.4166666666666667,1.3333333333333333,1.4166666666666667,0.030701754385964897,-0.04385964912280693,-0.10087719298245612,0,26
2018_45,2018,Matchday 11,Japan,Senegal,2.0,2.0,draw,25,7,25,33,-8,0.28,1.0,1.32,12,5,16,17,-1,0.4166666666666667,1.3333333333333333,1.4166666666666667,-0.13666666666666666,-0.33333333333333326,-0.09666666666666668,-7,13
2018_46,2018,Matchday 11,Poland,Colombia,0.0,3.0,team2_win,38,17,49,50,-1,0.4473684210526316,1.2894736842105263,1.3157894736842106,22,9,32,30,2,0.4090909090909091,1.4545454545454546,1.3636363636363635,0.038277511961722466,-0.16507177033492826,-0.047846889952152916,-3,16
2018_47,2018,Matchday 15,Japan,Poland,0.0,1.0,team2_win,25,7,25,33,-8,0.28,1.0,1.32,38,17,49,50,-1,0.4473684210526316,1.2894736842105263,1.3157894736842106,-0.16736842105263156,-0.2894736842105263,0.004210526315789442,-7,-13
2018_48,2018,Matchday 15,Senegal,Colombia,0.0,1.0,team2_win,12,5,16,17,-1,0.4166666666666667,1.3333333333333333,1.4166666666666667,22,9,32,30,2,0.4090909090909091,1.4545454545454546,1.3636363636363635,0.007575757575757569,-0.12121212121212133,0.053030303030303205,-3,-10
2018_49,2018,Round of 16,France,Argentina,4.0,3.0,team1_win,73,39,136,85,51,0.5342465753424658,1.8630136986301369,1.1643835616438356,88,47,152,101,51,0.5340909090909091,1.7272727272727273,1.1477272727272727,0.00015566625155671865,0.1357409713574096,0.0166562889165629,0,-15
2018_50,2018,Round of 16,Uruguay,Portugal,2.0,1.0,team1_win,59,25,89,76,13,0.423728813559322,1.5084745762711864,1.2881355932203389,35,17,61,41,20,0.4857142857142857,1.7428571428571429,1.1714285714285717,-0.061985472154963694,-0.23438256658595646,0.11670702179176717,-7,24
2018_51,2018,Round of 16,Spain,Russia,1.0,1.0,draw,67,31,108,75,33,0.4626865671641791,1.611940298507463,1.1194029850746268,45,19,77,54,23,0.4222222222222222,1.711111111111111,1.2,0.04046434494195689,-0.09917081260364813,-0.08059701492537319,10,22
2018_52,2018,Round of 16,Croatia,Denmark,1.0,1.0,draw,30,13,43,33,10,0.4333333333333333,1.4333333333333331,1.1,23,9,31,29,2,0.391304347826087,1.3478260869565215,1.2608695652173914,0.04202898550724632,0.08550724637681162,-0.16086956521739126,8,7
2018_53,2018,Round of 16,Brazil,Mexico,2.0,0.0,team1_win,114,76,237,108,129,0.6666666666666666,2.0789473684210527,0.9473684210526316,60,17,62,101,-39,0.2833333333333333,1.0333333333333334,1.6833333333333331,0.3833333333333333,1.0456140350877192,-0.7359649122807015,168,54
2018_54,2018,Round of 16,Belgium,Japan,3.0,2.0,team1_win,51,21,69,74,-5,0.4117647058823529,1.3529411764705883,1.4509803921568627,25,7,25,33,-8,0.28,1.0,1.32,0.1317647058823529,0.3529411764705883,0.13098039215686264,3,26
2018_55,2018,Round of 16,Sweden,Switzerland,1.0,0.0,team1_win,51,19,80,73,7,0.3725490196078431,1.568627450980392,1.431372549019608,41,14,55,73,-18,0.3414634146341463,1.3414634146341464,1.7804878048780488,0.03108560497369678,0.2271640363462455,-0.3491152558584407,25,10
2018_56,2018,Round of 16,Colombia,England,1.0,1.0,draw,22,9,32,30,2,0.4090909090909091,1.4545454545454546,1.3636363636363635,74,32,104,68,36,0.4324324324324324,1.4054054054054057,0.918918918918919,-0.023341523341523285,0.04914004914004888,0.44471744471744457,-34,-52
2018_57,2018,Quarter-finals,Uruguay,France,0.0,2.0,team2_win,59,25,89,76,13,0.423728813559322,1.5084745762711864,1.2881355932203389,73,39,136,85,51,0.5342465753424658,1.8630136986301369,1.1643835616438356,-0.11051776178314376,-0.35453912235895046,0.12375203157650327,-38,-14
2018_58,2018,Quarter-finals,Brazil,Belgium,1.0,2.0,team2_win,114,76,237,108,129,0.6666666666666666,2.0789473684210527,0.9473684210526316,51,21,69,74,-5,0.4117647058823529,1.3529411764705883,1.4509803921568627,0.2549019607843137,0.7260061919504643,-0.5036119711042311,134,63
2018_59,2018,Quarter-finals,Sweden,England,0.0,2.0,team2_win,51,19,80,73,7,0.3725490196078431,1.568627450980392,1.431372549019608,74,32,104,68,36,0.4324324324324324,1.4054054054054057,0.918918918918919,-0.05988341282458931,0.1632220455749862,0.5124536301006891,-29,-23
2018_60,2018,Quarter-finals,Russia,Croatia,2.0,2.0,draw,45,19,77,54,23,0.4222222222222222,1.711111111111111,1.2,30,13,43,33,10,0.4333333333333333,1.4333333333333331,1.1,-0.011111111111111072,0.2777777777777779,0.09999999999999987,13,15
2018_61,2018,Semi-finals,France,Belgium,1.0,0.0,team1_win,73,39,136,85,51,0.5342465753424658,1.8630136986301369,1.1643835616438356,51,21,69,74,-5,0.4117647058823529,1.3529411764705883,1.4509803921568627,0.12248186946011286,0.5100725221595486,-0.2865968305130271,56,22
2018_62,2018,Semi-finals,Croatia,England,2.0,1.0,team1_win,30,13,43,33,10,0.4333333333333333,1.4333333333333331,1.1,74,32,104,68,36,0.4324324324324324,1.4054054054054057,0.918918918918919,0.0009009009009008917,0.02792792792792742,0.18108108108108112,-26,-44
2018_63,2018,Match for third place,Belgium,England,2.0,0.0,team1_win,51,21,69,74,-5,0.4117647058823529,1.3529411764705883,1.4509803921568627,74,32,104,68,36,0.4324324324324324,1.4054054054054057,0.918918918918919,-0.02066772655007948,-0.05246422893481739,0.5320614732379437,-41,-23
2018_64,2018,Final,France,Croatia,4.0,2.0,team1_win,73,39,136,85,51,0.5342465753424658,1.8630136986301369,1.1643835616438356,30,13,43,33,10,0.4333333333333333,1.4333333333333331,1.1,0.10091324200913249,0.42968036529680376,0.06438356164383552,41,43
2022_1,2022,Matchday 1,Qatar,Ecuador,0.0,2.0,team2_win,3,0,1,7,-6,0.0,0.3333333333333333,2.3333333333333335,13,5,14,14,0,0.3846153846153846,1.0769230769230769,1.0769230769230769,-0.3846153846153846,-0.7435897435897436,1.2564102564102566,-6,-10
2022_2,2022,Matchday 2,Senegal,Netherlands,0.0,2.0,team2_win,12,5,16,17,-1,0.4166666666666667,1.3333333333333333,1.4166666666666667,55,30,96,52,44,0.5454545454545454,1.7454545454545454,0.9454545454545454,-0.12878787878787873,-0.4121212121212121,0.4712121212121213,-45,-43
2022_3,2022,Matchday 6,Qatar,Senegal,1.0,3.0,team2_win,3,0,1,7,-6,0.0,0.3333333333333333,2.3333333333333335,12,5,16,17,-1,0.4166666666666667,1.3333333333333333,1.4166666666666667,-0.4166666666666667,-1.0,0.9166666666666667,-5,-9
2022_4,2022,Matchday 6,Netherlands,Ecuador,1.0,1.0,draw,55,30,96,52,44,0.5454545454545454,1.7454545454545454,0.9454545454545454,13,5,14,14,0,0.3846153846153846,1.0769230769230769,1.0769230769230769,0.16083916083916083,0.6685314685314685,-0.13146853146853144,44,42
2022_5,2022,Matchday 10,Ecuador,Senegal,1.0,2.0,team2_win,13,5,14,14,0,0.3846153846153846,1.0769230769230769,1.0769230769230769,12,5,16,17,-1,0.4166666666666667,1.3333333333333333,1.4166666666666667,-0.032051282051282104,-0.2564102564102564,-0.33974358974358987,1,1
2022_6,2022,Matchday 10,Netherlands,Qatar,2.0,0.0,team1_win,55,30,96,52,44,0.5454545454545454,1.7454545454545454,0.9454545454545454,3,0,1,7,-6,0.0,0.3333333333333333,2.3333333333333335,0.5454545454545454,1.412121212121212,-1.3878787878787882,50,52
2022_7,2022,Matchday 2,England,Iran,6.0,2.0,team1_win,74,32,104,68,36,0.4324324324324324,1.4054054054054057,0.918918918918919,18,3,13,31,-18,0.1666666666666666,0.7222222222222222,1.7222222222222223,0.2657657657657658,0.6831831831831835,-0.8033033033033034,54,56
2022_8,2022,Matchday 2,USA,Wales,1.0,1.0,draw,27,6,26,37,-11,0.2222222222222222,0.9629629629629628,1.3703703703703705,8,1,5,10,-5,0.125,0.625,1.25,0.09722222222222221,0.3379629629629628,0.12037037037037046,-6,19
2022_9,2022,Matchday 6,Wales,Iran,0.0,2.0,team2_win,8,1,5,10,-5,0.125,0.625,1.25,18,3,13,31,-18,0.1666666666666666,0.7222222222222222,1.7222222222222223,-0.0416666666666666,-0.09722222222222221,-0.4722222222222223,13,-10
2022_10,2022,Matchday 6,England,USA,0.0,0.0,draw,74,32,104,68,36,0.4324324324324324,1.4054054054054057,0.918918918918919,27,6,26,37,-11,0.2222222222222222,0.9629629629629628,1.3703703703703705,0.2102102102102102,0.4424424424424429,-0.4514514514514515,47,47
2022_11,2022,Matchday 10,Wales,England,0.0,3.0,team2_win,8,1,5,10,-5,0.125,0.625,1.25,74,32,104,68,36,0.4324324324324324,1.4054054054054057,0.918918918918919,-0.3074324324324324,-0.7804054054054057,0.33108108108108103,-41,-66
2022_12,2022,Matchday 10,Iran,USA,0.0,1.0,team2_win,18,3,13,31,-18,0.1666666666666666,0.7222222222222222,1.7222222222222223,27,6,26,37,-11,0.2222222222222222,0.9629629629629628,1.3703703703703705,-0.05555555555555561,-0.2407407407407406,0.35185185185185186,-7,-9
2022_13,2022,Matchday 3,Argentina,Saudi Arabia,1.0,2.0,team2_win,88,47,152,101,51,0.5340909090909091,1.7272727272727273,1.1477272727272727,19,4,14,44,-30,0.2105263157894736,0.7368421052631579,2.3157894736842106,0.3235645933014355,0.9904306220095694,-1.168062200956938,81,69
2022_14,2022,Matchday 3,Mexico,Poland,0.0,0.0,draw,60,17,62,101,-39,0.2833333333333333,1.0333333333333334,1.6833333333333331,38,17,49,50,-1,0.4473684210526316,1.2894736842105263,1.3157894736842106,-0.16403508771929826,-0.2561403508771929,0.3675438596491225,-38,22
2022_15,2022,Matchday 7,Poland,Saudi Arabia,2.0,0.0,team1_win,38,17,49,50,-1,0.4473684210526316,1.2894736842105263,1.3157894736842106,19,4,14,44,-30,0.2105263157894736,0.7368421052631579,2.3157894736842106,0.236842105263158,0.5526315789473685,-1.0,29,19
2022_16,2022,Matchday 7,Argentina,Mexico,2.0,0.0,team1_win,88,47,152,101,51,0.5340909090909091,1.7272727272727273,1.1477272727272727,60,17,62,101,-39,0.2833333333333333,1.0333333333333334,1.6833333333333331,0.25075757575757573,0.6939393939393939,-0.5356060606060604,90,28
2022_17,2022,Matchday 11,Poland,Argentina,0.0,2.0,team2_win,38,17,49,50,-1,0.4473684210526316,1.2894736842105263,1.3157894736842106,88,47,152,101,51,0.5340909090909091,1.7272727272727273,1.1477272727272727,-0.08672248803827748,-0.43779904306220097,0.1680622009569379,-52,-50
2022_18,2022,Matchday 11,Saudi Arabia,Mexico,1.0,2.0,team2_win,19,4,14,44,-30,0.2105263157894736,0.7368421052631579,2.3157894736842106,60,17,62,101,-39,0.2833333333333333,1.0333333333333334,1.6833333333333331,-0.07280701754385974,-0.2964912280701756,0.6324561403508775,9,-41
2022_19,2022,Matchday 3,Denmark,Tunisia,0.0,0.0,draw,23,9,31,29,2,0.391304347826087,1.3478260869565215,1.2608695652173914,18,3,14,26,-12,0.1666666666666666,0.7777777777777778,1.4444444444444444,0.22463768115942037,0.5700483091787437,-0.18357487922705307,14,5
2022_20,2022,Matchday 3,France,Australia,4.0,1.0,team1_win,73,39,136,85,51,0.5342465753424658,1.8630136986301369,1.1643835616438356,20,4,17,37,-20,0.2,0.85,1.85,0.33424657534246577,1.0130136986301368,-0.6856164383561645,71,53
2022_21,2022,Matchday 7,Tunisia,Australia,0.0,1.0,team2_win,18,3,14,26,-12,0.1666666666666666,0.7777777777777778,1.4444444444444444,20,4,17,37,-20,0.2,0.85,1.85,-0.03333333333333341,-0.07222222222222219,-0.40555555555555567,8,-2
2022_22,2022,Matchday 7,France,Denmark,2.0,1.0,team1_win,73,39,136,85,51,0.5342465753424658,1.8630136986301369,1.1643835616438356,23,9,31,29,2,0.391304347826087,1.3478260869565215,1.2608695652173914,0.1429422275163788,0.5151876116736154,-0.09648600357355575,49,50
2022_23,2022,Matchday 11,Australia,Denmark,1.0,0.0,team1_win,20,4,17,37,-20,0.2,0.85,1.85,23,9,31,29,2,0.391304347826087,1.3478260869565215,1.2608695652173914,-0.19130434782608696,-0.49782608695652153,0.5891304347826087,-22,-3
2022_24,2022,Matchday 11,Tunisia,France,1.0,0.0,team1_win,18,3,14,26,-12,0.1666666666666666,0.7777777777777778,1.4444444444444444,73,39,136,85,51,0.5342465753424658,1.8630136986301369,1.1643835616438356,-0.36757990867579915,-1.0852359208523592,0.2800608828006088,-63,-55
2022_25,2022,Matchday 4,Germany,Japan,1.0,2.0,team2_win,112,68,232,130,102,0.6071428571428571,2.0714285714285716,1.1607142857142858,25,7,25,33,-8,0.28,1.0,1.32,0.32714285714285707,1.0714285714285716,-0.15928571428571425,110,87
2022_26,2022,Matchday 4,Spain,Costa Rica,7.0,0.0,team1_win,67,31,108,75,33,0.4626865671641791,1.611940298507463,1.1194029850746268,21,6,22,39,-17,0.2857142857142857,1.0476190476190477,1.8571428571428572,0.1769722814498934,0.5643212508884152,-0.7377398720682304,50,46
2022_27,2022,Matchday 8,Japan,Costa Rica,0.0,1.0,team2_win,25,7,25,33,-8,0.28,1.0,1.32,21,6,22,39,-17,0.2857142857142857,1.0476190476190477,1.8571428571428572,-0.005714285714285672,-0.04761904761904767,-0.5371428571428571,9,4
2022_28,2022,Matchday 8,Spain,Germany,1.0,1.0,draw,67,31,108,75,33,0.4626865671641791,1.611940298507463,1.1194029850746268,112,68,232,130,102,0.6071428571428571,2.0714285714285716,1.1607142857142858,-0.144456289978678,-0.4594882729211087,-0.04131130063965904,-69,-45
2022_29,2022,Matchday 12,Japan,Spain,2.0,1.0,team1_win,25,7,25,33,-8,0.28,1.0,1.32,67,31,108,75,33,0.4626865671641791,1.611940298507463,1.1194029850746268,-0.18268656716417908,-0.6119402985074629,0.2005970149253733,-41,-42
2022_30,2022,Matchday 12,Costa Rica,Germany,2.0,4.0,team2_win,21,6,22,39,-17,0.2857142857142857,1.0476190476190477,1.8571428571428572,112,68,232,130,102,0.6071428571428571,2.0714285714285716,1.1607142857142858,-0.3214285714285714,-1.023809523809524,0.6964285714285714,-119,-91
2022_31,2022,Matchday 4,Morocco,Croatia,0.0,0.0,draw,23,5,20,27,-7,0.217391304347826,0.8695652173913043,1.173913043478261,30,13,43,33,10,0.4333333333333333,1.4333333333333331,1.1,-0.2159420289855073,-0.5637681159420288,0.07391304347826089,-17,-7
2022_32,2022,Matchday 4,Belgium,Canada,1.0,0.0,team1_win,51,21,69,74,-5,0.4117647058823529,1.3529411764705883,1.4509803921568627,6,0,2,12,-10,0.0,0.3333333333333333,2.0,0.4117647058823529,1.019607843137255,-0.5490196078431373,5,45
2022_33,2022,Matchday 8,Belgium,Morocco,0.0,2.0,team2_win,51,21,69,74,-5,0.4117647058823529,1.3529411764705883,1.4509803921568627,23,5,20,27,-7,0.217391304347826,0.8695652173913043,1.173913043478261,0.19437340153452692,0.483375959079284,0.2770673486786017,2,28
2022_34,2022,Matchday 8,Croatia,Canada,4.0,1.0,team1_win,30,13,43,33,10,0.4333333333333333,1.4333333333333331,1.1,6,0,2,12,-10,0.0,0.3333333333333333,2.0,0.4333333333333333,1.0999999999999999,-0.8999999999999999,20,24
2022_35,2022,Matchday 12,Croatia,Belgium,0.0,0.0,draw,30,13,43,33,10,0.4333333333333333,1.4333333333333331,1.1,51,21,69,74,-5,0.4117647058823529,1.3529411764705883,1.4509803921568627,0.02156862745098037,0.08039215686274481,-0.3509803921568626,15,-21
2022_36,2022,Matchday 12,Canada,Morocco,1.0,2.0,team2_win,6,0,2,12,-10,0.0,0.3333333333333333,2.0,23,5,20,27,-7,0.217391304347826,0.8695652173913043,1.173913043478261,-0.217391304347826,-0.536231884057971,0.826086956521739,-3,-17
2022_37,2022,Matchday 5,Switzerland,Cameroon,1.0,0.0,team1_win,41,14,55,73,-18,0.3414634146341463,1.3414634146341464,1.7804878048780488,26,5,22,47,-25,0.1923076923076923,0.8461538461538461,1.8076923076923077,0.14915572232645402,0.4953095684803003,-0.027204502814258902,7,15
2022_38,2022,Matchday 5,Brazil,Serbia,2.0,0.0,team1_win,114,76,237,108,129,0.6666666666666666,2.0789473684210527,0.9473684210526316,46,18,69,61,8,0.391304347826087,1.5,1.326086956521739,0.27536231884057966,0.5789473684210527,-0.3787185354691074,121,68
2022_39,2022,Matchday 9,Cameroon,Serbia,3.0,3.0,draw,26,5,22,47,-25,0.1923076923076923,0.8461538461538461,1.8076923076923077,46,18,69,61,8,0.391304347826087,1.5,1.326086956521739,-0.19899665551839468,-0.6538461538461539,0.4816053511705687,-33,-20
2022_40,2022,Matchday 9,Brazil,Switzerland,1.0,0.0,team1_win,114,76,237,108,129,0.6666666666666666,2.0789473684210527,0.9473684210526316,41,14,55,73,-18,0.3414634146341463,1.3414634146341464,1.7804878048780488,0.3252032520325203,0.7374839537869062,-0.8331193838254172,147,73
2022_41,2022,Matchday 13,Serbia,Switzerland,2.0,3.0,team2_win,46,18,69,61,8,0.391304347826087,1.5,1.326086956521739,41,14,55,73,-18,0.3414634146341463,1.3414634146341464,1.7804878048780488,0.04984093319194066,0.15853658536585358,-0.4544008483563098,26,5
2022_42,2022,Matchday 13,Cameroon,Brazil,1.0,0.0,team1_win,26,5,22,47,-25,0.1923076923076923,0.8461538461538461,1.8076923076923077,114,76,237,108,129,0.6666666666666666,2.0789473684210527,0.9473684210526316,-0.47435897435897434,-1.2327935222672064,0.8603238866396761,-154,-88
2022_43,2022,Matchday 5,Uruguay,South Korea,0.0,0.0,draw,59,25,89,76,13,0.423728813559322,1.5084745762711864,1.2881355932203389,38,7,39,78,-39,0.1842105263157894,1.0263157894736843,2.0526315789473686,0.2395182872435326,0.4821587867975021,-0.7644959857270297,52,21
2022_44,2022,Matchday 5,Portugal,Ghana,3.0,2.0,team1_win,35,17,61,41,20,0.4857142857142857,1.7428571428571429,1.1714285714285717,15,5,18,23,-5,0.3333333333333333,1.2,1.5333333333333334,0.1523809523809524,0.5428571428571429,-0.36190476190476173,25,20
2022_45,2022,Matchday 9,South Korea,Ghana,2.0,3.0,team2_win,38,7,39,78,-39,0.1842105263157894,1.0263157894736843,2.0526315789473686,15,5,18,23,-5,0.3333333333333333,1.2,1.5333333333333334,-0.1491228070175439,-0.17368421052631566,0.5192982456140351,-34,23
2022_46,2022,Matchday 9,Portugal,Uruguay,2.0,0.0,team1_win,35,17,61,41,20,0.4857142857142857,1.7428571428571429,1.1714285714285717,59,25,89,76,13,0.423728813559322,1.5084745762711864,1.2881355932203389,0.061985472154963694,0.23438256658595646,-0.11670702179176717,7,-24
2022_47,2022,Matchday 13,Ghana,Uruguay,0.0,2.0,team2_win,15,5,18,23,-5,0.3333333333333333,1.2,1.5333333333333334,59,25,89,76,13,0.423728813559322,1.5084745762711864,1.2881355932203389,-0.0903954802259887,-0.30847457627118646,0.24519774011299456,-18,-44
2022_48,2022,Matchday 13,South Korea,Portugal,2.0,1.0,team1_win,38,7,39,78,-39,0.1842105263157894,1.0263157894736843,2.0526315789473686,35,17,61,41,20,0.4857142857142857,1.7428571428571429,1.1714285714285717,-0.3015037593984963,-0.7165413533834586,0.8812030075187969,-59,3
2022_49,2022,Round of 16,Netherlands,USA,3.0,1.0,team1_win,55,30,96,52,44,0.5454545454545454,1.7454545454545454,0.9454545454545454,27,6,26,37,-11,0.2222222222222222,0.9629629629629628,1.3703703703703705,0.3232323232323232,0.7824915824915826,-0.424915824915825,55,28
2022_50,2022,Round of 16,Argentina,Australia,2.0,1.0,team1_win,88,47,152,101,51,0.5340909090909091,1.7272727272727273,1.1477272727272727,20,4,17,37,-20,0.2,0.85,1.85,0.33409090909090905,0.8772727272727273,-0.7022727272727274,71,68
2022_51,2022,Round of 16,France,Poland,3.0,1.0,team1_win,73,39,136,85,51,0.5342465753424658,1.8630136986301369,1.1643835616438356,38,17,49,50,-1,0.4473684210526316,1.2894736842105263,1.3157894736842106,0.0868781542898342,0.5735400144196106,-0.151405912040375,52,35
2022_52,2022,Round of 16,England,Senegal,3.0,0.0,team1_win,74,32,104,68,36,0.4324324324324324,1.4054054054054057,0.918918918918919,12,5,16,17,-1,0.4166666666666667,1.3333333333333333,1.4166666666666667,0.015765765765765716,0.07207207207207245,-0.49774774774774777,37,62
2022_53,2022,Round of 16,Japan,Croatia,1.0,1.0,draw,25,7,25,33,-8,0.28,1.0,1.32,30,13,43,33,10,0.4333333333333333,1.4333333333333331,1.1,-0.15333333333333327,-0.4333333333333331,0.21999999999999997,-18,-5
2022_54,2022,Round of 16,Brazil,South Korea,4.0,1.0,team1_win,114,76,237,108,129,0.6666666666666666,2.0789473684210527,0.9473684210526316,38,7,39,78,-39,0.1842105263157894,1.0263157894736843,2.0526315789473686,0.48245614035087725,1.0526315789473684,-1.105263157894737,168,76
2022_55,2022,Round of 16,Morocco,Spain,0.0,0.0,draw,23,5,20,27,-7,0.217391304347826,0.8695652173913043,1.173913043478261,67,31,108,75,33,0.4626865671641791,1.611940298507463,1.1194029850746268,-0.2452952628163531,-0.7423750811161586,0.05451005840363421,-40,-44
2022_56,2022,Round of 16,Portugal,Switzerland,6.0,1.0,team1_win,35,17,61,41,20,0.4857142857142857,1.7428571428571429,1.1714285714285717,41,14,55,73,-18,0.3414634146341463,1.3414634146341464,1.7804878048780488,0.1442508710801394,0.40139372822299646,-0.6090592334494771,38,-6
2022_57,2022,Quarter-finals,Croatia,Brazil,1.0,1.0,draw,30,13,43,33,10,0.4333333333333333,1.4333333333333331,1.1,114,76,237,108,129,0.6666666666666666,2.0789473684210527,0.9473684210526316,-0.23333333333333334,-0.6456140350877195,0.15263157894736845,-119,-84
2022_58,2022,Quarter-finals,Netherlands,Argentina,2.0,2.0,draw,55,30,96,52,44,0.5454545454545454,1.7454545454545454,0.9454545454545454,88,47,152,101,51,0.5340909090909091,1.7272727272727273,1.1477272727272727,0.011363636363636354,0.018181818181818077,-0.20227272727272727,-7,-33
2022_59,2022,Quarter-finals,Morocco,Portugal,1.0,0.0,team1_win,23,5,20,27,-7,0.217391304347826,0.8695652173913043,1.173913043478261,35,17,61,41,20,0.4857142857142857,1.7428571428571429,1.1714285714285717,-0.2683229813664597,-0.8732919254658386,0.002484472049689268,-27,-12
2022_60,2022,Quarter-finals,England,France,1.0,2.0,team2_win,74,32,104,68,36,0.4324324324324324,1.4054054054054057,0.918918918918919,73,39,136,85,51,0.5342465753424658,1.8630136986301369,1.1643835616438356,-0.10181414291003338,-0.4576082932247312,-0.24546464272491664,-15,1
2022_61,2022,Semi-finals,Argentina,Croatia,3.0,0.0,team1_win,88,47,152,101,51,0.5340909090909091,1.7272727272727273,1.1477272727272727,30,13,43,33,10,0.4333333333333333,1.4333333333333331,1.1,0.10075757575757577,0.29393939393939417,0.04772727272727262,41,58
2022_62,2022,Semi-finals,France,Morocco,2.0,0.0,team1_win,73,39,136,85,51,0.5342465753424658,1.8630136986301369,1.1643835616438356,23,5,20,27,-7,0.217391304347826,0.8695652173913043,1.173913043478261,0.3168552709946398,0.9934484812388326,-0.009529481834425368,58,50
2022_63,2022,Match for third place,Croatia,Morocco,2.0,1.0,team1_win,30,13,43,33,10,0.4333333333333333,1.4333333333333331,1.1,23,5,20,27,-7,0.217391304347826,0.8695652173913043,1.173913043478261,0.2159420289855073,0.5637681159420288,-0.07391304347826089,17,7
2022_64,2022,Final,Argentina,France,3.0,3.0,draw,88,47,152,101,51,0.5340909090909091,1.7272727272727273,1.1477272727272727,73,39,136,85,51,0.5342465753424658,1.8630136986301369,1.1643835616438356,-0.00015566625155671865,-0.1357409713574096,-0.0166562889165629,0,15
